"mmwr_week","week","week_start","week_end","season","pathogen","siteno","sitename","year","target_wkavg_concentration","conc_toplot","wkavg_val","wkavg_val_category","row_id"
"202528","28","07/06/2025","07/12/2025","2024-2025","SARS-CoV-2","10","Racine Ave PS","2025","25,650","10.40908736945","1.1","Minimal","202528-10-SARS-CoV-2"
"202442","42","10/13/2024","10/19/2024","2024-2025","Influenza A","9","North Branch PS","2024","0",,"0","Minimal","202442-9-Influenza A"
"202307","7","02/12/2023","02/18/2023","2022-2023","RSV","5","Chicago Lawn/Ashburn","2023",,,"0","Minimal","202307-5-RSV"
"202311","11","03/12/2023","03/18/2023","2022-2023","Influenza B","6","West Pullman/Roseland","2023","0",,"0","Minimal","202311-6-Influenza B"
"202329","29","07/16/2023","07/22/2023","2022-2023","Influenza A","10","Racine Ave PS","2023","0",,"0","Minimal","202329-10-Influenza A"
"202414","14","03/31/2024","04/06/2024","2023-2024","SARS-CoV-2","9","North Branch PS","2024","75,712.5","10.87916758667","1.6","Minimal","202414-9-SARS-CoV-2"
"202332","32","08/06/2023","08/12/2023","2022-2023","Influenza B","6","West Pullman/Roseland","2023","0",,"0","Minimal","202332-6-Influenza B"
"202334","34","08/20/2023","08/26/2023","2022-2023","SARS-CoV-2","8","Little Village","2023","278,475","11.44478621262","5.4","High","202334-8-SARS-CoV-2"
"202515","15","04/06/2025","04/12/2025","2024-2025","SARS-CoV-2","10","Racine Ave PS","2025","105,525","11.02335536083","3","Low","202515-10-SARS-CoV-2"
"202522","22","05/25/2025","05/31/2025","2024-2025","SARS-CoV-2","5","Chicago Lawn/Ashburn","2025","345,600","11.53857373381","6.6","High","202522-5-SARS-CoV-2"
"202225","25","06/19/2022","06/25/2022","2021-2022","Influenza A","6","West Pullman/Roseland","2022",,,"0","Minimal","202225-6-Influenza A"
"202446","46","11/10/2024","11/16/2024","2024-2025","Influenza A","11","125th St PS","2024","0",,"0","Minimal","202446-11-Influenza A"
"202245","45","11/06/2022","11/12/2022","2022-2023","Influenza B","4","Austin/Montclare","2022","0",,"0","Minimal","202245-4-Influenza B"
"202321","21","05/21/2023","05/27/2023","2022-2023","SARS-CoV-2","999","All sites","2023","114,498.214285714","11.05879871347","3.8","Moderate","202321-999-SARS-CoV-2"
"202603","3","01/18/2026","01/24/2026","2025-2026","SARS-CoV-2","5","Chicago Lawn/Ashburn","2026","152,601.85","11.18355979862","4","Moderate","202603-5-SARS-CoV-2"
"202336","36","09/03/2023","09/09/2023","2022-2023","Influenza B","11","125th St PS","2023","0",,"0","Minimal","202336-11-Influenza B"
"202428","28","07/07/2024","07/13/2024","2023-2024","RSV","5","Chicago Lawn/Ashburn","2024","0",,"0","Minimal","202428-5-RSV"
"202441","41","10/06/2024","10/12/2024","2024-2025","SARS-CoV-2","6","West Pullman/Roseland","2024","17,850","10.25163822045","1.7","Minimal","202441-6-SARS-CoV-2"
"202232","32","08/07/2022","08/13/2022","2021-2022","Influenza B","4","Austin/Montclare","2022",,,"0","Minimal","202232-4-Influenza B"
"202224","24","06/12/2022","06/18/2022","2021-2022","SARS-CoV-2","5","Chicago Lawn/Ashburn","2022","54,187.5","10.73389911482","1.9","Minimal","202224-5-SARS-CoV-2"
"202344","44","10/29/2023","11/04/2023","2023-2024","RSV","9","North Branch PS","2023","20,512.5","10.31201859406","3.3","Low","202344-9-RSV"
"202432","32","08/04/2024","08/10/2024","2023-2024","Influenza A","8","Little Village","2024","8,175","9.91248776133","2.9","Low","202432-8-Influenza A"
"202540","40","09/28/2025","10/04/2025","2025-2026","Influenza A","5","Chicago Lawn/Ashburn","2025","0",,"0","Minimal","202540-5-Influenza A"
"202348","48","11/26/2023","12/02/2023","2023-2024","Influenza B","10","Racine Ave PS","2023","0",,"0","Minimal","202348-10-Influenza B"
"202315","15","04/09/2023","04/15/2023","2022-2023","Influenza A","999","All sites","2023","2,475","9.39357520327","0","Minimal","202315-999-Influenza A"
"202528","28","07/06/2025","07/12/2025","2024-2025","RSV","4","Austin/Montclare","2025","1,987.5","9.29830713733","1","Minimal","202528-4-RSV"
"202451","51","12/15/2024","12/21/2024","2024-2025","SARS-CoV-2","5","Chicago Lawn/Ashburn","2024","390,862.5","11.59202400549","7.2","High","202451-5-SARS-CoV-2"
"202351","51","12/17/2023","12/23/2023","2023-2024","RSV","999","All sites","2023","109,933.928571429","11.04113174809","11","High","202351-999-RSV"
"202219","19","05/08/2022","05/14/2022","2021-2022","RSV","4","Austin/Montclare","2022",,,"0","Minimal","202219-4-RSV"
"202602","2","01/11/2026","01/17/2026","2025-2026","RSV","11","125th St PS","2026","4,229.86545681915","9.62632655359","1.1","Minimal","202602-11-RSV"
"202415","15","04/07/2024","04/13/2024","2023-2024","Influenza A","8","Little Village","2024","44,437.5","10.64774961807","6.2","Low","202415-8-Influenza A"
"202334","34","08/20/2023","08/26/2023","2022-2023","RSV","6","West Pullman/Roseland","2023","2,025","9.30642502755","1","Minimal","202334-6-RSV"
"202536","36","08/31/2025","09/06/2025","2024-2025","RSV","6","West Pullman/Roseland","2025","0",,"0","Minimal","202536-6-RSV"
"202542","42","10/12/2025","10/18/2025","2025-2026","SARS-CoV-2","6","West Pullman/Roseland","2025","0",,"0","Minimal","202542-6-SARS-CoV-2"
"202323","23","06/04/2023","06/10/2023","2022-2023","RSV","5","Chicago Lawn/Ashburn","2023","0",,"0","Minimal","202323-5-RSV"
"202319","19","05/07/2023","05/13/2023","2022-2023","Influenza B","11","125th St PS","2023","0",,"0","Minimal","202319-11-Influenza B"
"202515","15","04/06/2025","04/12/2025","2024-2025","Influenza A","10","Racine Ave PS","2025","21,900","10.34044411484","3.6","Low","202515-10-Influenza A"
"202414","14","03/31/2024","04/06/2024","2023-2024","SARS-CoV-2","8","Little Village","2024","108,675","11.03612964886","2.9","Low","202414-8-SARS-CoV-2"
"202228","28","07/10/2022","07/16/2022","2021-2022","SARS-CoV-2","4","Austin/Montclare","2022","385,275","11.58577082912","6.1","High","202228-4-SARS-CoV-2"
"202338","38","09/17/2023","09/23/2023","2022-2023","Influenza A","4","Austin/Montclare","2023","0",,"0","Minimal","202338-4-Influenza A"
"202413","13","03/24/2024","03/30/2024","2023-2024","RSV","6","West Pullman/Roseland","2024","0",,"0","Minimal","202413-6-RSV"
"202543","43","10/19/2025","10/25/2025","2025-2026","Influenza B","11","125th St PS","2025","0",,"0","Minimal","202543-11-Influenza B"
"202435","35","08/25/2024","08/31/2024","2023-2024","RSV","6","West Pullman/Roseland","2024","0",,"0","Minimal","202435-6-RSV"
"202515","15","04/06/2025","04/12/2025","2024-2025","Influenza A","6","West Pullman/Roseland","2025","4,087.5","9.61145776567","2.2","Minimal","202515-6-Influenza A"
"202541","41","10/05/2025","10/11/2025","2025-2026","Influenza B","10","Racine Ave PS","2025","0",,"0","Minimal","202541-10-Influenza B"
"202409","9","02/25/2024","03/02/2024","2023-2024","Influenza A","9","North Branch PS","2024","17,850","10.25163822045","3.2","Low","202409-9-Influenza A"
"202517","17","04/20/2025","04/26/2025","2024-2025","SARS-CoV-2","6","West Pullman/Roseland","2025","103,200","11.01367969729","5.5","High","202517-6-SARS-CoV-2"
"202503","3","01/12/2025","01/18/2025","2024-2025","RSV","5","Chicago Lawn/Ashburn","2025","62,737.5","10.79752720869","7.1","Moderate","202503-5-RSV"
"202546","46","11/09/2025","11/15/2025","2025-2026","Influenza B","10","Racine Ave PS","2025","0",,"0","Minimal","202546-10-Influenza B"
"202433","33","08/11/2024","08/17/2024","2023-2024","Influenza A","11","125th St PS","2024","0",,"0","Minimal","202433-11-Influenza A"
"202537","37","09/07/2025","09/13/2025","2024-2025","RSV","11","125th St PS","2025","0",,"0","Minimal","202537-11-RSV"
"202320","20","05/14/2023","05/20/2023","2022-2023","SARS-CoV-2","5","Chicago Lawn/Ashburn","2023","109,462.5","11.03926536272","3.1","Low","202320-5-SARS-CoV-2"
"202532","32","08/03/2025","08/09/2025","2024-2025","Influenza A","6","West Pullman/Roseland","2025","0",,"0","Minimal","202532-6-Influenza A"
"202524","24","06/08/2025","06/14/2025","2024-2025","Influenza B","9","North Branch PS","2025","0",,"0","Minimal","202524-9-Influenza B"
"202322","22","05/28/2023","06/03/2023","2022-2023","Influenza A","9","North Branch PS","2023","0",,"0","Minimal","202322-9-Influenza A"
"202405","5","01/28/2024","02/03/2024","2023-2024","Influenza B","9","North Branch PS","2024","1,987.5","9.29830713733","1","Minimal","202405-9-Influenza B"
"202321","21","05/21/2023","05/27/2023","2022-2023","RSV","10","Racine Ave PS","2023","1,950","9.29003461136","1","Minimal","202321-10-RSV"
"202341","41","10/08/2023","10/14/2023","2023-2024","Influenza B","4","Austin/Montclare","2023","0",,"0","Minimal","202341-4-Influenza B"
"202428","28","07/07/2024","07/13/2024","2023-2024","Influenza B","11","125th St PS","2024","0",,"0","Minimal","202428-11-Influenza B"
"202437","37","09/08/2024","09/14/2024","2023-2024","Influenza A","10","Racine Ave PS","2024","12,187.5","10.08591462871","2.3","Minimal","202437-10-Influenza A"
"202431","31","07/28/2024","08/03/2024","2023-2024","Influenza A","5","Chicago Lawn/Ashburn","2024","0",,"0","Minimal","202431-5-Influenza A"
"202438","38","09/15/2024","09/21/2024","2023-2024","Influenza A","8","Little Village","2024","9,937.5","9.99727714166","2","Minimal","202438-8-Influenza A"
"202502","2","01/05/2025","01/11/2025","2024-2025","RSV","11","125th St PS","2025","45,487.5","10.65789206859","7.9","Moderate","202502-11-RSV"
"202427","27","06/30/2024","07/06/2024","2023-2024","Influenza A","5","Chicago Lawn/Ashburn","2024","0",,"0","Minimal","202427-5-Influenza A"
"202212","12","03/20/2022","03/26/2022","2021-2022","Influenza A","4","Austin/Montclare","2022",,,"0","Minimal","202212-4-Influenza A"
"202551","51","12/14/2025","12/20/2025","2025-2026","SARS-CoV-2","4","Austin/Montclare","2025","366,683.02","11.56429079954","5.9","High","202551-4-SARS-CoV-2"
"202438","38","09/15/2024","09/21/2024","2023-2024","Influenza B","8","Little Village","2024","0",,"0","Minimal","202438-8-Influenza B"
"202513","13","03/23/2025","03/29/2025","2024-2025","RSV","8","Little Village","2025","14,062.5","10.14806253546","2.6","Low","202513-8-RSV"
"202448","48","11/24/2024","11/30/2024","2024-2025","SARS-CoV-2","9","North Branch PS","2024","71,587.5","10.85483719612","1.6","Minimal","202448-9-SARS-CoV-2"
"202422","22","05/26/2024","06/01/2024","2023-2024","SARS-CoV-2","999","All sites","2024","67,344.6428571429","10.8283030541","2.2","Low","202422-999-SARS-CoV-2"
"202433","33","08/11/2024","08/17/2024","2023-2024","Influenza B","10","Racine Ave PS","2024","0",,"0","Minimal","202433-10-Influenza B"
"202542","42","10/12/2025","10/18/2025","2025-2026","SARS-CoV-2","9","North Branch PS","2025","17,962.5","10.25436678114","0.5","Minimal","202542-9-SARS-CoV-2"
"202323","23","06/04/2023","06/10/2023","2022-2023","RSV","6","West Pullman/Roseland","2023","4,162.5","9.61935424651","1.8","Minimal","202323-6-RSV"
"202227","27","07/03/2022","07/09/2022","2021-2022","RSV","4","Austin/Montclare","2022",,,"0","Minimal","202227-4-RSV"
"202330","30","07/23/2023","07/29/2023","2022-2023","Influenza B","999","All sites","2023","867.85714285714","8.93844824226","0","Minimal","202330-999-Influenza B"
"202524","24","06/08/2025","06/14/2025","2024-2025","SARS-CoV-2","6","West Pullman/Roseland","2025","3,937.5","9.5952205668","0.6","Minimal","202524-6-SARS-CoV-2"
"202435","35","08/25/2024","08/31/2024","2023-2024","Influenza B","10","Racine Ave PS","2024","0",,"0","Minimal","202435-10-Influenza B"
"202347","47","11/19/2023","11/25/2023","2023-2024","Influenza B","6","West Pullman/Roseland","2023","0",,"0","Minimal","202347-6-Influenza B"
"202449","49","12/01/2024","12/07/2024","2024-2025","Influenza A","999","All sites","2024","9,321.42857142857","9.969482476","0","Minimal","202449-999-Influenza A"
"202439","39","09/22/2024","09/28/2024","2023-2024","Influenza B","11","125th St PS","2024","0",,"0","Minimal","202439-11-Influenza B"
"202241","41","10/09/2022","10/15/2022","2022-2023","Influenza A","999","All sites","2022","5,465.625","9.73763983116","0","Minimal","202241-999-Influenza A"
"202330","30","07/23/2023","07/29/2023","2022-2023","Influenza B","10","Racine Ave PS","2023","0",,"0","Minimal","202330-10-Influenza B"
"202214","14","04/03/2022","04/09/2022","2021-2022","Influenza A","999","All sites","2022",,,"0","Minimal","202214-999-Influenza A"
"202319","19","05/07/2023","05/13/2023","2022-2023","RSV","8","Little Village","2023","0",,"0","Minimal","202319-8-RSV"
"202501","1","12/29/2024","01/04/2025","2024-2025","Influenza B","9","North Branch PS","2025","0",,"0","Minimal","202501-9-Influenza B"
"202534","34","08/17/2025","08/23/2025","2024-2025","Influenza A","4","Austin/Montclare","2025","0",,"0","Minimal","202534-4-Influenza A"
"202338","38","09/17/2023","09/23/2023","2022-2023","SARS-CoV-2","6","West Pullman/Roseland","2023","10,087.5","10.00378354773","1.1","Minimal","202338-6-SARS-CoV-2"
"202209","9","02/27/2022","03/05/2022","2021-2022","RSV","6","West Pullman/Roseland","2022",,,"0","Minimal","202209-6-RSV"
"202504","4","01/19/2025","01/25/2025","2024-2025","RSV","8","Little Village","2025","10,725","10.03039730086","2.1","Minimal","202504-8-RSV"
"202233","33","08/14/2022","08/20/2022","2021-2022","SARS-CoV-2","999","All sites","2022","290,487.5","11.46312744895","5.8","High","202233-999-SARS-CoV-2"
"202513","13","03/23/2025","03/29/2025","2024-2025","Influenza A","999","All sites","2025","19,398.2142857143","10.28776175253","3.1","Low","202513-999-Influenza A"
"202520","20","05/11/2025","05/17/2025","2024-2025","Influenza B","8","Little Village","2025","0",,"0","Minimal","202520-8-Influenza B"
"202407","7","02/11/2024","02/17/2024","2023-2024","SARS-CoV-2","9","North Branch PS","2024","1,394,625","12.14445744609","15.4","Very High","202407-9-SARS-CoV-2"
"202240","40","10/02/2022","10/08/2022","2022-2023","Influenza A","8","Little Village","2022",,,"0","Minimal","202240-8-Influenza A"
"202431","31","07/28/2024","08/03/2024","2023-2024","Influenza B","8","Little Village","2024","0",,"0","Minimal","202431-8-Influenza B"
"202322","22","05/28/2023","06/03/2023","2022-2023","Influenza B","10","Racine Ave PS","2023","0",,"0","Minimal","202322-10-Influenza B"
"202437","37","09/08/2024","09/14/2024","2023-2024","SARS-CoV-2","6","West Pullman/Roseland","2024","155,812.5","11.19260229585","7.2","High","202437-6-SARS-CoV-2"
"202408","8","02/18/2024","02/24/2024","2023-2024","RSV","11","125th St PS","2024","12,187.5","10.08591462871","2.6","Low","202408-11-RSV"
"202229","29","07/17/2022","07/23/2022","2021-2022","Influenza B","5","Chicago Lawn/Ashburn","2022",,,"0","Minimal","202229-5-Influenza B"
"202523","23","06/01/2025","06/07/2025","2024-2025","Influenza B","5","Chicago Lawn/Ashburn","2025","0",,"0","Minimal","202523-5-Influenza B"
"202525","25","06/15/2025","06/21/2025","2024-2025","Influenza A","5","Chicago Lawn/Ashburn","2025","1,950","9.29003461136","1","Minimal","202525-5-Influenza A"
"202327","27","07/02/2023","07/08/2023","2022-2023","RSV","6","West Pullman/Roseland","2023","0",,"0","Minimal","202327-6-RSV"
"202512","12","03/16/2025","03/22/2025","2024-2025","Influenza A","6","West Pullman/Roseland","2025","23,962.5","10.37953212589","7.1","Moderate","202512-6-Influenza A"
"202252","52","12/25/2022","12/31/2022","2022-2023","Influenza A","5","Chicago Lawn/Ashburn","2022","146,250","11.16509587475","13.5","High","202252-5-Influenza A"
"202511","11","03/09/2025","03/15/2025","2024-2025","RSV","999","All sites","2025","19,001.7857142857","10.27879441619","0","Minimal","202511-999-RSV"
"202402","2","01/07/2024","01/13/2024","2023-2024","Influenza B","4","Austin/Montclare","2024","9,787.5","9.99067177507","7.2","Moderate","202402-4-Influenza B"
"202323","23","06/04/2023","06/10/2023","2022-2023","Influenza B","9","North Branch PS","2023","0",,"0","Minimal","202323-9-Influenza B"
"202249","49","12/04/2022","12/10/2022","2022-2023","SARS-CoV-2","5","Chicago Lawn/Ashburn","2022","1,769,100","12.2477523825","17.8","Very High","202249-5-SARS-CoV-2"
"202223","23","06/05/2022","06/11/2022","2021-2022","Influenza B","999","All sites","2022",,,"0","Minimal","202223-999-Influenza B"
"202336","36","09/03/2023","09/09/2023","2022-2023","Influenza A","4","Austin/Montclare","2023","0",,"0","Minimal","202336-4-Influenza A"
"202537","37","09/07/2025","09/13/2025","2024-2025","SARS-CoV-2","9","North Branch PS","2025","219,675","11.34178063507","3.6","Moderate","202537-9-SARS-CoV-2"
"202342","42","10/15/2023","10/21/2023","2023-2024","RSV","6","West Pullman/Roseland","2023","0",,"0","Minimal","202342-6-RSV"
"202406","6","02/04/2024","02/10/2024","2023-2024","RSV","9","North Branch PS","2024","99,975","10.99989141281","10.8","High","202406-9-RSV"
"202503","3","01/12/2025","01/18/2025","2024-2025","Influenza A","999","All sites","2025","137,083.928571429","11.13698654201","13.1","High","202503-999-Influenza A"
"202525","25","06/15/2025","06/21/2025","2024-2025","Influenza A","999","All sites","2025","1,414.28571428571","9.15053715458","0","Minimal","202525-999-Influenza A"
"202307","7","02/12/2023","02/18/2023","2022-2023","SARS-CoV-2","6","West Pullman/Roseland","2023","8,587,500","12.93386675007","107.9","Very High","202307-6-SARS-CoV-2"
"202421","21","05/19/2024","05/25/2024","2023-2024","RSV","999","All sites","2024","2,351.78571428571","9.37139774796","0","Minimal","202421-999-RSV"
"202435","35","08/25/2024","08/31/2024","2023-2024","Influenza B","9","North Branch PS","2024","0",,"0","Minimal","202435-9-Influenza B"
"202224","24","06/12/2022","06/18/2022","2021-2022","RSV","6","West Pullman/Roseland","2022",,,"0","Minimal","202224-6-RSV"
"202412","12","03/17/2024","03/23/2024","2023-2024","Influenza B","4","Austin/Montclare","2024","23,700","10.37474834601","9.1","Moderate","202412-4-Influenza B"
"202426","26","06/23/2024","06/29/2024","2023-2024","Influenza A","6","West Pullman/Roseland","2024","2,100","9.32221929473","1.1","Minimal","202426-6-Influenza A"
"202306","6","02/05/2023","02/11/2023","2022-2023","SARS-CoV-2","4","Austin/Montclare","2023","189,750","11.27818178457","3.9","Moderate","202306-4-SARS-CoV-2"
"202324","24","06/11/2023","06/17/2023","2022-2023","SARS-CoV-2","6","West Pullman/Roseland","2023","17,812.5","10.25072487735","2.7","Low","202324-6-SARS-CoV-2"
"202334","34","08/20/2023","08/26/2023","2022-2023","Influenza B","11","125th St PS","2023","0",,"0","Minimal","202334-11-Influenza B"
"202217","17","04/24/2022","04/30/2022","2021-2022","Influenza B","4","Austin/Montclare","2022",,,"0","Minimal","202217-4-Influenza B"
"202405","5","01/28/2024","02/03/2024","2023-2024","RSV","5","Chicago Lawn/Ashburn","2024","26,512.5","10.42345068152","4","Low","202405-5-RSV"
"202330","30","07/23/2023","07/29/2023","2022-2023","RSV","5","Chicago Lawn/Ashburn","2023","0",,"0","Minimal","202330-5-RSV"
"202532","32","08/03/2025","08/09/2025","2024-2025","Influenza B","8","Little Village","2025","0",,"0","Minimal","202532-8-Influenza B"
"202541","41","10/05/2025","10/11/2025","2025-2026","Influenza A","10","Racine Ave PS","2025","0",,"0","Minimal","202541-10-Influenza A"
"202341","41","10/08/2023","10/14/2023","2023-2024","Influenza B","10","Racine Ave PS","2023","1,950","9.29003461136","1","Minimal","202341-10-Influenza B"
"202214","14","04/03/2022","04/09/2022","2021-2022","RSV","4","Austin/Montclare","2022",,,"0","Minimal","202214-4-RSV"
"202520","20","05/11/2025","05/17/2025","2024-2025","Influenza A","6","West Pullman/Roseland","2025","0",,"0","Minimal","202520-6-Influenza A"
"202328","28","07/09/2023","07/15/2023","2022-2023","Influenza A","10","Racine Ave PS","2023","0",,"0","Minimal","202328-10-Influenza A"
"202335","35","08/27/2023","09/02/2023","2022-2023","RSV","11","125th St PS","2023","0",,"0","Minimal","202335-11-RSV"
"202552","52","12/21/2025","12/27/2025","2025-2026","SARS-CoV-2","10","Racine Ave PS","2025","1,311,000","12.11760269169","16.7","Very High","202552-10-SARS-CoV-2"
"202521","21","05/18/2025","05/24/2025","2024-2025","RSV","5","Chicago Lawn/Ashburn","2025","0",,"0","Minimal","202521-5-RSV"
"202416","16","04/14/2024","04/20/2024","2023-2024","Influenza B","4","Austin/Montclare","2024","14,062.5","10.14806253546","4.8","Low","202416-4-Influenza B"
"202410","10","03/03/2024","03/09/2024","2023-2024","Influenza B","11","125th St PS","2024","33,862.5","10.52971901804","12.7","High","202410-11-Influenza B"
"202451","51","12/15/2024","12/21/2024","2024-2025","Influenza B","999","All sites","2024","0",,"0","Minimal","202451-999-Influenza B"
"202311","11","03/12/2023","03/18/2023","2022-2023","Influenza A","8","Little Village","2023","77,662.5","10.89021136662","16.4","High","202311-8-Influenza A"
"202421","21","05/19/2024","05/25/2024","2023-2024","Influenza B","11","125th St PS","2024","0",,"0","Minimal","202421-11-Influenza B"
"202529","29","07/13/2025","07/19/2025","2024-2025","Influenza A","9","North Branch PS","2025","1,987.5","9.29830713733","1","Minimal","202529-9-Influenza A"
"202207","7","02/13/2022","02/19/2022","2021-2022","Influenza A","999","All sites","2022",,,"0","Minimal","202207-999-Influenza A"
"202406","6","02/04/2024","02/10/2024","2023-2024","Influenza B","4","Austin/Montclare","2024","9,825","9.99233255905","7.2","Moderate","202406-4-Influenza B"
"202535","35","08/24/2025","08/30/2025","2024-2025","Influenza B","8","Little Village","2025","5,962.5","9.77542839205","4.2","Low","202535-8-Influenza B"
"202430","30","07/21/2024","07/27/2024","2023-2024","Influenza A","6","West Pullman/Roseland","2024","0",,"0","Minimal","202430-6-Influenza A"
"202504","4","01/19/2025","01/25/2025","2024-2025","Influenza B","5","Chicago Lawn/Ashburn","2025","0",,"0","Minimal","202504-5-Influenza B"
"202551","51","12/14/2025","12/20/2025","2025-2026","Influenza A","8","Little Village","2025","26,327.802937473","10.42041461862","4.2","Low","202551-8-Influenza A"
"202235","35","08/28/2022","09/03/2022","2021-2022","RSV","6","West Pullman/Roseland","2022",,,"0","Minimal","202235-6-RSV"
"202348","48","11/26/2023","12/02/2023","2023-2024","Influenza A","10","Racine Ave PS","2023","63,975","10.80601029456","8","Moderate","202348-10-Influenza A"
"202504","4","01/19/2025","01/25/2025","2024-2025","Influenza B","999","All sites","2025","0",,"0","Minimal","202504-999-Influenza B"
"202405","5","01/28/2024","02/03/2024","2023-2024","SARS-CoV-2","11","125th St PS","2024","216,112.5","11.33467988731","9.4","Very High","202405-11-SARS-CoV-2"
"202213","13","03/27/2022","04/02/2022","2021-2022","Influenza A","5","Chicago Lawn/Ashburn","2022",,,"0","Minimal","202213-5-Influenza A"
"202503","3","01/12/2025","01/18/2025","2024-2025","Influenza A","9","North Branch PS","2025","45,750","10.6603910984","6.8","Moderate","202503-9-Influenza A"
"202546","46","11/09/2025","11/15/2025","2025-2026","SARS-CoV-2","9","North Branch PS","2025","217,462.5","11.33738437648","3.4","Low","202546-9-SARS-CoV-2"
"202505","5","01/26/2025","02/01/2025","2024-2025","Influenza A","9","North Branch PS","2025","133,012.5","11.1238924562","15.3","High","202505-9-Influenza A"
"202252","52","12/25/2022","12/31/2022","2022-2023","Influenza A","6","West Pullman/Roseland","2022","16,125","10.20749972331","4.6","Low","202252-6-Influenza A"
"202225","25","06/19/2022","06/25/2022","2021-2022","Influenza B","6","West Pullman/Roseland","2022",,,"0","Minimal","202225-6-Influenza B"
"202503","3","01/12/2025","01/18/2025","2024-2025","RSV","10","Racine Ave PS","2025","123,337.5","11.09109514121","14.9","Very High","202503-10-RSV"
"202335","35","08/27/2023","09/02/2023","2022-2023","SARS-CoV-2","11","125th St PS","2023","54,789","10.73869337383","3.7","Moderate","202335-11-SARS-CoV-2"
"202345","45","11/05/2023","11/11/2023","2023-2024","Influenza B","999","All sites","2023","0",,"0","Minimal","202345-999-Influenza B"
"202448","48","11/24/2024","11/30/2024","2024-2025","RSV","5","Chicago Lawn/Ashburn","2024","4,050","9.60745502321","1.7","Minimal","202448-5-RSV"
"202352","52","12/24/2023","12/30/2023","2023-2024","SARS-CoV-2","9","North Branch PS","2023","1,926,375","12.28474083345","19.8","Very High","202352-9-SARS-CoV-2"
"202548","48","11/23/2025","11/29/2025","2025-2026","Influenza A","8","Little Village","2025","0",,"0","Minimal","202548-8-Influenza A"
"202527","27","06/29/2025","07/05/2025","2024-2025","SARS-CoV-2","999","All sites","2025","29,850","10.47494433547","1.1","Minimal","202527-999-SARS-CoV-2"
"202438","38","09/15/2024","09/21/2024","2023-2024","SARS-CoV-2","11","125th St PS","2024","29,925","10.47603415908","2.4","Low","202438-11-SARS-CoV-2"
"202433","33","08/11/2024","08/17/2024","2023-2024","Influenza A","6","West Pullman/Roseland","2024","2,137.5","9.3299061234","1.1","Minimal","202433-6-Influenza A"
"202336","36","09/03/2023","09/09/2023","2022-2023","Influenza A","10","Racine Ave PS","2023","7,912.5","9.89831372303","1.6","Minimal","202336-10-Influenza A"
"202336","36","09/03/2023","09/09/2023","2022-2023","SARS-CoV-2","4","Austin/Montclare","2023","267,150","11.42675517852","4.7","Moderate","202336-4-SARS-CoV-2"
"202321","21","05/21/2023","05/27/2023","2022-2023","SARS-CoV-2","5","Chicago Lawn/Ashburn","2023","36,337.5","10.56035504478","1.5","Minimal","202321-5-SARS-CoV-2"
"202410","10","03/03/2024","03/09/2024","2023-2024","Influenza A","8","Little Village","2024","41,475","10.6177863947","6","Low","202410-8-Influenza A"
"202349","49","12/03/2023","12/09/2023","2023-2024","RSV","8","Little Village","2023","413,212.5","11.61617345079","33.3","Very High","202349-8-RSV"
"202243","43","10/23/2022","10/29/2022","2022-2023","Influenza B","8","Little Village","2022","0",,"0","Minimal","202243-8-Influenza B"
"202323","23","06/04/2023","06/10/2023","2022-2023","RSV","999","All sites","2023","3,417.85714285714","9.53375390643","0","Minimal","202323-999-RSV"
"202414","14","03/31/2024","04/06/2024","2023-2024","RSV","9","North Branch PS","2024","29,850","10.47494433547","4.1","Low","202414-9-RSV"
"202351","51","12/17/2023","12/23/2023","2023-2024","Influenza B","9","North Branch PS","2023","0",,"0","Minimal","202351-9-Influenza B"
"202417","17","04/21/2024","04/27/2024","2023-2024","Influenza A","4","Austin/Montclare","2024","3,937.5","9.5952205668","1","Minimal","202417-4-Influenza A"
"202522","22","05/25/2025","05/31/2025","2024-2025","Influenza B","4","Austin/Montclare","2025","1,950","9.29003461136","1","Minimal","202522-4-Influenza B"
"202509","9","02/23/2025","03/01/2025","2024-2025","Influenza B","6","West Pullman/Roseland","2025","0",,"0","Minimal","202509-6-Influenza B"
"202552","52","12/21/2025","12/27/2025","2025-2026","Influenza A","8","Little Village","2025","44,325","10.64664874427","6.3","Moderate","202552-8-Influenza A"
"202435","35","08/25/2024","08/31/2024","2023-2024","Influenza A","9","North Branch PS","2024","0",,"0","Minimal","202435-9-Influenza A"
"202218","18","05/01/2022","05/07/2022","2021-2022","SARS-CoV-2","5","Chicago Lawn/Ashburn","2022","97,537.5","10.98917161992","2.9","Low","202218-5-SARS-CoV-2"
"202212","12","03/20/2022","03/26/2022","2021-2022","RSV","5","Chicago Lawn/Ashburn","2022",,,"0","Minimal","202212-5-RSV"
"202424","24","06/09/2024","06/15/2024","2023-2024","SARS-CoV-2","10","Racine Ave PS","2024","109,425","11.03911655529","3.1","Low","202424-10-SARS-CoV-2"
"202517","17","04/20/2025","04/26/2025","2024-2025","Influenza A","6","West Pullman/Roseland","2025","0",,"0","Minimal","202517-6-Influenza A"
"202404","4","01/21/2024","01/27/2024","2023-2024","Influenza A","8","Little Village","2024","76,237.5","10.88216864637","9.4","Moderate","202404-8-Influenza A"
"202503","3","01/12/2025","01/18/2025","2024-2025","SARS-CoV-2","5","Chicago Lawn/Ashburn","2025","424,875","11.62826117759","7.6","High","202503-5-SARS-CoV-2"
"202529","29","07/13/2025","07/19/2025","2024-2025","Influenza B","10","Racine Ave PS","2025","0",,"0","Minimal","202529-10-Influenza B"
"202310","10","03/05/2023","03/11/2023","2022-2023","Influenza A","4","Austin/Montclare","2023","2,100","9.32221929473","1","Minimal","202310-4-Influenza A"
"202449","49","12/01/2024","12/07/2024","2024-2025","SARS-CoV-2","4","Austin/Montclare","2024","139,012.5","11.14305385376","3","Low","202449-4-SARS-CoV-2"
"202339","39","09/24/2023","09/30/2023","2022-2023","SARS-CoV-2","4","Austin/Montclare","2023","378,637.5","11.57822362399","6","High","202339-4-SARS-CoV-2"
"202248","48","11/27/2022","12/03/2022","2022-2023","Influenza B","6","West Pullman/Roseland","2022","0",,"0","Minimal","202248-6-Influenza B"
"202331","31","07/30/2023","08/05/2023","2022-2023","RSV","8","Little Village","2023","0",,"0","Minimal","202331-8-RSV"
"202450","50","12/08/2024","12/14/2024","2024-2025","RSV","9","North Branch PS","2024","19,950","10.29994290002","3.4","Low","202450-9-RSV"
"202227","27","07/03/2022","07/09/2022","2021-2022","Influenza B","4","Austin/Montclare","2022",,,"0","Minimal","202227-4-Influenza B"
"202437","37","09/08/2024","09/14/2024","2023-2024","Influenza A","11","125th St PS","2024","0",,"0","Minimal","202437-11-Influenza A"
"202425","25","06/16/2024","06/22/2024","2023-2024","Influenza B","4","Austin/Montclare","2024","0",,"0","Minimal","202425-4-Influenza B"
"202521","21","05/18/2025","05/24/2025","2024-2025","Influenza A","10","Racine Ave PS","2025","13,875","10.14223299179","2.6","Minimal","202521-10-Influenza A"
"202431","31","07/28/2024","08/03/2024","2023-2024","Influenza B","10","Racine Ave PS","2024","0",,"0","Minimal","202431-10-Influenza B"
"202435","35","08/25/2024","08/31/2024","2023-2024","Influenza A","999","All sites","2024","9,225","9.96496637483","0","Minimal","202435-999-Influenza A"
"202427","27","06/30/2024","07/06/2024","2023-2024","SARS-CoV-2","5","Chicago Lawn/Ashburn","2024","398,250","11.60015578447","7.4","High","202427-5-SARS-CoV-2"
"202351","51","12/17/2023","12/23/2023","2023-2024","SARS-CoV-2","999","All sites","2023","1,604,951.78571429","12.20546199032","16.1","Very High","202351-999-SARS-CoV-2"
"202444","44","10/27/2024","11/02/2024","2024-2025","Influenza A","11","125th St PS","2024","0",,"0","Minimal","202444-11-Influenza A"
"202237","37","09/11/2022","09/17/2022","2021-2022","Influenza B","999","All sites","2022",,,"0","Minimal","202237-999-Influenza B"
"202504","4","01/19/2025","01/25/2025","2024-2025","RSV","999","All sites","2025","49,210.7142857143","10.6920596688","0","Minimal","202504-999-RSV"
"202408","8","02/18/2024","02/24/2024","2023-2024","Influenza B","999","All sites","2024","28,333.9285714286","10.45230679473","10.8","Moderate","202408-999-Influenza B"
"202324","24","06/11/2023","06/17/2023","2022-2023","RSV","9","North Branch PS","2023","7,275","9.86183299766","1.5","Minimal","202324-9-RSV"
"202543","43","10/19/2025","10/25/2025","2025-2026","Influenza A","999","All sites","2025","551.78571428571","8.74177045242","0","Minimal","202543-999-Influenza A"
"202502","2","01/05/2025","01/11/2025","2024-2025","Influenza A","9","North Branch PS","2025","53,625","10.72936730519","7.6","Moderate","202502-9-Influenza A"
"202537","37","09/07/2025","09/13/2025","2024-2025","SARS-CoV-2","6","West Pullman/Roseland","2025","34,462.5","10.53734677911","2.7","Low","202537-6-SARS-CoV-2"
"202233","33","08/14/2022","08/20/2022","2021-2022","Influenza A","999","All sites","2022",,,"0","Minimal","202233-999-Influenza A"
"202533","33","08/10/2025","08/16/2025","2024-2025","SARS-CoV-2","999","All sites","2025","168,075","11.22550311993","3.3","Low","202533-999-SARS-CoV-2"
"202501","1","12/29/2024","01/04/2025","2024-2025","Influenza A","9","North Branch PS","2025","38,212.5","10.58220545173","5.7","Low","202501-9-Influenza A"
"202448","48","11/24/2024","11/30/2024","2024-2025","SARS-CoV-2","4","Austin/Montclare","2024","30,000","10.47712125472","1.2","Minimal","202448-4-SARS-CoV-2"
"202504","4","01/19/2025","01/25/2025","2024-2025","SARS-CoV-2","10","Racine Ave PS","2025","555,675","11.74482085817","9.4","Very High","202504-10-SARS-CoV-2"
"202512","12","03/16/2025","03/22/2025","2024-2025","SARS-CoV-2","8","Little Village","2025","577,387.5","11.7614673775","9.3","Very High","202512-8-SARS-CoV-2"
"202519","19","05/04/2025","05/10/2025","2024-2025","SARS-CoV-2","8","Little Village","2025","63,675","10.80396895364","2","Minimal","202519-8-SARS-CoV-2"
"202446","46","11/10/2024","11/16/2024","2024-2025","SARS-CoV-2","4","Austin/Montclare","2024","79,575","10.90077664729","2.2","Low","202446-4-SARS-CoV-2"
"202333","33","08/13/2023","08/19/2023","2022-2023","Influenza B","10","Racine Ave PS","2023","0",,"0","Minimal","202333-10-Influenza B"
"202450","50","12/08/2024","12/14/2024","2024-2025","Influenza A","11","125th St PS","2024","19,875","10.29830713733","3.1","Low","202450-11-Influenza A"
"202340","40","10/01/2023","10/07/2023","2023-2024","Influenza A","6","West Pullman/Roseland","2023","0",,"0","Minimal","202340-6-Influenza A"
"202542","42","10/12/2025","10/18/2025","2025-2026","RSV","9","North Branch PS","2025","0",,"0","Minimal","202542-9-RSV"
"202407","7","02/11/2024","02/17/2024","2023-2024","RSV","10","Racine Ave PS","2024","50,437.5","10.70275355207","7.4","Moderate","202407-10-RSV"
"202439","39","09/22/2024","09/28/2024","2023-2024","Influenza B","999","All sites","2024","0",,"0","Minimal","202439-999-Influenza B"
"202553","53","12/28/2025","01/03/2026","2025-2026","Influenza A","5","Chicago Lawn/Ashburn","2025","500,925","11.69977270686","29.9","Very High","202553-5-Influenza A"
"202409","9","02/25/2024","03/02/2024","2023-2024","SARS-CoV-2","999","All sites","2024","701,919.642857143","11.84628739609","12.7","Very High","202409-999-SARS-CoV-2"
"202401","1","12/31/2023","01/06/2024","2023-2024","Influenza B","10","Racine Ave PS","2024","5,962.5","9.77542839205","3.5","Low","202401-10-Influenza B"
"202523","23","06/01/2025","06/07/2025","2024-2025","Influenza A","8","Little Village","2025","0",,"0","Minimal","202523-8-Influenza A"
"202246","46","11/13/2022","11/19/2022","2022-2023","Influenza B","8","Little Village","2022","0",,"0","Minimal","202246-8-Influenza B"
"202406","6","02/04/2024","02/10/2024","2023-2024","Influenza B","10","Racine Ave PS","2024","10,425","10.01807606365","3","Low","202406-10-Influenza B"
"202549","49","11/30/2025","12/06/2025","2025-2026","Influenza A","9","North Branch PS","2025","20,287.5","10.30722853283","3.4","Low","202549-9-Influenza A"
"202403","3","01/14/2024","01/20/2024","2023-2024","Influenza B","4","Austin/Montclare","2024","31,275","10.49519731837","12.8","High","202403-4-Influenza B"
"202410","10","03/03/2024","03/09/2024","2023-2024","SARS-CoV-2","999","All sites","2024","779,244.642857143","11.89167382528","13.2","Very High","202410-999-SARS-CoV-2"
"202508","8","02/16/2025","02/22/2025","2024-2025","SARS-CoV-2","11","125th St PS","2025","157,425","11.19707370197","7.4","High","202508-11-SARS-CoV-2"
"202512","12","03/16/2025","03/22/2025","2024-2025","Influenza A","11","125th St PS","2025","3,975","9.59933713299","1","Minimal","202512-11-Influenza A"
"202326","26","06/25/2023","07/01/2023","2022-2023","RSV","9","North Branch PS","2023","0",,"0","Minimal","202326-9-RSV"
"202345","45","11/05/2023","11/11/2023","2023-2024","RSV","10","Racine Ave PS","2023","118,312.5","11.07303063131","13.6","Very High","202345-10-RSV"
"202346","46","11/12/2023","11/18/2023","2023-2024","SARS-CoV-2","4","Austin/Montclare","2023","569,050","11.75515042768","7.6","High","202346-4-SARS-CoV-2"
"202526","26","06/22/2025","06/28/2025","2024-2025","Influenza B","8","Little Village","2025","0",,"0","Minimal","202526-8-Influenza B"
"202452","52","12/22/2024","12/28/2024","2024-2025","Influenza B","10","Racine Ave PS","2024","0",,"0","Minimal","202452-10-Influenza B"
"202244","44","10/30/2022","11/05/2022","2022-2023","Influenza A","6","West Pullman/Roseland","2022","0",,"0","Minimal","202244-6-Influenza A"
"202225","25","06/19/2022","06/25/2022","2021-2022","SARS-CoV-2","6","West Pullman/Roseland","2022","183,675","11.26405004852","6.9","High","202225-6-SARS-CoV-2"
"202512","12","03/16/2025","03/22/2025","2024-2025","Influenza A","4","Austin/Montclare","2025","61,200","10.78675142215","7","Moderate","202512-4-Influenza A"
"202342","42","10/15/2023","10/21/2023","2023-2024","Influenza B","11","125th St PS","2023","0",,"0","Minimal","202342-11-Influenza B"
"202230","30","07/24/2022","07/30/2022","2021-2022","Influenza A","999","All sites","2022",,,"0","Minimal","202230-999-Influenza A"
"202548","48","11/23/2025","11/29/2025","2025-2026","Influenza A","4","Austin/Montclare","2025","3,787.5","9.57835264151","1","Minimal","202548-4-Influenza A"
"202408","8","02/18/2024","02/24/2024","2023-2024","Influenza A","5","Chicago Lawn/Ashburn","2024","44,475","10.64811595676","5.4","Low","202408-5-Influenza A"
"202510","10","03/02/2025","03/08/2025","2024-2025","Influenza B","4","Austin/Montclare","2025","10,762.5","10.03191316446","8.1","Moderate","202510-4-Influenza B"
"202449","49","12/01/2024","12/07/2024","2024-2025","Influenza A","10","Racine Ave PS","2024","29,775","10.47385177015","4.5","Low","202449-10-Influenza A"
"202536","36","08/31/2025","09/06/2025","2024-2025","SARS-CoV-2","8","Little Village","2025","160,950","11.20669098102","3.8","Moderate","202536-8-SARS-CoV-2"
"202546","46","11/09/2025","11/15/2025","2025-2026","Influenza B","4","Austin/Montclare","2025","0",,"0","Minimal","202546-4-Influenza B"
"202417","17","04/21/2024","04/27/2024","2023-2024","SARS-CoV-2","999","All sites","2024","295,092.857142857","11.46995869733","4.7","Moderate","202417-999-SARS-CoV-2"
"202306","6","02/05/2023","02/11/2023","2022-2023","SARS-CoV-2","8","Little Village","2023","889,950","11.94936560739","13","Very High","202306-8-SARS-CoV-2"
"202431","31","07/28/2024","08/03/2024","2023-2024","Influenza A","9","North Branch PS","2024","0",,"0","Minimal","202431-9-Influenza A"
"202325","25","06/18/2023","06/24/2023","2022-2023","Influenza A","6","West Pullman/Roseland","2023","2,025","9.30642502755","1","Minimal","202325-6-Influenza A"
"202549","49","11/30/2025","12/06/2025","2025-2026","RSV","10","Racine Ave PS","2025","1,800","9.2552725051","0.9","Minimal","202549-10-RSV"
"202418","18","04/28/2024","05/04/2024","2023-2024","Influenza B","9","North Branch PS","2024","6,037.5","9.78085714376","1.5","Minimal","202418-9-Influenza B"
"202242","42","10/16/2022","10/22/2022","2022-2023","Influenza B","999","All sites","2022","3,506.25","9.5448428786","0","Minimal","202242-999-Influenza B"
"202408","8","02/18/2024","02/24/2024","2023-2024","Influenza A","999","All sites","2024","71,544.6428571429","10.85457712007","0","Minimal","202408-999-Influenza A"
"202446","46","11/10/2024","11/16/2024","2024-2025","RSV","9","North Branch PS","2024","0",,"0","Minimal","202446-9-RSV"
"202317","17","04/23/2023","04/29/2023","2022-2023","Influenza B","6","West Pullman/Roseland","2023","0",,"0","Minimal","202317-6-Influenza B"
"202346","46","11/12/2023","11/18/2023","2023-2024","SARS-CoV-2","10","Racine Ave PS","2023","15,600","10.19312459835","0.8","Minimal","202346-10-SARS-CoV-2"
"202350","50","12/10/2023","12/16/2023","2023-2024","Influenza A","999","All sites","2023","53,233.9285714286","10.72618851753","7","Moderate","202350-999-Influenza A"
"202309","9","02/26/2023","03/04/2023","2022-2023","Influenza B","6","West Pullman/Roseland","2023","0",,"0","Minimal","202309-6-Influenza B"
"202407","7","02/11/2024","02/17/2024","2023-2024","RSV","6","West Pullman/Roseland","2024","1,987.5","9.29830713733","1","Minimal","202407-6-RSV"
"202409","9","02/25/2024","03/02/2024","2023-2024","SARS-CoV-2","8","Little Village","2024","339,825","11.53125532557","6.5","High","202409-8-SARS-CoV-2"
"202603","3","01/18/2026","01/24/2026","2025-2026","Influenza A","4","Austin/Montclare","2026","75,017.3185166835","10.8751615363","8.3","Moderate","202603-4-Influenza A"
"202425","25","06/16/2024","06/22/2024","2023-2024","RSV","9","North Branch PS","2024","0",,"0","Minimal","202425-9-RSV"
"202301","1","01/01/2023","01/07/2023","2022-2023","SARS-CoV-2","8","Little Village","2023","1,291,500","12.11109441051","17.1","Very High","202301-8-SARS-CoV-2"
"202334","34","08/20/2023","08/26/2023","2022-2023","Influenza B","9","North Branch PS","2023","1,987.5","9.29830713733","1","Minimal","202334-9-Influenza B"
"202217","17","04/24/2022","04/30/2022","2021-2022","SARS-CoV-2","5","Chicago Lawn/Ashburn","2022","185,325","11.26793400879","4.2","Moderate","202217-5-SARS-CoV-2"
"202427","27","06/30/2024","07/06/2024","2023-2024","Influenza A","11","125th St PS","2024","0",,"0","Minimal","202427-11-Influenza A"
"202425","25","06/16/2024","06/22/2024","2023-2024","SARS-CoV-2","5","Chicago Lawn/Ashburn","2024","75,750","10.87938263717","2.6","Low","202425-5-SARS-CoV-2"
"202408","8","02/18/2024","02/24/2024","2023-2024","Influenza B","4","Austin/Montclare","2024","37,162.5","10.57010492221","15.9","High","202408-4-Influenza B"
"202401","1","12/31/2023","01/06/2024","2023-2024","Influenza B","999","All sites","2024","13,553.5714285714","10.13205374889","0","Minimal","202401-999-Influenza B"
"202326","26","06/25/2023","07/01/2023","2022-2023","Influenza B","11","125th St PS","2023","0",,"0","Minimal","202326-11-Influenza B"
"202537","37","09/07/2025","09/13/2025","2024-2025","RSV","6","West Pullman/Roseland","2025","0",,"0","Minimal","202537-6-RSV"
"202415","15","04/07/2024","04/13/2024","2023-2024","SARS-CoV-2","8","Little Village","2024","291,112.5","11.46406085389","5.7","High","202415-8-SARS-CoV-2"
"202341","41","10/08/2023","10/14/2023","2023-2024","Influenza B","9","North Branch PS","2023","0",,"0","Minimal","202341-9-Influenza B"
"202531","31","07/27/2025","08/02/2025","2024-2025","SARS-CoV-2","6","West Pullman/Roseland","2025","17,887.5","10.25254964677","1.7","Minimal","202531-6-SARS-CoV-2"
"202404","4","01/21/2024","01/27/2024","2023-2024","SARS-CoV-2","11","125th St PS","2024","1,275,000","12.10551018477","33.9","Very High","202404-11-SARS-CoV-2"
"202601","1","01/04/2026","01/10/2026","2025-2026","RSV","8","Little Village","2026","26,182.663498054","10.41801382417","4.1","Low","202601-8-RSV"
"202437","37","09/08/2024","09/14/2024","2023-2024","SARS-CoV-2","11","125th St PS","2024","53,437.5","10.72784613207","3.6","Moderate","202437-11-SARS-CoV-2"
"202242","42","10/16/2022","10/22/2022","2022-2023","Influenza B","5","Chicago Lawn/Ashburn","2022","0",,"0","Minimal","202242-5-Influenza B"
"202440","40","09/29/2024","10/05/2024","2024-2025","RSV","5","Chicago Lawn/Ashburn","2024","0",,"0","Minimal","202440-5-RSV"
"202332","32","08/06/2023","08/12/2023","2022-2023","RSV","10","Racine Ave PS","2023","2,287.5","9.35936110274","1.1","Minimal","202332-10-RSV"
"202402","2","01/07/2024","01/13/2024","2023-2024","Influenza B","11","125th St PS","2024","2,025","9.30642502755","1","Minimal","202402-11-Influenza B"
"202251","51","12/18/2022","12/24/2022","2022-2023","Influenza A","4","Austin/Montclare","2022","176,437.5","11.24659089549","15.1","High","202251-4-Influenza A"
"202321","21","05/21/2023","05/27/2023","2022-2023","Influenza B","9","North Branch PS","2023","0",,"0","Minimal","202321-9-Influenza B"
"202302","2","01/08/2023","01/14/2023","2022-2023","Influenza B","4","Austin/Montclare","2023","1,950","9.29003461136","1","Minimal","202302-4-Influenza B"
"202433","33","08/11/2024","08/17/2024","2023-2024","Influenza A","999","All sites","2024","4,575","9.6603910984","0","Minimal","202433-999-Influenza A"
"202534","34","08/17/2025","08/23/2025","2024-2025","Influenza A","11","125th St PS","2025","0",,"0","Minimal","202534-11-Influenza A"
"202351","51","12/17/2023","12/23/2023","2023-2024","SARS-CoV-2","8","Little Village","2023","930,000","11.96848294855","13.5","Very High","202351-8-SARS-CoV-2"
"202507","7","02/09/2025","02/15/2025","2024-2025","Influenza B","11","125th St PS","2025","0",,"0","Minimal","202507-11-Influenza B"
"202432","32","08/04/2024","08/10/2024","2023-2024","SARS-CoV-2","11","125th St PS","2024","127,650","11.10602081914","6.6","High","202432-11-SARS-CoV-2"
"202419","19","05/05/2024","05/11/2024","2023-2024","RSV","9","North Branch PS","2024","0",,"0","Minimal","202419-9-RSV"
"202401","1","12/31/2023","01/06/2024","2023-2024","Influenza B","4","Austin/Montclare","2024","0",,"0","Minimal","202401-4-Influenza B"
"202531","31","07/27/2025","08/02/2025","2024-2025","Influenza B","8","Little Village","2025","3,975","9.59933713299","1","Minimal","202531-8-Influenza B"
"202252","52","12/25/2022","12/31/2022","2022-2023","SARS-CoV-2","4","Austin/Montclare","2022","1,863,750","12.27038765646","17","Very High","202252-4-SARS-CoV-2"
"202337","37","09/10/2023","09/16/2023","2022-2023","SARS-CoV-2","8","Little Village","2023","319,725","11.50477659604","6.2","High","202337-8-SARS-CoV-2"
"202523","23","06/01/2025","06/07/2025","2024-2025","Influenza A","9","North Branch PS","2025","7,350","9.86628733908","1.6","Minimal","202523-9-Influenza A"
"202419","19","05/05/2024","05/11/2024","2023-2024","RSV","5","Chicago Lawn/Ashburn","2024","0",,"0","Minimal","202419-5-RSV"
"202445","45","11/03/2024","11/09/2024","2024-2025","Influenza A","6","West Pullman/Roseland","2024","1,950","9.29003461136","1","Minimal","202445-6-Influenza A"
"202507","7","02/09/2025","02/15/2025","2024-2025","RSV","999","All sites","2025","27,691.0714285714","10.44233975988","6.1","Moderate","202507-999-RSV"
"202437","37","09/08/2024","09/14/2024","2023-2024","Influenza A","999","All sites","2024","3,176.78571428571","9.50198792108","0","Minimal","202437-999-Influenza A"
"202538","38","09/14/2025","09/20/2025","2024-2025","RSV","8","Little Village","2025","0",,"0","Minimal","202538-8-RSV"
"202339","39","09/24/2023","09/30/2023","2022-2023","Influenza A","10","Racine Ave PS","2023","48,225","10.68327223632","6.2","Low","202339-10-Influenza A"
"202511","11","03/09/2025","03/15/2025","2024-2025","Influenza A","6","West Pullman/Roseland","2025","0",,"0","Minimal","202511-6-Influenza A"
"202417","17","04/21/2024","04/27/2024","2023-2024","Influenza A","8","Little Village","2024","5,962.5","9.77542839205","2.3","Minimal","202417-8-Influenza A"
"202552","52","12/21/2025","12/27/2025","2025-2026","SARS-CoV-2","6","West Pullman/Roseland","2025","143,175","11.15586719179","6.9","High","202552-6-SARS-CoV-2"
"202533","33","08/10/2025","08/16/2025","2024-2025","Influenza B","4","Austin/Montclare","2025","0",,"0","Minimal","202533-4-Influenza B"
"202328","28","07/09/2023","07/15/2023","2022-2023","Influenza B","8","Little Village","2023","0",,"0","Minimal","202328-8-Influenza B"
"202515","15","04/06/2025","04/12/2025","2024-2025","Influenza B","9","North Branch PS","2025","0",,"0","Minimal","202515-9-Influenza B"
"202310","10","03/05/2023","03/11/2023","2022-2023","RSV","999","All sites","2023","2,512.5","9.40010607043","0","Minimal","202310-999-RSV"
"202438","38","09/15/2024","09/21/2024","2023-2024","Influenza B","6","West Pullman/Roseland","2024","0",,"0","Minimal","202438-6-Influenza B"
"202249","49","12/04/2022","12/10/2022","2022-2023","Influenza B","999","All sites","2022","0",,"0","Minimal","202249-999-Influenza B"
"202535","35","08/24/2025","08/30/2025","2024-2025","Influenza B","4","Austin/Montclare","2025","3,900","9.59106460703","2.3","Minimal","202535-4-Influenza B"
"202425","25","06/16/2024","06/22/2024","2023-2024","RSV","6","West Pullman/Roseland","2024","0",,"0","Minimal","202425-6-RSV"
"202248","48","11/27/2022","12/03/2022","2022-2023","Influenza A","8","Little Village","2022","234,262.5","11.36970277367","22.4","Very High","202248-8-Influenza A"
"202407","7","02/11/2024","02/17/2024","2023-2024","Influenza B","5","Chicago Lawn/Ashburn","2024","14,587.5","10.16398086905","5.5","Low","202407-5-Influenza B"
"202426","26","06/23/2024","06/29/2024","2023-2024","Influenza B","8","Little Village","2024","0",,"0","Minimal","202426-8-Influenza B"
"202414","14","03/31/2024","04/06/2024","2023-2024","Influenza B","999","All sites","2024","12,926.7857142857","10.11149054962","4.4","Low","202414-999-Influenza B"
"202336","36","09/03/2023","09/09/2023","2022-2023","Influenza B","6","West Pullman/Roseland","2023","0",,"0","Minimal","202336-6-Influenza B"
"202435","35","08/25/2024","08/31/2024","2023-2024","SARS-CoV-2","11","125th St PS","2024","90,037.5","10.95442342778","5.2","Moderate","202435-11-SARS-CoV-2"
"202423","23","06/02/2024","06/08/2024","2023-2024","Influenza B","5","Chicago Lawn/Ashburn","2024","0",,"0","Minimal","202423-5-Influenza B"
"202417","17","04/21/2024","04/27/2024","2023-2024","Influenza B","5","Chicago Lawn/Ashburn","2024","5,925","9.77268835468","1.4","Minimal","202417-5-Influenza B"
"202318","18","04/30/2023","05/06/2023","2022-2023","Influenza A","6","West Pullman/Roseland","2023","0",,"0","Minimal","202318-6-Influenza A"
"202444","44","10/27/2024","11/02/2024","2024-2025","SARS-CoV-2","999","All sites","2024","69,883.9285714286","10.84437731115","2.5","Low","202444-999-SARS-CoV-2"
"202426","26","06/23/2024","06/29/2024","2023-2024","Influenza A","8","Little Village","2024","20,325","10.30803055427","5.9","Low","202426-8-Influenza A"
"202252","52","12/25/2022","12/31/2022","2022-2023","RSV","8","Little Village","2022",,,"0","Minimal","202252-8-RSV"
"202501","1","12/29/2024","01/04/2025","2024-2025","Influenza B","4","Austin/Montclare","2025","0",,"0","Minimal","202501-4-Influenza B"
"202347","47","11/19/2023","11/25/2023","2023-2024","SARS-CoV-2","8","Little Village","2023","1,003,200","12.00138752349","13.9","Very High","202347-8-SARS-CoV-2"
"202425","25","06/16/2024","06/22/2024","2023-2024","SARS-CoV-2","11","125th St PS","2024","38,062.5","10.58049730998","2.9","Low","202425-11-SARS-CoV-2"
"202421","21","05/19/2024","05/25/2024","2023-2024","Influenza A","5","Chicago Lawn/Ashburn","2024","0",,"0","Minimal","202421-5-Influenza A"
"202437","37","09/08/2024","09/14/2024","2023-2024","SARS-CoV-2","999","All sites","2024","459,492.857142857","11.66227876463","7.3","High","202437-999-SARS-CoV-2"
"202518","18","04/27/2025","05/03/2025","2024-2025","Influenza B","11","125th St PS","2025","8,062.5","9.90646972764","5.2","Low","202518-11-Influenza B"
"202322","22","05/28/2023","06/03/2023","2022-2023","RSV","11","125th St PS","2023","0",,"0","Minimal","202322-11-RSV"
"202224","24","06/12/2022","06/18/2022","2021-2022","SARS-CoV-2","6","West Pullman/Roseland","2022","1,166,212.5","12.06677769208","23.4","Very High","202224-6-SARS-CoV-2"
"202317","17","04/23/2023","04/29/2023","2022-2023","Influenza A","8","Little Village","2023","0",,"0","Minimal","202317-8-Influenza A"
"202333","33","08/13/2023","08/19/2023","2022-2023","RSV","5","Chicago Lawn/Ashburn","2023","0",,"0","Minimal","202333-5-RSV"
"202347","47","11/19/2023","11/25/2023","2023-2024","RSV","9","North Branch PS","2023","128,437.5","11.10869184356","11.9","Very High","202347-9-RSV"
"202512","12","03/16/2025","03/22/2025","2024-2025","RSV","6","West Pullman/Roseland","2025","3,975","9.59933713299","1.8","Minimal","202512-6-RSV"
"202532","32","08/03/2025","08/09/2025","2024-2025","Influenza A","8","Little Village","2025","0",,"0","Minimal","202532-8-Influenza A"
"202329","29","07/16/2023","07/22/2023","2022-2023","Influenza A","11","125th St PS","2023","5,925","9.77268835468","2.3","Minimal","202329-11-Influenza A"
"202540","40","09/28/2025","10/04/2025","2025-2026","Influenza A","11","125th St PS","2025","0",,"0","Minimal","202540-11-Influenza A"
"202330","30","07/23/2023","07/29/2023","2022-2023","Influenza A","10","Racine Ave PS","2023","4,650","9.66745295289","1.1","Minimal","202330-10-Influenza A"
"202348","48","11/26/2023","12/02/2023","2023-2024","RSV","11","125th St PS","2023","17,925","10.25345916434","3.6","Low","202348-11-RSV"
"202439","39","09/22/2024","09/28/2024","2023-2024","Influenza A","8","Little Village","2024","4,012.5","9.60341504541","1.7","Minimal","202439-8-Influenza A"
"202507","7","02/09/2025","02/15/2025","2024-2025","RSV","8","Little Village","2025","22,087.5","10.34414656251","3.6","Low","202507-8-RSV"
"202407","7","02/11/2024","02/17/2024","2023-2024","Influenza A","5","Chicago Lawn/Ashburn","2024","14,175","10.15152306756","2.5","Minimal","202407-5-Influenza A"
"202520","20","05/11/2025","05/17/2025","2024-2025","Influenza A","5","Chicago Lawn/Ashburn","2025","217,162.5","11.33678483266","16.2","High","202520-5-Influenza A"
"202446","46","11/10/2024","11/16/2024","2024-2025","Influenza B","4","Austin/Montclare","2024","0",,"0","Minimal","202446-4-Influenza B"
"202531","31","07/27/2025","08/02/2025","2024-2025","Influenza A","11","125th St PS","2025","0",,"0","Minimal","202531-11-Influenza A"
"202522","22","05/25/2025","05/31/2025","2024-2025","SARS-CoV-2","8","Little Village","2025","57,112.5","10.75673117106","1.7","Minimal","202522-8-SARS-CoV-2"
"202501","1","12/29/2024","01/04/2025","2024-2025","Influenza B","8","Little Village","2025","0",,"0","Minimal","202501-8-Influenza B"
"202216","16","04/17/2022","04/23/2022","2021-2022","RSV","6","West Pullman/Roseland","2022",,,"0","Minimal","202216-6-RSV"
"202426","26","06/23/2024","06/29/2024","2023-2024","SARS-CoV-2","11","125th St PS","2024","108,037.5","11.03357452601","5.9","High","202426-11-SARS-CoV-2"
"202426","26","06/23/2024","06/29/2024","2023-2024","Influenza A","9","North Branch PS","2024","2,025","9.30642502755","1","Minimal","202426-9-Influenza A"
"202425","25","06/16/2024","06/22/2024","2023-2024","RSV","11","125th St PS","2024","0",,"0","Minimal","202425-11-RSV"
"202530","30","07/20/2025","07/26/2025","2024-2025","Influenza B","4","Austin/Montclare","2025","0",,"0","Minimal","202530-4-Influenza B"
"202215","15","04/10/2022","04/16/2022","2021-2022","SARS-CoV-2","4","Austin/Montclare","2022","23,587.5","10.37268191317","1","Minimal","202215-4-SARS-CoV-2"
"202530","30","07/20/2025","07/26/2025","2024-2025","SARS-CoV-2","6","West Pullman/Roseland","2025","51,825","10.71453931077","3.5","Moderate","202530-6-SARS-CoV-2"
"202431","31","07/28/2024","08/03/2024","2023-2024","Influenza B","11","125th St PS","2024","0",,"0","Minimal","202431-11-Influenza B"
"202217","17","04/24/2022","04/30/2022","2021-2022","SARS-CoV-2","999","All sites","2022","136,381.25","11.13475466665","4.5","Moderate","202217-999-SARS-CoV-2"
"202241","41","10/09/2022","10/15/2022","2022-2023","Influenza B","5","Chicago Lawn/Ashburn","2022","0",,"0","Minimal","202241-5-Influenza B"
"202515","15","04/06/2025","04/12/2025","2024-2025","SARS-CoV-2","8","Little Village","2025","206,662.5","11.31526167875","4.6","Moderate","202515-8-SARS-CoV-2"
"202447","47","11/17/2024","11/23/2024","2024-2025","Influenza B","8","Little Village","2024","0",,"0","Minimal","202447-8-Influenza B"
"202422","22","05/26/2024","06/01/2024","2023-2024","SARS-CoV-2","10","Racine Ave PS","2024","70,200","10.84633711213","2.2","Low","202422-10-SARS-CoV-2"
"202533","33","08/10/2025","08/16/2025","2024-2025","RSV","9","North Branch PS","2025","0",,"0","Minimal","202533-9-RSV"
"202351","51","12/17/2023","12/23/2023","2023-2024","Influenza A","10","Racine Ave PS","2023","27,562.5","10.44031860681","7.3","Moderate","202351-10-Influenza A"
"202312","12","03/19/2023","03/25/2023","2022-2023","RSV","8","Little Village","2023","1,987.5","9.29830713733","1","Minimal","202312-8-RSV"
"202345","45","11/05/2023","11/11/2023","2023-2024","RSV","4","Austin/Montclare","2023","125,587.5","11.09894641527","11.5","Very High","202345-4-RSV"
"202240","40","10/02/2022","10/08/2022","2022-2023","SARS-CoV-2","999","All sites","2022","62,175","10.79361579394","2","Minimal","202240-999-SARS-CoV-2"
"202442","42","10/13/2024","10/19/2024","2024-2025","SARS-CoV-2","5","Chicago Lawn/Ashburn","2024","1,950","9.29003461136","0.4","Minimal","202442-5-SARS-CoV-2"
"202326","26","06/25/2023","07/01/2023","2022-2023","Influenza A","9","North Branch PS","2023","0",,"0","Minimal","202326-9-Influenza A"
"202546","46","11/09/2025","11/15/2025","2025-2026","Influenza A","8","Little Village","2025","31,275","10.49519731837","4.5","Low","202546-8-Influenza A"
"202410","10","03/03/2024","03/09/2024","2023-2024","RSV","999","All sites","2024","23,710.7142857143","10.3749446373","4.5","Low","202410-999-RSV"
"202346","46","11/12/2023","11/18/2023","2023-2024","RSV","4","Austin/Montclare","2023","101,725","11.00742769853","9.6","High","202346-4-RSV"
"202513","13","03/23/2025","03/29/2025","2024-2025","SARS-CoV-2","6","West Pullman/Roseland","2025","43,650","10.63998424804","3.1","Low","202513-6-SARS-CoV-2"
"202506","6","02/02/2025","02/08/2025","2024-2025","RSV","11","125th St PS","2025","34,612.5","10.53923296875","6.3","Moderate","202506-11-RSV"
"202245","45","11/06/2022","11/12/2022","2022-2023","RSV","4","Austin/Montclare","2022",,,"0","Minimal","202245-4-RSV"
"202550","50","12/07/2025","12/13/2025","2025-2026","SARS-CoV-2","4","Austin/Montclare","2025","156,300","11.19395897802","3.4","Low","202550-4-SARS-CoV-2"
"202329","29","07/16/2023","07/22/2023","2022-2023","SARS-CoV-2","999","All sites","2023","69,203.5714285714","10.84012850792","2","Minimal","202329-999-SARS-CoV-2"
"202309","9","02/26/2023","03/04/2023","2022-2023","RSV","6","West Pullman/Roseland","2023",,,"0","Minimal","202309-6-RSV"
"202241","41","10/09/2022","10/15/2022","2022-2023","SARS-CoV-2","8","Little Village","2022","660,525","11.81988925973","10.4","Very High","202241-8-SARS-CoV-2"
"202439","39","09/22/2024","09/28/2024","2023-2024","Influenza B","9","North Branch PS","2024","0",,"0","Minimal","202439-9-Influenza B"
"202432","32","08/04/2024","08/10/2024","2023-2024","RSV","6","West Pullman/Roseland","2024","0",,"0","Minimal","202432-6-RSV"
"202551","51","12/14/2025","12/20/2025","2025-2026","Influenza A","4","Austin/Montclare","2025","78,569.1922807365","10.89525228847","8.4","Moderate","202551-4-Influenza A"
"202446","46","11/10/2024","11/16/2024","2024-2025","Influenza B","5","Chicago Lawn/Ashburn","2024","0",,"0","Minimal","202446-5-Influenza B"
"202545","45","11/02/2025","11/08/2025","2025-2026","RSV","9","North Branch PS","2025","0",,"0","Minimal","202545-9-RSV"
"202426","26","06/23/2024","06/29/2024","2023-2024","Influenza A","999","All sites","2024","5,855.35714285714","9.76755338966","0","Minimal","202426-999-Influenza A"
"202532","32","08/03/2025","08/09/2025","2024-2025","Influenza B","10","Racine Ave PS","2025","0",,"0","Minimal","202532-10-Influenza B"
"202436","36","09/01/2024","09/07/2024","2023-2024","RSV","6","West Pullman/Roseland","2024","0",,"0","Minimal","202436-6-RSV"
"202524","24","06/08/2025","06/14/2025","2024-2025","Influenza B","10","Racine Ave PS","2025","0",,"0","Minimal","202524-10-Influenza B"
"202327","27","07/02/2023","07/08/2023","2022-2023","SARS-CoV-2","4","Austin/Montclare","2023","8,325","9.92038424218","0.8","Minimal","202327-4-SARS-CoV-2"
"202430","30","07/21/2024","07/27/2024","2023-2024","RSV","9","North Branch PS","2024","0",,"0","Minimal","202430-9-RSV"
"202547","47","11/16/2025","11/22/2025","2025-2026","RSV","999","All sites","2025","2,169.64285714286","9.33638825093","0","Minimal","202547-999-RSV"
"202310","10","03/05/2023","03/11/2023","2022-2023","Influenza A","5","Chicago Lawn/Ashburn","2023","0",,"0","Minimal","202310-5-Influenza A"
"202545","45","11/02/2025","11/08/2025","2025-2026","SARS-CoV-2","10","Racine Ave PS","2025","33,525","10.52536878652","1.4","Minimal","202545-10-SARS-CoV-2"
"202447","47","11/17/2024","11/23/2024","2024-2025","Influenza B","10","Racine Ave PS","2024","0",,"0","Minimal","202447-10-Influenza B"
"202548","48","11/23/2025","11/29/2025","2025-2026","Influenza A","11","125th St PS","2025","0",,"0","Minimal","202548-11-Influenza A"
"202412","12","03/17/2024","03/23/2024","2023-2024","RSV","4","Austin/Montclare","2024","11,887.5","10.07509052995","2.2","Minimal","202412-4-RSV"
"202521","21","05/18/2025","05/24/2025","2024-2025","Influenza A","9","North Branch PS","2025","8,062.5","9.90646972764","3","Low","202521-9-Influenza A"
"202323","23","06/04/2023","06/10/2023","2022-2023","SARS-CoV-2","4","Austin/Montclare","2023","45,900","10.66181268554","1.3","Minimal","202323-4-SARS-CoV-2"
"202523","23","06/01/2025","06/07/2025","2024-2025","Influenza A","4","Austin/Montclare","2025","0",,"0","Minimal","202523-4-Influenza A"
"202345","45","11/05/2023","11/11/2023","2023-2024","Influenza A","6","West Pullman/Roseland","2023","0",,"0","Minimal","202345-6-Influenza A"
"202245","45","11/06/2022","11/12/2022","2022-2023","Influenza B","999","All sites","2022","0",,"0","Minimal","202245-999-Influenza B"
"202214","14","04/03/2022","04/09/2022","2021-2022","Influenza B","4","Austin/Montclare","2022",,,"0","Minimal","202214-4-Influenza B"
"202309","9","02/26/2023","03/04/2023","2022-2023","Influenza B","999","All sites","2023","487.5","8.68797462003","0","Minimal","202309-999-Influenza B"
"202545","45","11/02/2025","11/08/2025","2025-2026","Influenza A","8","Little Village","2025","7,575","9.87938263717","2.7","Minimal","202545-8-Influenza A"
"202313","13","03/26/2023","04/01/2023","2022-2023","SARS-CoV-2","4","Austin/Montclare","2023","721,800","11.85841687772","8.6","Very High","202313-4-SARS-CoV-2"
"202324","24","06/11/2023","06/17/2023","2022-2023","Influenza A","11","125th St PS","2023","0",,"0","Minimal","202324-11-Influenza A"
"202329","29","07/16/2023","07/22/2023","2022-2023","SARS-CoV-2","5","Chicago Lawn/Ashburn","2023","9,300","9.96848294855","0.7","Minimal","202329-5-SARS-CoV-2"
"202351","51","12/17/2023","12/23/2023","2023-2024","Influenza A","9","North Branch PS","2023","123,337.5","11.09109514121","14.3","High","202351-9-Influenza A"
"202514","14","03/30/2025","04/05/2025","2024-2025","Influenza A","10","Racine Ave PS","2025","19,912.5","10.29912578881","3.3","Low","202514-10-Influenza A"
"202524","24","06/08/2025","06/14/2025","2024-2025","Influenza B","8","Little Village","2025","12,150","10.08457627793","4.3","Low","202524-8-Influenza B"
"202310","10","03/05/2023","03/11/2023","2022-2023","SARS-CoV-2","999","All sites","2023","780,900","11.89259542283","11.3","Very High","202310-999-SARS-CoV-2"
"202349","49","12/03/2023","12/09/2023","2023-2024","Influenza A","8","Little Village","2023","47,775","10.67920069573","6.6","Moderate","202349-8-Influenza A"
"202406","6","02/04/2024","02/10/2024","2023-2024","RSV","999","All sites","2024","60,053.5714285714","10.77853884031","7.4","Moderate","202406-999-RSV"
"202501","1","12/29/2024","01/04/2025","2024-2025","SARS-CoV-2","11","125th St PS","2025","524,812.5","11.72000417053","18.1","Very High","202501-11-SARS-CoV-2"
"202507","7","02/09/2025","02/15/2025","2024-2025","RSV","4","Austin/Montclare","2025","20,850","10.31910605931","3.3","Low","202507-4-RSV"
"202507","7","02/09/2025","02/15/2025","2024-2025","Influenza A","6","West Pullman/Roseland","2025","4,612.5","9.66393637917","2.5","Minimal","202507-6-Influenza A"
"202439","39","09/22/2024","09/28/2024","2023-2024","RSV","6","West Pullman/Roseland","2024","0",,"0","Minimal","202439-6-RSV"
"202430","30","07/21/2024","07/27/2024","2023-2024","SARS-CoV-2","5","Chicago Lawn/Ashburn","2024","155,137.5","11.19071678862","3.9","Moderate","202430-5-SARS-CoV-2"
"202304","4","01/22/2023","01/28/2023","2022-2023","Influenza B","6","West Pullman/Roseland","2023","1,950","9.29003461136","1","Minimal","202304-6-Influenza B"
"202342","42","10/15/2023","10/21/2023","2023-2024","SARS-CoV-2","999","All sites","2023","132,926.785714286","11.12361250326","3.5","Moderate","202342-999-SARS-CoV-2"
"202221","21","05/22/2022","05/28/2022","2021-2022","RSV","6","West Pullman/Roseland","2022",,,"0","Minimal","202221-6-RSV"
"202326","26","06/25/2023","07/01/2023","2022-2023","SARS-CoV-2","4","Austin/Montclare","2023","38,212.5","10.58220545173","1.2","Minimal","202326-4-SARS-CoV-2"
"202511","11","03/09/2025","03/15/2025","2024-2025","RSV","8","Little Village","2025","11,925","10.07645838771","3.9","Low","202511-8-RSV"
"202548","48","11/23/2025","11/29/2025","2025-2026","SARS-CoV-2","5","Chicago Lawn/Ashburn","2025","9,375","9.9719712764","0.6","Minimal","202548-5-SARS-CoV-2"
"202535","35","08/24/2025","08/30/2025","2024-2025","SARS-CoV-2","9","North Branch PS","2025","106,950","11.02918078891","2.1","Low","202535-9-SARS-CoV-2"
"202312","12","03/19/2023","03/25/2023","2022-2023","Influenza B","999","All sites","2023","3,028.125","9.48117379873","0","Minimal","202312-999-Influenza B"
"202529","29","07/13/2025","07/19/2025","2024-2025","RSV","5","Chicago Lawn/Ashburn","2025","0",,"0","Minimal","202529-5-RSV"
"202351","51","12/17/2023","12/23/2023","2023-2024","RSV","4","Austin/Montclare","2023","212,587.5","11.32753772472","16.6","Very High","202351-4-RSV"
"202414","14","03/31/2024","04/06/2024","2023-2024","RSV","5","Chicago Lawn/Ashburn","2024","6,037.5","9.78085714376","1.3","Minimal","202414-5-RSV"
"202328","28","07/09/2023","07/15/2023","2022-2023","RSV","5","Chicago Lawn/Ashburn","2023","1,987.5","9.29830713733","1","Minimal","202328-5-RSV"
"202451","51","12/15/2024","12/21/2024","2024-2025","RSV","6","West Pullman/Roseland","2024","3,937.5","9.5952205668","1.8","Minimal","202451-6-RSV"
"202250","50","12/11/2022","12/17/2022","2022-2023","RSV","8","Little Village","2022",,,"0","Minimal","202250-8-RSV"
"202423","23","06/02/2024","06/08/2024","2023-2024","RSV","6","West Pullman/Roseland","2024","0",,"0","Minimal","202423-6-RSV"
"202219","19","05/08/2022","05/14/2022","2021-2022","SARS-CoV-2","5","Chicago Lawn/Ashburn","2022","203,718.75","11.30903100272","4.5","Moderate","202219-5-SARS-CoV-2"
"202421","21","05/19/2024","05/25/2024","2023-2024","SARS-CoV-2","6","West Pullman/Roseland","2024","67,087.5","10.8266416083","4","Moderate","202421-6-SARS-CoV-2"
"202318","18","04/30/2023","05/06/2023","2022-2023","Influenza A","9","North Branch PS","2023","4,050","9.60745502321","1","Minimal","202318-9-Influenza A"
"202346","46","11/12/2023","11/18/2023","2023-2024","Influenza B","9","North Branch PS","2023","0",,"0","Minimal","202346-9-Influenza B"
"202307","7","02/12/2023","02/18/2023","2022-2023","Influenza B","8","Little Village","2023","0",,"0","Minimal","202307-8-Influenza B"
"202420","20","05/12/2024","05/18/2024","2023-2024","SARS-CoV-2","999","All sites","2024","59,721.4285714286","10.77613018775","2","Minimal","202420-999-SARS-CoV-2"
"202427","27","06/30/2024","07/06/2024","2023-2024","Influenza A","10","Racine Ave PS","2024","8,100","9.90848501888","1.7","Minimal","202427-10-Influenza A"
"202417","17","04/21/2024","04/27/2024","2023-2024","RSV","999","All sites","2024","3,675","9.56525734342","0","Minimal","202417-999-RSV"
"202241","41","10/09/2022","10/15/2022","2022-2023","Influenza B","6","West Pullman/Roseland","2022","0",,"0","Minimal","202241-6-Influenza B"
"202424","24","06/09/2024","06/15/2024","2023-2024","RSV","5","Chicago Lawn/Ashburn","2024","0",,"0","Minimal","202424-5-RSV"
"202331","31","07/30/2023","08/05/2023","2022-2023","Influenza A","10","Racine Ave PS","2023","4,125","9.61542395289","1.7","Minimal","202331-10-Influenza A"
"202226","26","06/26/2022","07/02/2022","2021-2022","Influenza B","999","All sites","2022",,,"0","Minimal","202226-999-Influenza B"
"202244","44","10/30/2022","11/05/2022","2022-2023","RSV","5","Chicago Lawn/Ashburn","2022",,,"0","Minimal","202244-5-RSV"
"202238","38","09/18/2022","09/24/2022","2021-2022","SARS-CoV-2","6","West Pullman/Roseland","2022","75,975","10.88067070875","3.9","Moderate","202238-6-SARS-CoV-2"
"202414","14","03/31/2024","04/06/2024","2023-2024","Influenza A","6","West Pullman/Roseland","2024","5,925","9.77268835468","3.3","Low","202414-6-Influenza A"
"202553","53","12/28/2025","01/03/2026","2025-2026","Influenza A","999","All sites","2025","166,856.665552273","11.22234356043","17.3","High","202553-999-Influenza A"
"202521","21","05/18/2025","05/24/2025","2024-2025","RSV","9","North Branch PS","2025","0",,"0","Minimal","202521-9-RSV"
"202430","30","07/21/2024","07/27/2024","2023-2024","SARS-CoV-2","11","125th St PS","2024","85,500","10.93196611473","4.8","Moderate","202430-11-SARS-CoV-2"
"202342","42","10/15/2023","10/21/2023","2023-2024","SARS-CoV-2","4","Austin/Montclare","2023","144,712.5","11.1605060463","3.2","Low","202342-4-SARS-CoV-2"
"202337","37","09/10/2023","09/16/2023","2022-2023","SARS-CoV-2","999","All sites","2023","281,539.285714286","11.44953900444","6.3","High","202337-999-SARS-CoV-2"
"202503","3","01/12/2025","01/18/2025","2024-2025","SARS-CoV-2","9","North Branch PS","2025","688,275","11.8377619951","8.5","Very High","202503-9-SARS-CoV-2"
"202434","34","08/18/2024","08/24/2024","2023-2024","Influenza B","4","Austin/Montclare","2024","0",,"0","Minimal","202434-4-Influenza B"
"202330","30","07/23/2023","07/29/2023","2022-2023","SARS-CoV-2","8","Little Village","2023","63,262.5","10.80114635032","1.9","Minimal","202330-8-SARS-CoV-2"
"202444","44","10/27/2024","11/02/2024","2024-2025","RSV","4","Austin/Montclare","2024","1,950","9.29003461136","1","Minimal","202444-4-RSV"
"202333","33","08/13/2023","08/19/2023","2022-2023","RSV","11","125th St PS","2023","0",,"0","Minimal","202333-11-RSV"
"202322","22","05/28/2023","06/03/2023","2022-2023","Influenza B","5","Chicago Lawn/Ashburn","2023","0",,"0","Minimal","202322-5-Influenza B"
"202534","34","08/17/2025","08/23/2025","2024-2025","Influenza A","5","Chicago Lawn/Ashburn","2025","0",,"0","Minimal","202534-5-Influenza A"
"202538","38","09/14/2025","09/20/2025","2024-2025","SARS-CoV-2","9","North Branch PS","2025","174,487.5","11.24176432026","3.1","Low","202538-9-SARS-CoV-2"
"202519","19","05/04/2025","05/10/2025","2024-2025","SARS-CoV-2","5","Chicago Lawn/Ashburn","2025","37,462.5","10.57359675595","1.6","Minimal","202519-5-SARS-CoV-2"
"202511","11","03/09/2025","03/15/2025","2024-2025","Influenza A","9","North Branch PS","2025","17,850","10.25163822045","3","Low","202511-9-Influenza A"
"202422","22","05/26/2024","06/01/2024","2023-2024","SARS-CoV-2","6","West Pullman/Roseland","2024","39,637.5","10.59810625504","2.9","Low","202422-6-SARS-CoV-2"
"202319","19","05/07/2023","05/13/2023","2022-2023","Influenza B","6","West Pullman/Roseland","2023","0",,"0","Minimal","202319-6-Influenza B"
"202413","13","03/24/2024","03/30/2024","2023-2024","RSV","5","Chicago Lawn/Ashburn","2024","11,400","10.05690485134","2.1","Minimal","202413-5-RSV"
"202526","26","06/22/2025","06/28/2025","2024-2025","RSV","5","Chicago Lawn/Ashburn","2025","0",,"0","Minimal","202526-5-RSV"
"202237","37","09/11/2022","09/17/2022","2021-2022","Influenza A","4","Austin/Montclare","2022",,,"0","Minimal","202237-4-Influenza A"
"202539","39","09/21/2025","09/27/2025","2024-2025","SARS-CoV-2","6","West Pullman/Roseland","2025","15,000","10.17609125906","1.5","Minimal","202539-6-SARS-CoV-2"
"202443","43","10/20/2024","10/26/2024","2024-2025","Influenza B","11","125th St PS","2024","0",,"0","Minimal","202443-11-Influenza B"
"202224","24","06/12/2022","06/18/2022","2021-2022","RSV","999","All sites","2022",,,"0","Minimal","202224-999-RSV"
"202524","24","06/08/2025","06/14/2025","2024-2025","RSV","4","Austin/Montclare","2025","0",,"0","Minimal","202524-4-RSV"
"202314","14","04/02/2023","04/08/2023","2022-2023","RSV","999","All sites","2023","2,953.125","9.47028183019","0","Minimal","202314-999-RSV"
"202334","34","08/20/2023","08/26/2023","2022-2023","SARS-CoV-2","4","Austin/Montclare","2023","194,137.5","11.28810943271","3.7","Moderate","202334-4-SARS-CoV-2"
"202507","7","02/09/2025","02/15/2025","2024-2025","Influenza A","11","125th St PS","2025","67,912.5","10.83194971804","8.5","Moderate","202507-11-Influenza A"
"202347","47","11/19/2023","11/25/2023","2023-2024","Influenza B","11","125th St PS","2023","1,912.5","9.28160144383","1","Minimal","202347-11-Influenza B"
"202331","31","07/30/2023","08/05/2023","2022-2023","RSV","11","125th St PS","2023","0",,"0","Minimal","202331-11-RSV"
"202229","29","07/17/2022","07/23/2022","2021-2022","Influenza B","6","West Pullman/Roseland","2022",,,"0","Minimal","202229-6-Influenza B"
"202434","34","08/18/2024","08/24/2024","2023-2024","SARS-CoV-2","8","Little Village","2024","162,862.5","11.21182109709","3.8","Moderate","202434-8-SARS-CoV-2"
"202525","25","06/15/2025","06/21/2025","2024-2025","Influenza A","9","North Branch PS","2025","0",,"0","Minimal","202525-9-Influenza A"
"202334","34","08/20/2023","08/26/2023","2022-2023","SARS-CoV-2","11","125th St PS","2023","119,962.5","11.07904550781","10.5","Very High","202334-11-SARS-CoV-2"
"202511","11","03/09/2025","03/15/2025","2024-2025","RSV","5","Chicago Lawn/Ashburn","2025","17,850","10.25163822045","2.9","Low","202511-5-RSV"
"202402","2","01/07/2024","01/13/2024","2023-2024","Influenza A","999","All sites","2024","43,982.1428571429","10.64327638483","6.7","Moderate","202402-999-Influenza A"
"202210","10","03/06/2022","03/12/2022","2021-2022","RSV","6","West Pullman/Roseland","2022",,,"0","Minimal","202210-6-RSV"
"202546","46","11/09/2025","11/15/2025","2025-2026","Influenza A","4","Austin/Montclare","2025","7,612.5","9.88152730564","1.6","Minimal","202546-4-Influenza A"
"202304","4","01/22/2023","01/28/2023","2022-2023","Influenza B","999","All sites","2023","1,603.125","9.20496738679","0","Minimal","202304-999-Influenza B"
"202350","50","12/10/2023","12/16/2023","2023-2024","RSV","10","Racine Ave PS","2023","19,612.5","10.2925329566","6.2","Moderate","202350-10-RSV"
"202238","38","09/18/2022","09/24/2022","2021-2022","RSV","5","Chicago Lawn/Ashburn","2022",,,"0","Minimal","202238-5-RSV"
"202340","40","10/01/2023","10/07/2023","2023-2024","Influenza A","999","All sites","2023","2,260.71428571429","9.35424567868","0","Minimal","202340-999-Influenza A"
"202344","44","10/29/2023","11/04/2023","2023-2024","RSV","5","Chicago Lawn/Ashburn","2023","15,825","10.19934371869","2.6","Low","202344-5-RSV"
"202306","6","02/05/2023","02/11/2023","2022-2023","SARS-CoV-2","6","West Pullman/Roseland","2023","290,587.5","11.46327692862","10.9","Very High","202306-6-SARS-CoV-2"
"202410","10","03/03/2024","03/09/2024","2023-2024","Influenza B","8","Little Village","2024","18,675","10.27126061049","7.6","Moderate","202410-8-Influenza B"
"202305","5","01/29/2023","02/04/2023","2022-2023","SARS-CoV-2","8","Little Village","2023","982,875","11.99249828867","14","Very High","202305-8-SARS-CoV-2"
"202532","32","08/03/2025","08/09/2025","2024-2025","SARS-CoV-2","8","Little Village","2025","75,300","10.8767949762","2.2","Low","202532-8-SARS-CoV-2"
"202306","6","02/05/2023","02/11/2023","2022-2023","RSV","4","Austin/Montclare","2023",,,"0","Minimal","202306-4-RSV"
"202419","19","05/05/2024","05/11/2024","2023-2024","SARS-CoV-2","6","West Pullman/Roseland","2024","16,012.5","10.20445914275","1.6","Minimal","202419-6-SARS-CoV-2"
"202407","7","02/11/2024","02/17/2024","2023-2024","Influenza A","8","Little Village","2024","15,112.5","10.17933631387","2.7","Minimal","202407-8-Influenza A"
"202451","51","12/15/2024","12/21/2024","2024-2025","Influenza B","4","Austin/Montclare","2024","0",,"0","Minimal","202451-4-Influenza B"
"202322","22","05/28/2023","06/03/2023","2022-2023","Influenza B","6","West Pullman/Roseland","2023","0",,"0","Minimal","202322-6-Influenza B"
"202404","4","01/21/2024","01/27/2024","2023-2024","Influenza A","9","North Branch PS","2024","20,437.5","10.31042777","3.6","Low","202404-9-Influenza A"
"202336","36","09/03/2023","09/09/2023","2022-2023","RSV","8","Little Village","2023","2,025","9.30642502755","1","Minimal","202336-8-RSV"
"202307","7","02/12/2023","02/18/2023","2022-2023","RSV","999","All sites","2023",,,"0","Minimal","202307-999-RSV"
"202552","52","12/21/2025","12/27/2025","2025-2026","Influenza B","10","Racine Ave PS","2025","0",,"0","Minimal","202552-10-Influenza B"
"202318","18","04/30/2023","05/06/2023","2022-2023","Influenza A","4","Austin/Montclare","2023","0",,"0","Minimal","202318-4-Influenza A"
"202509","9","02/23/2025","03/01/2025","2024-2025","Influenza A","6","West Pullman/Roseland","2025","1,987.5","9.29830713733","1","Minimal","202509-6-Influenza A"
"202302","2","01/08/2023","01/14/2023","2022-2023","Influenza A","6","West Pullman/Roseland","2023","0",,"0","Minimal","202302-6-Influenza A"
"202317","17","04/23/2023","04/29/2023","2022-2023","Influenza A","5","Chicago Lawn/Ashburn","2023","2,025","9.30642502755","1","Minimal","202317-5-Influenza A"
"202439","39","09/22/2024","09/28/2024","2023-2024","SARS-CoV-2","11","125th St PS","2024","76,500","10.88366143515","4.7","Moderate","202439-11-SARS-CoV-2"
"202448","48","11/24/2024","11/30/2024","2024-2025","SARS-CoV-2","6","West Pullman/Roseland","2024","6,075","9.78354628227","0.8","Minimal","202448-6-SARS-CoV-2"
"202502","2","01/05/2025","01/11/2025","2024-2025","Influenza B","6","West Pullman/Roseland","2025","0",,"0","Minimal","202502-6-Influenza B"
"202539","39","09/21/2025","09/27/2025","2024-2025","RSV","5","Chicago Lawn/Ashburn","2025","0",,"0","Minimal","202539-5-RSV"
"202319","19","05/07/2023","05/13/2023","2022-2023","Influenza A","4","Austin/Montclare","2023","0",,"0","Minimal","202319-4-Influenza A"
"202412","12","03/17/2024","03/23/2024","2023-2024","SARS-CoV-2","4","Austin/Montclare","2024","579,075","11.76273481585","7.2","High","202412-4-SARS-CoV-2"
"202508","8","02/16/2025","02/22/2025","2024-2025","Influenza A","8","Little Village","2025","149,625","11.17500416341","15.9","High","202508-8-Influenza A"
"202332","32","08/06/2023","08/12/2023","2022-2023","Influenza B","5","Chicago Lawn/Ashburn","2023","0",,"0","Minimal","202332-5-Influenza B"
"202509","9","02/23/2025","03/01/2025","2024-2025","Influenza A","999","All sites","2025","150,401.785714286","11.17725299265","14.1","High","202509-999-Influenza A"
"202346","46","11/12/2023","11/18/2023","2023-2024","Influenza A","5","Chicago Lawn/Ashburn","2023","15,975","10.20344086683","2.7","Minimal","202346-5-Influenza A"
"202537","37","09/07/2025","09/13/2025","2024-2025","SARS-CoV-2","4","Austin/Montclare","2025","214,275","11.33097150377","4","Moderate","202537-4-SARS-CoV-2"
"202346","46","11/12/2023","11/18/2023","2023-2024","Influenza B","5","Chicago Lawn/Ashburn","2023","2,025","9.30642502755","1","Minimal","202346-5-Influenza B"
"202419","19","05/05/2024","05/11/2024","2023-2024","RSV","999","All sites","2024","1,157.14285714286","9.06338697886","0","Minimal","202419-999-RSV"
"202327","27","07/02/2023","07/08/2023","2022-2023","RSV","8","Little Village","2023","0",,"0","Minimal","202327-8-RSV"
"202418","18","04/28/2024","05/04/2024","2023-2024","Influenza B","10","Racine Ave PS","2024","8,175","9.91248776133","2.3","Minimal","202418-10-Influenza B"
"202430","30","07/21/2024","07/27/2024","2023-2024","RSV","11","125th St PS","2024","0",,"0","Minimal","202430-11-RSV"
"202507","7","02/09/2025","02/15/2025","2024-2025","Influenza B","10","Racine Ave PS","2025","4,237.5","9.62710971121","2.4","Minimal","202507-10-Influenza B"
"202522","22","05/25/2025","05/31/2025","2024-2025","RSV","999","All sites","2025","1,125","9.05115252245","0","Minimal","202522-999-RSV"
"202407","7","02/11/2024","02/17/2024","2023-2024","SARS-CoV-2","10","Racine Ave PS","2024","361,425","11.55801818969","7","High","202407-10-SARS-CoV-2"
"202339","39","09/24/2023","09/30/2023","2022-2023","RSV","10","Racine Ave PS","2023","6,075","9.78354628227","1.4","Minimal","202339-10-RSV"
"202524","24","06/08/2025","06/14/2025","2024-2025","Influenza B","4","Austin/Montclare","2025","0",,"0","Minimal","202524-4-Influenza B"
"202406","6","02/04/2024","02/10/2024","2023-2024","SARS-CoV-2","10","Racine Ave PS","2024","370,012.5","11.56821639593","7.1","High","202406-10-SARS-CoV-2"
"202211","11","03/13/2022","03/19/2022","2021-2022","Influenza B","999","All sites","2022",,,"0","Minimal","202211-999-Influenza B"
"202341","41","10/08/2023","10/14/2023","2023-2024","SARS-CoV-2","8","Little Village","2023","510,750","11.7082083753","8.6","Very High","202341-8-SARS-CoV-2"
"202547","47","11/16/2025","11/22/2025","2025-2026","Influenza A","9","North Branch PS","2025","3,975","9.59933713299","1.7","Minimal","202547-9-Influenza A"
"202330","30","07/23/2023","07/29/2023","2022-2023","SARS-CoV-2","11","125th St PS","2023","71,887.5","10.85665338061","4.5","Moderate","202330-11-SARS-CoV-2"
"202413","13","03/24/2024","03/30/2024","2023-2024","Influenza B","5","Chicago Lawn/Ashburn","2024","8,625","9.93575910375","2","Minimal","202413-5-Influenza B"
"202519","19","05/04/2025","05/10/2025","2024-2025","Influenza B","9","North Branch PS","2025","1,987.5","9.29830713733","1","Minimal","202519-9-Influenza B"
"202216","16","04/17/2022","04/23/2022","2021-2022","Influenza B","4","Austin/Montclare","2022",,,"0","Minimal","202216-4-Influenza B"
"202327","27","07/02/2023","07/08/2023","2022-2023","RSV","4","Austin/Montclare","2023","0",,"0","Minimal","202327-4-RSV"
"202545","45","11/02/2025","11/08/2025","2025-2026","Influenza A","11","125th St PS","2025","0",,"0","Minimal","202545-11-Influenza A"
"202341","41","10/08/2023","10/14/2023","2023-2024","Influenza B","8","Little Village","2023","0",,"0","Minimal","202341-8-Influenza B"
"202435","35","08/25/2024","08/31/2024","2023-2024","SARS-CoV-2","6","West Pullman/Roseland","2024","65,700","10.81756536956","3.7","Moderate","202435-6-SARS-CoV-2"
"202524","24","06/08/2025","06/14/2025","2024-2025","RSV","5","Chicago Lawn/Ashburn","2025","0",,"0","Minimal","202524-5-RSV"
"202518","18","04/27/2025","05/03/2025","2024-2025","RSV","999","All sites","2025","1,408.92857142857","9.1488889762","0","Minimal","202518-999-RSV"
"202516","16","04/13/2025","04/19/2025","2024-2025","RSV","999","All sites","2025","3,107.14285714286","9.49236122128","0","Minimal","202516-999-RSV"
"202403","3","01/14/2024","01/20/2024","2023-2024","SARS-CoV-2","10","Racine Ave PS","2024","402,375","11.60463098969","7.5","High","202403-10-SARS-CoV-2"
"202540","40","09/28/2025","10/04/2025","2025-2026","Influenza B","9","North Branch PS","2025","1,875","9.27300127206","0.9","Minimal","202540-9-Influenza B"
"202320","20","05/14/2023","05/20/2023","2022-2023","Influenza A","5","Chicago Lawn/Ashburn","2023","1,950","9.29003461136","1","Minimal","202320-5-Influenza A"
"202532","32","08/03/2025","08/09/2025","2024-2025","Influenza B","4","Austin/Montclare","2025","0",,"0","Minimal","202532-4-Influenza B"
"202507","7","02/09/2025","02/15/2025","2024-2025","Influenza B","9","North Branch PS","2025","3,975","9.59933713299","1","Minimal","202507-9-Influenza B"
"202238","38","09/18/2022","09/24/2022","2021-2022","Influenza B","6","West Pullman/Roseland","2022",,,"0","Minimal","202238-6-Influenza B"
"202540","40","09/28/2025","10/04/2025","2025-2026","Influenza B","10","Racine Ave PS","2025","0",,"0","Minimal","202540-10-Influenza B"
"202443","43","10/20/2024","10/26/2024","2024-2025","Influenza B","6","West Pullman/Roseland","2024","0",,"0","Minimal","202443-6-Influenza B"
"202213","13","03/27/2022","04/02/2022","2021-2022","RSV","4","Austin/Montclare","2022",,,"0","Minimal","202213-4-RSV"
"202536","36","08/31/2025","09/06/2025","2024-2025","Influenza A","5","Chicago Lawn/Ashburn","2025","0",,"0","Minimal","202536-5-Influenza A"
"202543","43","10/19/2025","10/25/2025","2025-2026","RSV","4","Austin/Montclare","2025","0",,"0","Minimal","202543-4-RSV"
"202422","22","05/26/2024","06/01/2024","2023-2024","RSV","5","Chicago Lawn/Ashburn","2024","0",,"0","Minimal","202422-5-RSV"
"202422","22","05/26/2024","06/01/2024","2023-2024","RSV","6","West Pullman/Roseland","2024","0",,"0","Minimal","202422-6-RSV"
"202407","7","02/11/2024","02/17/2024","2023-2024","Influenza B","4","Austin/Montclare","2024","7,350","9.86628733908","2.2","Minimal","202407-4-Influenza B"
"202440","40","09/29/2024","10/05/2024","2024-2025","Influenza B","9","North Branch PS","2024","0",,"0","Minimal","202440-9-Influenza B"
"202411","11","03/10/2024","03/16/2024","2023-2024","Influenza A","6","West Pullman/Roseland","2024","14,250","10.15381486434","4","Low","202411-6-Influenza A"
"202519","19","05/04/2025","05/10/2025","2024-2025","Influenza B","999","All sites","2025","5,573.21428571429","9.74610574166","0","Minimal","202519-999-Influenza B"
"202526","26","06/22/2025","06/28/2025","2024-2025","Influenza B","10","Racine Ave PS","2025","1,987.5","9.29830713733","1","Minimal","202526-10-Influenza B"
"202501","1","12/29/2024","01/04/2025","2024-2025","RSV","8","Little Village","2025","10,800","10.03342375549","2.1","Minimal","202501-8-RSV"
"202340","40","10/01/2023","10/07/2023","2023-2024","Influenza B","11","125th St PS","2023","0",,"0","Minimal","202340-11-Influenza B"
"202334","34","08/20/2023","08/26/2023","2022-2023","Influenza A","999","All sites","2023","1,419.64285714286","9.15217910165","0","Minimal","202334-999-Influenza A"
"202419","19","05/05/2024","05/11/2024","2023-2024","Influenza B","6","West Pullman/Roseland","2024","0",,"0","Minimal","202419-6-Influenza B"
"202440","40","09/29/2024","10/05/2024","2024-2025","SARS-CoV-2","4","Austin/Montclare","2024","22,050","10.3434085938","1","Minimal","202440-4-SARS-CoV-2"
"202246","46","11/13/2022","11/19/2022","2022-2023","SARS-CoV-2","999","All sites","2022","210,975","11.32423099556","4.7","Moderate","202246-999-SARS-CoV-2"
"202523","23","06/01/2025","06/07/2025","2024-2025","RSV","11","125th St PS","2025","0",,"0","Minimal","202523-11-RSV"
"202427","27","06/30/2024","07/06/2024","2023-2024","Influenza B","5","Chicago Lawn/Ashburn","2024","0",,"0","Minimal","202427-5-Influenza B"
"202343","43","10/22/2023","10/28/2023","2023-2024","Influenza B","999","All sites","2023","289.28571428571","8.46132698754","0","Minimal","202343-999-Influenza B"
"202602","2","01/11/2026","01/17/2026","2025-2026","SARS-CoV-2","4","Austin/Montclare","2026","26,272.93","10.41950850872","1.1","Minimal","202602-4-SARS-CoV-2"
"202401","1","12/31/2023","01/06/2024","2023-2024","Influenza A","10","Racine Ave PS","2024","79,762.5","10.90179875763","9","Moderate","202401-10-Influenza A"
"202447","47","11/17/2024","11/23/2024","2024-2025","RSV","9","North Branch PS","2024","14,175","10.15152306756","2.6","Low","202447-9-RSV"
"202232","32","08/07/2022","08/13/2022","2021-2022","SARS-CoV-2","5","Chicago Lawn/Ashburn","2022","104,212.5","11.01791981451","2.9","Low","202232-5-SARS-CoV-2"
"202410","10","03/03/2024","03/09/2024","2023-2024","Influenza A","9","North Branch PS","2024","87,450","10.94175981381","11.2","Moderate","202410-9-Influenza A"
"202452","52","12/22/2024","12/28/2024","2024-2025","RSV","6","West Pullman/Roseland","2024","6,150","9.78887511578","1.4","Minimal","202452-6-RSV"
"202314","14","04/02/2023","04/08/2023","2022-2023","Influenza A","6","West Pullman/Roseland","2023","0",,"0","Minimal","202314-6-Influenza A"
"202411","11","03/10/2024","03/16/2024","2023-2024","RSV","11","125th St PS","2024","0",,"0","Minimal","202411-11-RSV"
"202418","18","04/28/2024","05/04/2024","2023-2024","SARS-CoV-2","9","North Branch PS","2024","52,912.5","10.72355828148","1.3","Minimal","202418-9-SARS-CoV-2"
"202452","52","12/22/2024","12/28/2024","2024-2025","Influenza A","4","Austin/Montclare","2024","131,325","11.11834740948","12.4","High","202452-4-Influenza A"
"202207","7","02/13/2022","02/19/2022","2021-2022","Influenza A","5","Chicago Lawn/Ashburn","2022",,,"0","Minimal","202207-5-Influenza A"
"202445","45","11/03/2024","11/09/2024","2024-2025","Influenza A","8","Little Village","2024","6,225","9.79413935577","1.4","Minimal","202445-8-Influenza A"
"202330","30","07/23/2023","07/29/2023","2022-2023","RSV","9","North Branch PS","2023","5,962.5","9.77542839205","1.3","Minimal","202330-9-RSV"
"202303","3","01/15/2023","01/21/2023","2022-2023","RSV","6","West Pullman/Roseland","2023",,,"0","Minimal","202303-6-RSV"
"202425","25","06/16/2024","06/22/2024","2023-2024","RSV","8","Little Village","2024","2,025","9.30642502755","1","Minimal","202425-8-RSV"
"202245","45","11/06/2022","11/12/2022","2022-2023","Influenza A","4","Austin/Montclare","2022","12,000","10.07918124605","2.2","Minimal","202245-4-Influenza A"
"202314","14","04/02/2023","04/08/2023","2022-2023","Influenza A","4","Austin/Montclare","2023","0",,"0","Minimal","202314-4-Influenza A"
"202448","48","11/24/2024","11/30/2024","2024-2025","Influenza B","4","Austin/Montclare","2024","0",,"0","Minimal","202448-4-Influenza B"
"202410","10","03/03/2024","03/09/2024","2023-2024","SARS-CoV-2","5","Chicago Lawn/Ashburn","2024","1,344,375","12.12852042773","16","Very High","202410-5-SARS-CoV-2"
"202511","11","03/09/2025","03/15/2025","2024-2025","Influenza B","9","North Branch PS","2025","3,975","9.59933713299","2","Minimal","202511-9-Influenza B"
"202530","30","07/20/2025","07/26/2025","2024-2025","SARS-CoV-2","8","Little Village","2025","29,737.5","10.47330445505","1.1","Minimal","202530-8-SARS-CoV-2"
"202244","44","10/30/2022","11/05/2022","2022-2023","Influenza A","4","Austin/Montclare","2022","4,837.5","9.68462097803","1.1","Minimal","202244-4-Influenza A"
"202512","12","03/16/2025","03/22/2025","2024-2025","SARS-CoV-2","999","All sites","2025","958,435.714285714","11.98156298851","14.3","Very High","202512-999-SARS-CoV-2"
"202303","3","01/15/2023","01/21/2023","2022-2023","RSV","5","Chicago Lawn/Ashburn","2023",,,"0","Minimal","202303-5-RSV"
"202333","33","08/13/2023","08/19/2023","2022-2023","Influenza B","8","Little Village","2023","0",,"0","Minimal","202333-8-Influenza B"
"202527","27","06/29/2025","07/05/2025","2024-2025","Influenza B","9","North Branch PS","2025","0",,"0","Minimal","202527-9-Influenza B"
"202428","28","07/07/2024","07/13/2024","2023-2024","Influenza A","5","Chicago Lawn/Ashburn","2024","2,325","9.36642295723","1.1","Minimal","202428-5-Influenza A"
"202547","47","11/16/2025","11/22/2025","2025-2026","SARS-CoV-2","999","All sites","2025","39,530.3571428571","10.59693073806","1.5","Minimal","202547-999-SARS-CoV-2"
"202223","23","06/05/2022","06/11/2022","2021-2022","RSV","4","Austin/Montclare","2022",,,"0","Minimal","202223-4-RSV"
"202552","52","12/21/2025","12/27/2025","2025-2026","Influenza A","9","North Branch PS","2025","69,300","10.84073323461","9.4","Moderate","202552-9-Influenza A"
"202345","45","11/05/2023","11/11/2023","2023-2024","Influenza B","11","125th St PS","2023","0",,"0","Minimal","202345-11-Influenza B"
"202251","51","12/18/2022","12/24/2022","2022-2023","RSV","4","Austin/Montclare","2022",,,"0","Minimal","202251-4-RSV"
"202533","33","08/10/2025","08/16/2025","2024-2025","SARS-CoV-2","5","Chicago Lawn/Ashburn","2025","88,237.5","10.9456531949","2.8","Low","202533-5-SARS-CoV-2"
"202347","47","11/19/2023","11/25/2023","2023-2024","Influenza B","9","North Branch PS","2023","3,937.5","9.5952205668","2","Minimal","202347-9-Influenza B"
"202418","18","04/28/2024","05/04/2024","2023-2024","SARS-CoV-2","11","125th St PS","2024","15,975","10.20344086683","2.6","Low","202418-11-SARS-CoV-2"
"202329","29","07/16/2023","07/22/2023","2022-2023","Influenza A","999","All sites","2023","1,135.71428571429","9.05526908864","0","Minimal","202329-999-Influenza A"
"202341","41","10/08/2023","10/14/2023","2023-2024","RSV","4","Austin/Montclare","2023","1,950","9.29003461136","1","Minimal","202341-4-RSV"
"202334","34","08/20/2023","08/26/2023","2022-2023","Influenza A","8","Little Village","2023","0",,"0","Minimal","202334-8-Influenza A"
"202432","32","08/04/2024","08/10/2024","2023-2024","SARS-CoV-2","999","All sites","2024","177,551.785714286","11.24932504455","4.4","Moderate","202432-999-SARS-CoV-2"
"202319","19","05/07/2023","05/13/2023","2022-2023","Influenza A","8","Little Village","2023","57,675","10.76098760319","7.7","Moderate","202319-8-Influenza A"
"202421","21","05/19/2024","05/25/2024","2023-2024","Influenza A","4","Austin/Montclare","2024","0",,"0","Minimal","202421-4-Influenza A"
"202513","13","03/23/2025","03/29/2025","2024-2025","Influenza B","6","West Pullman/Roseland","2025","0",,"0","Minimal","202513-6-Influenza B"
"202410","10","03/03/2024","03/09/2024","2023-2024","SARS-CoV-2","8","Little Village","2024","249,450","11.39698350828","5.2","Moderate","202410-8-SARS-CoV-2"
"202446","46","11/10/2024","11/16/2024","2024-2025","RSV","5","Chicago Lawn/Ashburn","2024","1,987.5","9.29830713733","1","Minimal","202446-5-RSV"
"202538","38","09/14/2025","09/20/2025","2024-2025","RSV","11","125th St PS","2025","0",,"0","Minimal","202538-11-RSV"
"202210","10","03/06/2022","03/12/2022","2021-2022","Influenza B","5","Chicago Lawn/Ashburn","2022",,,"0","Minimal","202210-5-Influenza B"
"202343","43","10/22/2023","10/28/2023","2023-2024","SARS-CoV-2","5","Chicago Lawn/Ashburn","2023","175,050","11.2431621151","4.3","Moderate","202343-5-SARS-CoV-2"
"202427","27","06/30/2024","07/06/2024","2023-2024","Influenza B","11","125th St PS","2024","0",,"0","Minimal","202427-11-Influenza B"
"202220","20","05/15/2022","05/21/2022","2021-2022","Influenza A","4","Austin/Montclare","2022",,,"0","Minimal","202220-4-Influenza A"
"202248","48","11/27/2022","12/03/2022","2022-2023","RSV","8","Little Village","2022",,,"0","Minimal","202248-8-RSV"
"202535","35","08/24/2025","08/30/2025","2024-2025","Influenza A","6","West Pullman/Roseland","2025","0",,"0","Minimal","202535-6-Influenza A"
"202344","44","10/29/2023","11/04/2023","2023-2024","Influenza A","999","All sites","2023","2,560.71428571429","9.40836112433","0","Minimal","202344-999-Influenza A"
"202305","5","01/29/2023","02/04/2023","2022-2023","Influenza A","8","Little Village","2023","71,325","10.85324178033","8.9","Moderate","202305-8-Influenza A"
"202213","13","03/27/2022","04/02/2022","2021-2022","SARS-CoV-2","4","Austin/Montclare","2022","11,183.3333333333","10.04857126979","0.8","Minimal","202213-4-SARS-CoV-2"
"202328","28","07/09/2023","07/15/2023","2022-2023","SARS-CoV-2","8","Little Village","2023","30,037.5","10.47766378381","1.1","Minimal","202328-8-SARS-CoV-2"
"202416","16","04/14/2024","04/20/2024","2023-2024","Influenza A","9","North Branch PS","2024","2,175","9.33745926129","1.1","Minimal","202416-9-Influenza A"
"202420","20","05/12/2024","05/18/2024","2023-2024","Influenza B","6","West Pullman/Roseland","2024","0",,"0","Minimal","202420-6-Influenza B"
"202319","19","05/07/2023","05/13/2023","2022-2023","Influenza A","6","West Pullman/Roseland","2023","0",,"0","Minimal","202319-6-Influenza A"
"202304","4","01/22/2023","01/28/2023","2022-2023","SARS-CoV-2","5","Chicago Lawn/Ashburn","2023","897,262.5","11.95291951732","12.3","Very High","202304-5-SARS-CoV-2"
"202247","47","11/20/2022","11/26/2022","2022-2023","SARS-CoV-2","999","All sites","2022","370,818.75","11.5691616856","5.9","High","202247-999-SARS-CoV-2"
"202529","29","07/13/2025","07/19/2025","2024-2025","RSV","4","Austin/Montclare","2025","0",,"0","Minimal","202529-4-RSV"
"202326","26","06/25/2023","07/01/2023","2022-2023","SARS-CoV-2","11","125th St PS","2023","17,775","10.2498096094","2.8","Low","202326-11-SARS-CoV-2"
"202239","39","09/25/2022","10/01/2022","2021-2022","RSV","5","Chicago Lawn/Ashburn","2022",,,"0","Minimal","202239-5-RSV"
"202302","2","01/08/2023","01/14/2023","2022-2023","Influenza B","999","All sites","2023","487.5","8.68797462003","0","Minimal","202302-999-Influenza B"
"202419","19","05/05/2024","05/11/2024","2023-2024","SARS-CoV-2","10","Racine Ave PS","2024","40,125","10.60341504541","1.5","Minimal","202419-10-SARS-CoV-2"
"202209","9","02/27/2022","03/05/2022","2021-2022","Influenza A","999","All sites","2022",,,"0","Minimal","202209-999-Influenza A"
"202330","30","07/23/2023","07/29/2023","2022-2023","Influenza B","4","Austin/Montclare","2023","0",,"0","Minimal","202330-4-Influenza B"
"202243","43","10/23/2022","10/29/2022","2022-2023","RSV","5","Chicago Lawn/Ashburn","2022",,,"0","Minimal","202243-5-RSV"
"202343","43","10/22/2023","10/28/2023","2023-2024","Influenza B","10","Racine Ave PS","2023","0",,"0","Minimal","202343-10-Influenza B"
"202239","39","09/25/2022","10/01/2022","2021-2022","SARS-CoV-2","999","All sites","2022","67,287.5","10.82793439282","2.8","Low","202239-999-SARS-CoV-2"
"202322","22","05/28/2023","06/03/2023","2022-2023","Influenza A","11","125th St PS","2023","0",,"0","Minimal","202322-11-Influenza A"
"202335","35","08/27/2023","09/02/2023","2022-2023","RSV","10","Racine Ave PS","2023","0",,"0","Minimal","202335-10-RSV"
"202552","52","12/21/2025","12/27/2025","2025-2026","Influenza B","999","All sites","2025","0",,"0","Minimal","202552-999-Influenza B"
"202332","32","08/06/2023","08/12/2023","2022-2023","Influenza A","999","All sites","2023","873.21428571429","8.94112083212","0","Minimal","202332-999-Influenza A"
"202328","28","07/09/2023","07/15/2023","2022-2023","SARS-CoV-2","11","125th St PS","2023","27,975","10.4467700952","2.3","Low","202328-11-SARS-CoV-2"
"202548","48","11/23/2025","11/29/2025","2025-2026","Influenza A","10","Racine Ave PS","2025","3,900","9.59106460703","1","Minimal","202548-10-Influenza A"
"202221","21","05/22/2022","05/28/2022","2021-2022","Influenza B","999","All sites","2022",,,"0","Minimal","202221-999-Influenza B"
"202216","16","04/17/2022","04/23/2022","2021-2022","Influenza B","5","Chicago Lawn/Ashburn","2022",,,"0","Minimal","202216-5-Influenza B"
"202535","35","08/24/2025","08/30/2025","2024-2025","Influenza B","9","North Branch PS","2025","0",,"0","Minimal","202535-9-Influenza B"
"202522","22","05/25/2025","05/31/2025","2024-2025","SARS-CoV-2","10","Racine Ave PS","2025","41,625","10.61935424651","1.6","Minimal","202522-10-SARS-CoV-2"
"202413","13","03/24/2024","03/30/2024","2023-2024","SARS-CoV-2","5","Chicago Lawn/Ashburn","2024","85,275","10.93082172808","2.7","Low","202413-5-SARS-CoV-2"
"202540","40","09/28/2025","10/04/2025","2025-2026","RSV","6","West Pullman/Roseland","2025","0",,"0","Minimal","202540-6-RSV"
"202348","48","11/26/2023","12/02/2023","2023-2024","SARS-CoV-2","5","Chicago Lawn/Ashburn","2023","2,989,500","12.47559855776","26.1","Very High","202348-5-SARS-CoV-2"
"202521","21","05/18/2025","05/24/2025","2024-2025","RSV","10","Racine Ave PS","2025","5,925","9.77268835468","2.4","Minimal","202521-10-RSV"
"202428","28","07/07/2024","07/13/2024","2023-2024","Influenza A","9","North Branch PS","2024","0",,"0","Minimal","202428-9-Influenza A"
"202514","14","03/30/2025","04/05/2025","2024-2025","SARS-CoV-2","8","Little Village","2025","217,875","11.33820740012","4.7","Moderate","202514-8-SARS-CoV-2"
"202541","41","10/05/2025","10/11/2025","2025-2026","RSV","10","Racine Ave PS","2025","0",,"0","Minimal","202541-10-RSV"
"202528","28","07/06/2025","07/12/2025","2024-2025","Influenza B","5","Chicago Lawn/Ashburn","2025","0",,"0","Minimal","202528-5-Influenza B"
"202237","37","09/11/2022","09/17/2022","2021-2022","Influenza A","999","All sites","2022",,,"0","Minimal","202237-999-Influenza A"
"202324","24","06/11/2023","06/17/2023","2022-2023","RSV","6","West Pullman/Roseland","2023","1,987.5","9.29830713733","1","Minimal","202324-6-RSV"
"202319","19","05/07/2023","05/13/2023","2022-2023","RSV","11","125th St PS","2023","0",,"0","Minimal","202319-11-RSV"
"202538","38","09/14/2025","09/20/2025","2024-2025","Influenza B","6","West Pullman/Roseland","2025","0",,"0","Minimal","202538-6-Influenza B"
"202321","21","05/21/2023","05/27/2023","2022-2023","SARS-CoV-2","10","Racine Ave PS","2023","30,000","10.47712125472","2.1","Low","202321-10-SARS-CoV-2"
"202529","29","07/13/2025","07/19/2025","2024-2025","RSV","11","125th St PS","2025","0",,"0","Minimal","202529-11-RSV"
"202531","31","07/27/2025","08/02/2025","2024-2025","SARS-CoV-2","8","Little Village","2025","36,000","10.55630250077","1.3","Minimal","202531-8-SARS-CoV-2"
"202425","25","06/16/2024","06/22/2024","2023-2024","SARS-CoV-2","6","West Pullman/Roseland","2024","22,987.5","10.36149174225","2","Minimal","202425-6-SARS-CoV-2"
"202237","37","09/11/2022","09/17/2022","2021-2022","RSV","4","Austin/Montclare","2022",,,"0","Minimal","202237-4-RSV"
"202340","40","10/01/2023","10/07/2023","2023-2024","Influenza B","10","Racine Ave PS","2023","0",,"0","Minimal","202340-10-Influenza B"
"202525","25","06/15/2025","06/21/2025","2024-2025","RSV","10","Racine Ave PS","2025","1,987.5","9.29830713733","1","Minimal","202525-10-RSV"
"202534","34","08/17/2025","08/23/2025","2024-2025","Influenza B","999","All sites","2025","0",,"0","Minimal","202534-999-Influenza B"
"202337","37","09/10/2023","09/16/2023","2022-2023","SARS-CoV-2","10","Racine Ave PS","2023","211,537.5","11.32538736745","4.8","Moderate","202337-10-SARS-CoV-2"
"202230","30","07/24/2022","07/30/2022","2021-2022","RSV","999","All sites","2022",,,"0","Minimal","202230-999-RSV"
"202340","40","10/01/2023","10/07/2023","2023-2024","RSV","9","North Branch PS","2023","3,937.5","9.5952205668","1.7","Minimal","202340-9-RSV"
"202410","10","03/03/2024","03/09/2024","2023-2024","SARS-CoV-2","4","Austin/Montclare","2024","220,350","11.34311305485","4.2","Moderate","202410-4-SARS-CoV-2"
"202514","14","03/30/2025","04/05/2025","2024-2025","Influenza B","9","North Branch PS","2025","0",,"0","Minimal","202514-9-Influenza B"
"202320","20","05/14/2023","05/20/2023","2022-2023","RSV","6","West Pullman/Roseland","2023","0",,"0","Minimal","202320-6-RSV"
"202429","29","07/14/2024","07/20/2024","2023-2024","Influenza B","10","Racine Ave PS","2024","0",,"0","Minimal","202429-10-Influenza B"
"202434","34","08/18/2024","08/24/2024","2023-2024","Influenza B","11","125th St PS","2024","0",,"0","Minimal","202434-11-Influenza B"
"202510","10","03/02/2025","03/08/2025","2024-2025","RSV","11","125th St PS","2025","2,100","9.32221929473","1","Minimal","202510-11-RSV"
"202419","19","05/05/2024","05/11/2024","2023-2024","SARS-CoV-2","11","125th St PS","2024","34,050","10.53211711625","4.4","Moderate","202419-11-SARS-CoV-2"
"202507","7","02/09/2025","02/15/2025","2024-2025","Influenza A","9","North Branch PS","2025","113,587.5","11.05533054106","13.8","High","202507-9-Influenza A"
"202549","49","11/30/2025","12/06/2025","2025-2026","SARS-CoV-2","8","Little Village","2025","149,475","11.17456856209","3.5","Moderate","202549-8-SARS-CoV-2"
"202403","3","01/14/2024","01/20/2024","2023-2024","Influenza A","999","All sites","2024","61,730.3571428571","10.7904987896","0","Minimal","202403-999-Influenza A"
"202541","41","10/05/2025","10/11/2025","2025-2026","Influenza A","5","Chicago Lawn/Ashburn","2025","0",,"0","Minimal","202541-5-Influenza A"
"202513","13","03/23/2025","03/29/2025","2024-2025","SARS-CoV-2","10","Racine Ave PS","2025","154,837.5","11.1898761506","3.8","Moderate","202513-10-SARS-CoV-2"
"202421","21","05/19/2024","05/25/2024","2023-2024","RSV","11","125th St PS","2024","0",,"0","Minimal","202421-11-RSV"
"202542","42","10/12/2025","10/18/2025","2025-2026","Influenza A","8","Little Village","2025","2,575","9.41077723338","1","Minimal","202542-8-Influenza A"
"202349","49","12/03/2023","12/09/2023","2023-2024","SARS-CoV-2","10","Racine Ave PS","2023","1,264,950","12.10207335938","13.3","Very High","202349-10-SARS-CoV-2"
"202341","41","10/08/2023","10/14/2023","2023-2024","Influenza A","10","Racine Ave PS","2023","0",,"0","Minimal","202341-10-Influenza A"
"202538","38","09/14/2025","09/20/2025","2024-2025","Influenza A","6","West Pullman/Roseland","2025","0",,"0","Minimal","202538-6-Influenza A"
"202514","14","03/30/2025","04/05/2025","2024-2025","SARS-CoV-2","5","Chicago Lawn/Ashburn","2025","119,962.5","11.07904550781","3.4","Low","202514-5-SARS-CoV-2"
"202523","23","06/01/2025","06/07/2025","2024-2025","SARS-CoV-2","9","North Branch PS","2025","91,837.5","10.96302005285","1.9","Minimal","202523-9-SARS-CoV-2"
"202550","50","12/07/2025","12/13/2025","2025-2026","Influenza B","999","All sites","2025","535.71428571429","8.72893322771","0","Minimal","202550-999-Influenza B"
"202248","48","11/27/2022","12/03/2022","2022-2023","Influenza A","999","All sites","2022","243,243.75","11.38604169015","21.8","Very High","202248-999-Influenza A"
"202542","42","10/12/2025","10/18/2025","2025-2026","RSV","8","Little Village","2025","1,912.5","9.28160144383","1","Minimal","202542-8-RSV"
"202410","10","03/03/2024","03/09/2024","2023-2024","RSV","6","West Pullman/Roseland","2024","62,962.5","10.79908196387","9.9","High","202410-6-RSV"
"202506","6","02/02/2025","02/08/2025","2024-2025","Influenza B","4","Austin/Montclare","2025","4,500","9.65321251378","2.8","Low","202506-4-Influenza B"
"202518","18","04/27/2025","05/03/2025","2024-2025","RSV","11","125th St PS","2025","0",,"0","Minimal","202518-11-RSV"
"202547","47","11/16/2025","11/22/2025","2025-2026","RSV","9","North Branch PS","2025","0",,"0","Minimal","202547-9-RSV"
"202434","34","08/18/2024","08/24/2024","2023-2024","SARS-CoV-2","6","West Pullman/Roseland","2024","20,475","10.31122391043","1.9","Minimal","202434-6-SARS-CoV-2"
"202232","32","08/07/2022","08/13/2022","2021-2022","RSV","999","All sites","2022",,,"0","Minimal","202232-999-RSV"
"202514","14","03/30/2025","04/05/2025","2024-2025","RSV","6","West Pullman/Roseland","2025","11,887.5","10.07509052995","2.5","Minimal","202514-6-RSV"
"202239","39","09/25/2022","10/01/2022","2021-2022","RSV","6","West Pullman/Roseland","2022",,,"0","Minimal","202239-6-RSV"
"202536","36","08/31/2025","09/06/2025","2024-2025","SARS-CoV-2","11","125th St PS","2025","31,762.5","10.50191467806","2.4","Low","202536-11-SARS-CoV-2"
"202250","50","12/11/2022","12/17/2022","2022-2023","SARS-CoV-2","4","Austin/Montclare","2022","3,044,625","12.48353380913","23.3","Very High","202250-4-SARS-CoV-2"
"202547","47","11/16/2025","11/22/2025","2025-2026","Influenza B","4","Austin/Montclare","2025","0",,"0","Minimal","202547-4-Influenza B"
"202342","42","10/15/2023","10/21/2023","2023-2024","SARS-CoV-2","11","125th St PS","2023","80,850","10.90768002424","4.9","Moderate","202342-11-SARS-CoV-2"
"202451","51","12/15/2024","12/21/2024","2024-2025","Influenza B","11","125th St PS","2024","0",,"0","Minimal","202451-11-Influenza B"
"202451","51","12/15/2024","12/21/2024","2024-2025","SARS-CoV-2","999","All sites","2024","376,146.428571429","11.57535694264","6.6","High","202451-999-SARS-CoV-2"
"202549","49","11/30/2025","12/06/2025","2025-2026","SARS-CoV-2","5","Chicago Lawn/Ashburn","2025","71,587.5","10.85483719612","2.4","Low","202549-5-SARS-CoV-2"
"202318","18","04/30/2023","05/06/2023","2022-2023","Influenza B","4","Austin/Montclare","2023","10,950","10.03941411918","3.7","Low","202318-4-Influenza B"
"202404","4","01/21/2024","01/27/2024","2023-2024","Influenza A","5","Chicago Lawn/Ashburn","2024","20,137.5","10.30400555343","3.2","Low","202404-5-Influenza A"
"202445","45","11/03/2024","11/09/2024","2024-2025","Influenza A","10","Racine Ave PS","2024","5,962.5","9.77542839205","2.3","Minimal","202445-10-Influenza A"
"202509","9","02/23/2025","03/01/2025","2024-2025","RSV","10","Racine Ave PS","2025","21,900","10.34044411484","3.6","Low","202509-10-RSV"
"202544","44","10/26/2025","11/01/2025","2025-2026","Influenza A","4","Austin/Montclare","2025","0",,"0","Minimal","202544-4-Influenza A"
"202401","1","12/31/2023","01/06/2024","2023-2024","Influenza A","4","Austin/Montclare","2024","102,787.5","11.01194030327","10.4","Moderate","202401-4-Influenza A"
"202536","36","08/31/2025","09/06/2025","2024-2025","Influenza A","4","Austin/Montclare","2025","0",,"0","Minimal","202536-4-Influenza A"
"202528","28","07/06/2025","07/12/2025","2024-2025","RSV","11","125th St PS","2025","2,175","9.33745926129","1.1","Minimal","202528-11-RSV"
"202301","1","01/01/2023","01/07/2023","2022-2023","Influenza B","5","Chicago Lawn/Ashburn","2023","0",,"0","Minimal","202301-5-Influenza B"
"202352","52","12/24/2023","12/30/2023","2023-2024","RSV","10","Racine Ave PS","2023","53,962.5","10.73209206166","7.2","Moderate","202352-10-RSV"
"202210","10","03/06/2022","03/12/2022","2021-2022","Influenza A","6","West Pullman/Roseland","2022",,,"0","Minimal","202210-6-Influenza A"
"202510","10","03/02/2025","03/08/2025","2024-2025","Influenza B","11","125th St PS","2025","2,100","9.32221929473","1.1","Minimal","202510-11-Influenza B"
"202447","47","11/17/2024","11/23/2024","2024-2025","Influenza B","4","Austin/Montclare","2024","0",,"0","Minimal","202447-4-Influenza B"
"202311","11","03/12/2023","03/18/2023","2022-2023","Influenza A","4","Austin/Montclare","2023","2,100","9.32221929473","1","Minimal","202311-4-Influenza A"
"202514","14","03/30/2025","04/05/2025","2024-2025","SARS-CoV-2","4","Austin/Montclare","2025","164,812.5","11.21699014714","3.5","Moderate","202514-4-SARS-CoV-2"
"202232","32","08/07/2022","08/13/2022","2021-2022","SARS-CoV-2","6","West Pullman/Roseland","2022","77,437.5","10.88895132372","4","Moderate","202232-6-SARS-CoV-2"
"202602","2","01/11/2026","01/17/2026","2025-2026","Influenza A","10","Racine Ave PS","2026","60,070.92962566","10.77866435291","7.7","Moderate","202602-10-Influenza A"
"202306","6","02/05/2023","02/11/2023","2022-2023","RSV","5","Chicago Lawn/Ashburn","2023",,,"0","Minimal","202306-5-RSV"
"202322","22","05/28/2023","06/03/2023","2022-2023","RSV","999","All sites","2023","283.92857142857","8.45320909731","0","Minimal","202322-999-RSV"
"202242","42","10/16/2022","10/22/2022","2022-2023","Influenza A","8","Little Village","2022","0",,"0","Minimal","202242-8-Influenza A"
"202552","52","12/21/2025","12/27/2025","2025-2026","Influenza A","5","Chicago Lawn/Ashburn","2025","53,475","10.72815079324","6.5","Moderate","202552-5-Influenza A"
"202329","29","07/16/2023","07/22/2023","2022-2023","RSV","5","Chicago Lawn/Ashburn","2023","0",,"0","Minimal","202329-5-RSV"
"202350","50","12/10/2023","12/16/2023","2023-2024","SARS-CoV-2","10","Racine Ave PS","2023","781,425","11.89288730142","11.8","Very High","202350-10-SARS-CoV-2"
"202553","53","12/28/2025","01/03/2026","2025-2026","SARS-CoV-2","10","Racine Ave PS","2025","673,087.5","11.82807152529","10.6","Very High","202553-10-SARS-CoV-2"
"202419","19","05/05/2024","05/11/2024","2023-2024","Influenza B","999","All sites","2024","3,069.64285714286","9.48708784968","0","Minimal","202419-999-Influenza B"
"202421","21","05/19/2024","05/25/2024","2023-2024","Influenza A","999","All sites","2024","1,467.85714285714","9.16668379053","0","Minimal","202421-999-Influenza A"
"202319","19","05/07/2023","05/13/2023","2022-2023","SARS-CoV-2","6","West Pullman/Roseland","2023","75,787.5","10.87959758124","4.4","Moderate","202319-6-SARS-CoV-2"
"202315","15","04/09/2023","04/15/2023","2022-2023","RSV","5","Chicago Lawn/Ashburn","2023","0",,"0","Minimal","202315-5-RSV"
"202436","36","09/01/2024","09/07/2024","2023-2024","Influenza B","9","North Branch PS","2024","0",,"0","Minimal","202436-9-Influenza B"
"202445","45","11/03/2024","11/09/2024","2024-2025","RSV","9","North Branch PS","2024","6,000","9.77815125038","2.3","Minimal","202445-9-RSV"
"202429","29","07/14/2024","07/20/2024","2023-2024","Influenza A","5","Chicago Lawn/Ashburn","2024","0",,"0","Minimal","202429-5-Influenza A"
"202502","2","01/05/2025","01/11/2025","2024-2025","Influenza A","10","Racine Ave PS","2025","176,925","11.24778920428","17.6","High","202502-10-Influenza A"
"202503","3","01/12/2025","01/18/2025","2024-2025","Influenza B","11","125th St PS","2025","0",,"0","Minimal","202503-11-Influenza B"
"202235","35","08/28/2022","09/03/2022","2021-2022","Influenza B","5","Chicago Lawn/Ashburn","2022",,,"0","Minimal","202235-5-Influenza B"
"202234","34","08/21/2022","08/27/2022","2021-2022","SARS-CoV-2","5","Chicago Lawn/Ashburn","2022","185,962.5","11.26942537602","4","Moderate","202234-5-SARS-CoV-2"
"202506","6","02/02/2025","02/08/2025","2024-2025","SARS-CoV-2","5","Chicago Lawn/Ashburn","2025","254,775","11.40615681026","4.9","Moderate","202506-5-SARS-CoV-2"
"202240","40","10/02/2022","10/08/2022","2022-2023","Influenza A","5","Chicago Lawn/Ashburn","2022",,,"0","Minimal","202240-5-Influenza A"
"202404","4","01/21/2024","01/27/2024","2023-2024","SARS-CoV-2","5","Chicago Lawn/Ashburn","2024","1,174,837.5","12.06997780045","13.2","Very High","202404-5-SARS-CoV-2"
"202437","37","09/08/2024","09/14/2024","2023-2024","Influenza A","4","Austin/Montclare","2024","0",,"0","Minimal","202437-4-Influenza A"
"202421","21","05/19/2024","05/25/2024","2023-2024","RSV","4","Austin/Montclare","2024","0",,"0","Minimal","202421-4-RSV"
"202437","37","09/08/2024","09/14/2024","2023-2024","SARS-CoV-2","5","Chicago Lawn/Ashburn","2024","429,262.5","11.63272295055","7.5","High","202437-5-SARS-CoV-2"
"202325","25","06/18/2023","06/24/2023","2022-2023","RSV","11","125th St PS","2023","3,937.5","9.5952205668","1","Minimal","202325-11-RSV"
"202523","23","06/01/2025","06/07/2025","2024-2025","Influenza B","11","125th St PS","2025","0",,"0","Minimal","202523-11-Influenza B"
"202424","24","06/09/2024","06/15/2024","2023-2024","RSV","9","North Branch PS","2024","0",,"0","Minimal","202424-9-RSV"
"202526","26","06/22/2025","06/28/2025","2024-2025","SARS-CoV-2","5","Chicago Lawn/Ashburn","2025","15,675","10.1952075495","0.9","Minimal","202526-5-SARS-CoV-2"
"202544","44","10/26/2025","11/01/2025","2025-2026","RSV","11","125th St PS","2025","0",,"0","Minimal","202544-11-RSV"
"202250","50","12/11/2022","12/17/2022","2022-2023","Influenza A","5","Chicago Lawn/Ashburn","2022","214,800","11.33203427703","17.7","Very High","202250-5-Influenza A"
"202311","11","03/12/2023","03/18/2023","2022-2023","SARS-CoV-2","6","West Pullman/Roseland","2023","194,212.5","11.28827717875","8.1","Very High","202311-6-SARS-CoV-2"
"202406","6","02/04/2024","02/10/2024","2023-2024","Influenza A","5","Chicago Lawn/Ashburn","2024","21,900","10.34044411484","3.4","Low","202406-5-Influenza A"
"202502","2","01/05/2025","01/11/2025","2024-2025","Influenza A","4","Austin/Montclare","2025","162,037.5","11.20961553404","14.5","High","202502-4-Influenza A"
"202421","21","05/19/2024","05/25/2024","2023-2024","Influenza B","8","Little Village","2024","0",,"0","Minimal","202421-8-Influenza B"
"202531","31","07/27/2025","08/02/2025","2024-2025","RSV","4","Austin/Montclare","2025","0",,"0","Minimal","202531-4-RSV"
"202432","32","08/04/2024","08/10/2024","2023-2024","RSV","999","All sites","2024","0",,"0","Minimal","202432-999-RSV"
"202347","47","11/19/2023","11/25/2023","2023-2024","SARS-CoV-2","9","North Branch PS","2023","1,069,087.5","12.02901325171","11.1","Very High","202347-9-SARS-CoV-2"
"202550","50","12/07/2025","12/13/2025","2025-2026","SARS-CoV-2","8","Little Village","2025","153,150","11.18511700114","3.5","Moderate","202550-8-SARS-CoV-2"
"202506","6","02/02/2025","02/08/2025","2024-2025","Influenza A","999","All sites","2025","139,521.428571429","11.14464091439","0","Minimal","202506-999-Influenza A"
"202337","37","09/10/2023","09/16/2023","2022-2023","RSV","4","Austin/Montclare","2023","2,025","9.30642502755","1","Minimal","202337-4-RSV"
"202236","36","09/04/2022","09/10/2022","2021-2022","RSV","6","West Pullman/Roseland","2022",,,"0","Minimal","202236-6-RSV"
"202349","49","12/03/2023","12/09/2023","2023-2024","Influenza B","5","Chicago Lawn/Ashburn","2023","2,025","9.30642502755","1","Minimal","202349-5-Influenza B"
"202234","34","08/21/2022","08/27/2022","2021-2022","SARS-CoV-2","6","West Pullman/Roseland","2022","199,650","11.30026931453","8","Very High","202234-6-SARS-CoV-2"
"202524","24","06/08/2025","06/14/2025","2024-2025","RSV","10","Racine Ave PS","2025","0",,"0","Minimal","202524-10-RSV"
"202435","35","08/25/2024","08/31/2024","2023-2024","Influenza B","4","Austin/Montclare","2024","0",,"0","Minimal","202435-4-Influenza B"
"202319","19","05/07/2023","05/13/2023","2022-2023","SARS-CoV-2","9","North Branch PS","2023","355,312.5","11.55061048637","5.4","High","202319-9-SARS-CoV-2"
"202438","38","09/15/2024","09/21/2024","2023-2024","Influenza A","10","Racine Ave PS","2024","13,987.5","10.14574009954","2.5","Minimal","202438-10-Influenza A"
"202513","13","03/23/2025","03/29/2025","2024-2025","RSV","5","Chicago Lawn/Ashburn","2025","3,937.5","9.5952205668","1.7","Minimal","202513-5-RSV"
"202245","45","11/06/2022","11/12/2022","2022-2023","Influenza B","6","West Pullman/Roseland","2022","0",,"0","Minimal","202245-6-Influenza B"
"202222","22","05/29/2022","06/04/2022","2021-2022","Influenza A","5","Chicago Lawn/Ashburn","2022",,,"0","Minimal","202222-5-Influenza A"
"202435","35","08/25/2024","08/31/2024","2023-2024","Influenza A","5","Chicago Lawn/Ashburn","2024","4,125","9.61542395289","1.7","Minimal","202435-5-Influenza A"
"202327","27","07/02/2023","07/08/2023","2022-2023","SARS-CoV-2","10","Racine Ave PS","2023","0",,"0","Minimal","202327-10-SARS-CoV-2"
"202448","48","11/24/2024","11/30/2024","2024-2025","RSV","8","Little Village","2024","13,912.5","10.14340517734","2.6","Low","202448-8-RSV"
"202401","1","12/31/2023","01/06/2024","2023-2024","RSV","9","North Branch PS","2024","204,225","11.31010890473","19.2","Very High","202401-9-RSV"
"202239","39","09/25/2022","10/01/2022","2021-2022","Influenza A","5","Chicago Lawn/Ashburn","2022",,,"0","Minimal","202239-5-Influenza A"
"202428","28","07/07/2024","07/13/2024","2023-2024","Influenza B","8","Little Village","2024","2,662.5","9.42528961645","1.5","Minimal","202428-8-Influenza B"
"202305","5","01/29/2023","02/04/2023","2022-2023","Influenza A","6","West Pullman/Roseland","2023","0",,"0","Minimal","202305-6-Influenza A"
"202330","30","07/23/2023","07/29/2023","2022-2023","Influenza A","9","North Branch PS","2023","3,975","9.59933713299","1.7","Minimal","202330-9-Influenza A"
"202344","44","10/29/2023","11/04/2023","2023-2024","Influenza B","4","Austin/Montclare","2023","0",,"0","Minimal","202344-4-Influenza B"
"202334","34","08/20/2023","08/26/2023","2022-2023","Influenza B","10","Racine Ave PS","2023","0",,"0","Minimal","202334-10-Influenza B"
"202218","18","05/01/2022","05/07/2022","2021-2022","Influenza A","999","All sites","2022",,,"0","Minimal","202218-999-Influenza A"
"202448","48","11/24/2024","11/30/2024","2024-2025","Influenza B","8","Little Village","2024","0",,"0","Minimal","202448-8-Influenza B"
"202544","44","10/26/2025","11/01/2025","2025-2026","Influenza B","11","125th St PS","2025","0",,"0","Minimal","202544-11-Influenza B"
"202532","32","08/03/2025","08/09/2025","2024-2025","RSV","6","West Pullman/Roseland","2025","0",,"0","Minimal","202532-6-RSV"
"202450","50","12/08/2024","12/14/2024","2024-2025","RSV","6","West Pullman/Roseland","2024","6,300","9.79934054945","2.6","Low","202450-6-RSV"
"202536","36","08/31/2025","09/06/2025","2024-2025","SARS-CoV-2","999","All sites","2025","111,267.857142857","11.04636972425","3.3","Low","202536-999-SARS-CoV-2"
"202241","41","10/09/2022","10/15/2022","2022-2023","Influenza B","4","Austin/Montclare","2022","0",,"0","Minimal","202241-4-Influenza B"
"202350","50","12/10/2023","12/16/2023","2023-2024","Influenza A","6","West Pullman/Roseland","2023","23,775","10.37612052561","7","Moderate","202350-6-Influenza A"
"202334","34","08/20/2023","08/26/2023","2022-2023","RSV","5","Chicago Lawn/Ashburn","2023","2,662.5","9.42528961645","1.2","Minimal","202334-5-RSV"
"202336","36","09/03/2023","09/09/2023","2022-2023","SARS-CoV-2","8","Little Village","2023","249,975","11.39789657705","5","Moderate","202336-8-SARS-CoV-2"
"202551","51","12/14/2025","12/20/2025","2025-2026","RSV","10","Racine Ave PS","2025","3,743.4980633663","9.57327761279","1","Minimal","202551-10-RSV"
"202535","35","08/24/2025","08/30/2025","2024-2025","Influenza A","5","Chicago Lawn/Ashburn","2025","0",,"0","Minimal","202535-5-Influenza A"
"202323","23","06/04/2023","06/10/2023","2022-2023","SARS-CoV-2","9","North Branch PS","2023","38,062.5","10.58049730998","1","Minimal","202323-9-SARS-CoV-2"
"202510","10","03/02/2025","03/08/2025","2024-2025","SARS-CoV-2","6","West Pullman/Roseland","2025","3,937.5","9.5952205668","1","Minimal","202510-6-SARS-CoV-2"
"202452","52","12/22/2024","12/28/2024","2024-2025","RSV","999","All sites","2024","23,035.7142857143","10.36240168329","0","Minimal","202452-999-RSV"
"202526","26","06/22/2025","06/28/2025","2024-2025","RSV","999","All sites","2025","0",,"0","Minimal","202526-999-RSV"
"202442","42","10/13/2024","10/19/2024","2024-2025","SARS-CoV-2","999","All sites","2024","9,610.71428571429","9.98275566642","0","Minimal","202442-999-SARS-CoV-2"
"202247","47","11/20/2022","11/26/2022","2022-2023","Influenza B","6","West Pullman/Roseland","2022","0",,"0","Minimal","202247-6-Influenza B"
"202218","18","05/01/2022","05/07/2022","2021-2022","Influenza A","5","Chicago Lawn/Ashburn","2022",,,"0","Minimal","202218-5-Influenza A"
"202514","14","03/30/2025","04/05/2025","2024-2025","RSV","8","Little Village","2025","7,950","9.90036712866","1.6","Minimal","202514-8-RSV"
"202418","18","04/28/2024","05/04/2024","2023-2024","Influenza A","10","Racine Ave PS","2024","4,050","9.60745502321","1.7","Minimal","202418-10-Influenza A"
"202241","41","10/09/2022","10/15/2022","2022-2023","Influenza A","6","West Pullman/Roseland","2022","0",,"0","Minimal","202241-6-Influenza A"
"202246","46","11/13/2022","11/19/2022","2022-2023","RSV","4","Austin/Montclare","2022",,,"0","Minimal","202246-4-RSV"
"202335","35","08/27/2023","09/02/2023","2022-2023","Influenza A","4","Austin/Montclare","2023","4,050","9.60745502321","1.7","Minimal","202335-4-Influenza A"
"202228","28","07/10/2022","07/16/2022","2021-2022","Influenza A","4","Austin/Montclare","2022",,,"0","Minimal","202228-4-Influenza A"
"202412","12","03/17/2024","03/23/2024","2023-2024","Influenza A","11","125th St PS","2024","0",,"0","Minimal","202412-11-Influenza A"
"202321","21","05/21/2023","05/27/2023","2022-2023","SARS-CoV-2","4","Austin/Montclare","2023","51,000","10.7075701761","1.6","Minimal","202321-4-SARS-CoV-2"
"202549","49","11/30/2025","12/06/2025","2025-2026","Influenza B","11","125th St PS","2025","0",,"0","Minimal","202549-11-Influenza B"
"202235","35","08/28/2022","09/03/2022","2021-2022","Influenza B","999","All sites","2022",,,"0","Minimal","202235-999-Influenza B"
"202445","45","11/03/2024","11/09/2024","2024-2025","Influenza A","5","Chicago Lawn/Ashburn","2024","1,950","9.29003461136","1","Minimal","202445-5-Influenza A"
"202352","52","12/24/2023","12/30/2023","2023-2024","RSV","5","Chicago Lawn/Ashburn","2023","102,450","11.01051196274","10.2","High","202352-5-RSV"
"202241","41","10/09/2022","10/15/2022","2022-2023","RSV","5","Chicago Lawn/Ashburn","2022",,,"0","Minimal","202241-5-RSV"
"202332","32","08/06/2023","08/12/2023","2022-2023","SARS-CoV-2","4","Austin/Montclare","2023","491,775","11.69176644706","6.8","High","202332-4-SARS-CoV-2"
"202405","5","01/28/2024","02/03/2024","2023-2024","Influenza B","6","West Pullman/Roseland","2024","5,962.5","9.77542839205","2.8","Low","202405-6-Influenza B"
"202225","25","06/19/2022","06/25/2022","2021-2022","RSV","999","All sites","2022",,,"0","Minimal","202225-999-RSV"
"202436","36","09/01/2024","09/07/2024","2023-2024","Influenza A","9","North Branch PS","2024","3,937.5","9.5952205668","1.7","Minimal","202436-9-Influenza A"
"202406","6","02/04/2024","02/10/2024","2023-2024","Influenza A","11","125th St PS","2024","24,300","10.3856062736","3.9","Low","202406-11-Influenza A"
"202227","27","07/03/2022","07/09/2022","2021-2022","SARS-CoV-2","5","Chicago Lawn/Ashburn","2022","245,575","11.39018415272","4.7","Moderate","202227-5-SARS-CoV-2"
"202338","38","09/17/2023","09/23/2023","2022-2023","SARS-CoV-2","999","All sites","2023","216,873.214285714","11.33620591621","4.1","Moderate","202338-999-SARS-CoV-2"
"202419","19","05/05/2024","05/11/2024","2023-2024","SARS-CoV-2","9","North Branch PS","2024","75,412.5","10.87744333832","1.6","Minimal","202419-9-SARS-CoV-2"
"202539","39","09/21/2025","09/27/2025","2024-2025","SARS-CoV-2","11","125th St PS","2025","9,450","9.97543180851","1.1","Minimal","202539-11-SARS-CoV-2"
"202532","32","08/03/2025","08/09/2025","2024-2025","RSV","10","Racine Ave PS","2025","1,325","9.12221587827","1","Minimal","202532-10-RSV"
"202442","42","10/13/2024","10/19/2024","2024-2025","Influenza B","4","Austin/Montclare","2024","0",,"0","Minimal","202442-4-Influenza B"
"202515","15","04/06/2025","04/12/2025","2024-2025","Influenza B","10","Racine Ave PS","2025","0",,"0","Minimal","202515-10-Influenza B"
"202434","34","08/18/2024","08/24/2024","2023-2024","Influenza A","6","West Pullman/Roseland","2024","0",,"0","Minimal","202434-6-Influenza A"
"202547","47","11/16/2025","11/22/2025","2025-2026","SARS-CoV-2","9","North Branch PS","2025","19,725","10.29501701188","0.6","Minimal","202547-9-SARS-CoV-2"
"202249","49","12/04/2022","12/10/2022","2022-2023","RSV","999","All sites","2022",,,"0","Minimal","202249-999-RSV"
"202508","8","02/16/2025","02/22/2025","2024-2025","RSV","999","All sites","2025","11,250","10.05115252245","0","Minimal","202508-999-RSV"
"202449","49","12/01/2024","12/07/2024","2024-2025","RSV","5","Chicago Lawn/Ashburn","2024","3,900","9.59106460703","1.6","Minimal","202449-5-RSV"
"202317","17","04/23/2023","04/29/2023","2022-2023","SARS-CoV-2","4","Austin/Montclare","2023","144,262.5","11.15915345403","3.1","Low","202317-4-SARS-CoV-2"
"202545","45","11/02/2025","11/08/2025","2025-2026","Influenza B","5","Chicago Lawn/Ashburn","2025","0",,"0","Minimal","202545-5-Influenza B"
"202427","27","06/30/2024","07/06/2024","2023-2024","Influenza B","8","Little Village","2024","0",,"0","Minimal","202427-8-Influenza B"
"202522","22","05/25/2025","05/31/2025","2024-2025","RSV","4","Austin/Montclare","2025","5,887.5","9.76993092014","2.2","Minimal","202522-4-RSV"
"202513","13","03/23/2025","03/29/2025","2024-2025","Influenza B","8","Little Village","2025","4,012.5","9.60341504541","1","Minimal","202513-8-Influenza B"
"202246","46","11/13/2022","11/19/2022","2022-2023","Influenza A","999","All sites","2022","81,018.75","10.90858553838","9.4","Moderate","202246-999-Influenza A"
"202537","37","09/07/2025","09/13/2025","2024-2025","Influenza B","10","Racine Ave PS","2025","5,625","9.75012252678","3.3","Low","202537-10-Influenza B"
"202518","18","04/27/2025","05/03/2025","2024-2025","SARS-CoV-2","4","Austin/Montclare","2025","228,037.5","11.35800627114","4.1","Moderate","202518-4-SARS-CoV-2"
"202223","23","06/05/2022","06/11/2022","2021-2022","RSV","5","Chicago Lawn/Ashburn","2022",,,"0","Minimal","202223-5-RSV"
"202505","5","01/26/2025","02/01/2025","2024-2025","Influenza A","10","Racine Ave PS","2025","467,700","11.66996736991","35.1","Very High","202505-10-Influenza A"
"202509","9","02/23/2025","03/01/2025","2024-2025","Influenza B","8","Little Village","2025","3,937.5","9.5952205668","2.4","Minimal","202509-8-Influenza B"
"202211","11","03/13/2022","03/19/2022","2021-2022","Influenza A","6","West Pullman/Roseland","2022",,,"0","Minimal","202211-6-Influenza A"
"202329","29","07/16/2023","07/22/2023","2022-2023","SARS-CoV-2","9","North Branch PS","2023","279,037.5","11.44566257227","4.1","Moderate","202329-9-SARS-CoV-2"
"202429","29","07/14/2024","07/20/2024","2023-2024","Influenza A","6","West Pullman/Roseland","2024","4,237.5","9.62710971121","1.1","Minimal","202429-6-Influenza A"
"202310","10","03/05/2023","03/11/2023","2022-2023","Influenza B","8","Little Village","2023","2,025","9.30642502755","1","Minimal","202310-8-Influenza B"
"202549","49","11/30/2025","12/06/2025","2025-2026","Influenza B","8","Little Village","2025","7,225","9.85883785143","9.2","Moderate","202549-8-Influenza B"
"202339","39","09/24/2023","09/30/2023","2022-2023","RSV","11","125th St PS","2023","0",,"0","Minimal","202339-11-RSV"
"202335","35","08/27/2023","09/02/2023","2022-2023","Influenza B","999","All sites","2023","549.5","8.73996769676","0","Minimal","202335-999-Influenza B"
"202517","17","04/20/2025","04/26/2025","2024-2025","RSV","11","125th St PS","2025","1,987.5","9.29830713733","1","Minimal","202517-11-RSV"
"202441","41","10/06/2024","10/12/2024","2024-2025","SARS-CoV-2","4","Austin/Montclare","2024","4,162.5","9.61935424651","0.5","Minimal","202441-4-SARS-CoV-2"
"202218","18","05/01/2022","05/07/2022","2021-2022","RSV","5","Chicago Lawn/Ashburn","2022",,,"0","Minimal","202218-5-RSV"
"202247","47","11/20/2022","11/26/2022","2022-2023","Influenza A","999","All sites","2022","774,618.75","11.88908800507","37.9","Very High","202247-999-Influenza A"
"202325","25","06/18/2023","06/24/2023","2022-2023","SARS-CoV-2","10","Racine Ave PS","2023","22,012.5","10.34266936898","1.1","Minimal","202325-10-SARS-CoV-2"
"202544","44","10/26/2025","11/01/2025","2025-2026","RSV","999","All sites","2025","0",,"0","Minimal","202544-999-RSV"
"202425","25","06/16/2024","06/22/2024","2023-2024","Influenza A","10","Racine Ave PS","2024","4,087.5","9.61145776567","1.7","Minimal","202425-10-Influenza A"
"202224","24","06/12/2022","06/18/2022","2021-2022","Influenza A","999","All sites","2022",,,"0","Minimal","202224-999-Influenza A"
"202520","20","05/11/2025","05/17/2025","2024-2025","SARS-CoV-2","999","All sites","2025","708,814.285714286","11.8505324619","5.7","High","202520-999-SARS-CoV-2"
"202320","20","05/14/2023","05/20/2023","2022-2023","SARS-CoV-2","10","Racine Ave PS","2023","192,375","11.28414863284","4.4","Moderate","202320-10-SARS-CoV-2"
"202322","22","05/28/2023","06/03/2023","2022-2023","Influenza A","4","Austin/Montclare","2023","0",,"0","Minimal","202322-4-Influenza A"
"202401","1","12/31/2023","01/06/2024","2023-2024","SARS-CoV-2","8","Little Village","2024","1,510,275","12.17905603346","17.4","Very High","202401-8-SARS-CoV-2"
"202322","22","05/28/2023","06/03/2023","2022-2023","Influenza A","999","All sites","2023","7,425","9.87069645799","0","Minimal","202322-999-Influenza A"
"202541","41","10/05/2025","10/11/2025","2025-2026","SARS-CoV-2","999","All sites","2025","10,307.1428571429","10.01313829542","0","Minimal","202541-999-SARS-CoV-2"
"202429","29","07/14/2024","07/20/2024","2023-2024","RSV","6","West Pullman/Roseland","2024","0",,"0","Minimal","202429-6-RSV"
"202451","51","12/15/2024","12/21/2024","2024-2025","SARS-CoV-2","8","Little Village","2024","249,675","11.39737505855","5.2","Moderate","202451-8-SARS-CoV-2"
"202524","24","06/08/2025","06/14/2025","2024-2025","Influenza B","11","125th St PS","2025","0",,"0","Minimal","202524-11-Influenza B"
"202347","47","11/19/2023","11/25/2023","2023-2024","Influenza A","9","North Branch PS","2023","47,437.5","10.67612179324","12","High","202347-9-Influenza A"
"202210","10","03/06/2022","03/12/2022","2021-2022","SARS-CoV-2","5","Chicago Lawn/Ashburn","2022","0",,"0","Minimal","202210-5-SARS-CoV-2"
"202442","42","10/13/2024","10/19/2024","2024-2025","RSV","9","North Branch PS","2024","0",,"0","Minimal","202442-9-RSV"
"202325","25","06/18/2023","06/24/2023","2022-2023","Influenza B","5","Chicago Lawn/Ashburn","2023","0",,"0","Minimal","202325-5-Influenza B"
"202235","35","08/28/2022","09/03/2022","2021-2022","Influenza A","6","West Pullman/Roseland","2022",,,"0","Minimal","202235-6-Influenza A"
"202340","40","10/01/2023","10/07/2023","2023-2024","RSV","6","West Pullman/Roseland","2023","4,200","9.6232492904","1.9","Minimal","202340-6-RSV"
"202301","1","01/01/2023","01/07/2023","2022-2023","Influenza A","5","Chicago Lawn/Ashburn","2023","68,775","10.83743059906","7.8","Moderate","202301-5-Influenza A"
"202440","40","09/29/2024","10/05/2024","2024-2025","RSV","999","All sites","2024","278.57142857143","8.44493657135","0","Minimal","202440-999-RSV"
"202523","23","06/01/2025","06/07/2025","2024-2025","SARS-CoV-2","11","125th St PS","2025","25,837.5","10.41225048964","2.2","Low","202523-11-SARS-CoV-2"
"202347","47","11/19/2023","11/25/2023","2023-2024","SARS-CoV-2","999","All sites","2023","904,971.428571429","11.95663486803","12.7","Very High","202347-999-SARS-CoV-2"
"202512","12","03/16/2025","03/22/2025","2024-2025","Influenza B","4","Austin/Montclare","2025","0",,"0","Minimal","202512-4-Influenza B"
"202242","42","10/16/2022","10/22/2022","2022-2023","RSV","4","Austin/Montclare","2022",,,"0","Minimal","202242-4-RSV"
"202328","28","07/09/2023","07/15/2023","2022-2023","Influenza A","6","West Pullman/Roseland","2023","0",,"0","Minimal","202328-6-Influenza A"
"202406","6","02/04/2024","02/10/2024","2023-2024","SARS-CoV-2","5","Chicago Lawn/Ashburn","2024","844,425","11.92656108252","11.6","Very High","202406-5-SARS-CoV-2"
"202414","14","03/31/2024","04/06/2024","2023-2024","Influenza B","8","Little Village","2024","10,425","10.01807606365","3.8","Low","202414-8-Influenza B"
"202345","45","11/05/2023","11/11/2023","2023-2024","SARS-CoV-2","6","West Pullman/Roseland","2023","60,150","10.77923563168","3.9","Moderate","202345-6-SARS-CoV-2"
"202330","30","07/23/2023","07/29/2023","2022-2023","RSV","999","All sites","2023","1,687.5","9.2272437815","0","Minimal","202330-999-RSV"
"202321","21","05/21/2023","05/27/2023","2022-2023","Influenza A","9","North Branch PS","2023","2,100","9.32221929473","1","Minimal","202321-9-Influenza A"
"202521","21","05/18/2025","05/24/2025","2024-2025","Influenza A","8","Little Village","2025","0",,"0","Minimal","202521-8-Influenza A"
"202530","30","07/20/2025","07/26/2025","2024-2025","RSV","11","125th St PS","2025","0",,"0","Minimal","202530-11-RSV"
"202523","23","06/01/2025","06/07/2025","2024-2025","Influenza B","4","Austin/Montclare","2025","0",,"0","Minimal","202523-4-Influenza B"
"202408","8","02/18/2024","02/24/2024","2023-2024","Influenza B","9","North Branch PS","2024","1,950","9.29003461136","1","Minimal","202408-9-Influenza B"
"202441","41","10/06/2024","10/12/2024","2024-2025","Influenza B","11","125th St PS","2024","0",,"0","Minimal","202441-11-Influenza B"
"202344","44","10/29/2023","11/04/2023","2023-2024","Influenza B","8","Little Village","2023","1,987.5","9.29830713733","1","Minimal","202344-8-Influenza B"
"202432","32","08/04/2024","08/10/2024","2023-2024","Influenza A","4","Austin/Montclare","2024","0",,"0","Minimal","202432-4-Influenza A"
"202224","24","06/12/2022","06/18/2022","2021-2022","Influenza B","999","All sites","2022",,,"0","Minimal","202224-999-Influenza B"
"202227","27","07/03/2022","07/09/2022","2021-2022","Influenza B","6","West Pullman/Roseland","2022",,,"0","Minimal","202227-6-Influenza B"
"202318","18","04/30/2023","05/06/2023","2022-2023","SARS-CoV-2","8","Little Village","2023","148,837.5","11.17271236663","3.6","Moderate","202318-8-SARS-CoV-2"
"202444","44","10/27/2024","11/02/2024","2024-2025","Influenza A","999","All sites","2024","1,521.42857142857","9.18225156776","0","Minimal","202444-999-Influenza A"
"202318","18","04/30/2023","05/06/2023","2022-2023","Influenza A","999","All sites","2023","43,668.75","10.6401707606","0","Minimal","202318-999-Influenza A"
"202429","29","07/14/2024","07/20/2024","2023-2024","Influenza A","9","North Branch PS","2024","2,025","9.30642502755","1","Minimal","202429-9-Influenza A"
"202416","16","04/14/2024","04/20/2024","2023-2024","RSV","11","125th St PS","2024","0",,"0","Minimal","202416-11-RSV"
"202343","43","10/22/2023","10/28/2023","2023-2024","RSV","4","Austin/Montclare","2023","13,950","10.14457420761","2.4","Minimal","202343-4-RSV"
"202408","8","02/18/2024","02/24/2024","2023-2024","Influenza A","4","Austin/Montclare","2024","281,587.5","11.44961337206","19.4","Very High","202408-4-Influenza A"
"202529","29","07/13/2025","07/19/2025","2024-2025","Influenza B","11","125th St PS","2025","0",,"0","Minimal","202529-11-Influenza B"
"202504","4","01/19/2025","01/25/2025","2024-2025","Influenza B","4","Austin/Montclare","2025","0",,"0","Minimal","202504-4-Influenza B"
"202532","32","08/03/2025","08/09/2025","2024-2025","RSV","999","All sites","2025","189.28571428571","8.27711783826","0","Minimal","202532-999-RSV"
"202338","38","09/17/2023","09/23/2023","2022-2023","RSV","4","Austin/Montclare","2023","1,950","9.29003461136","1","Minimal","202338-4-RSV"
"202436","36","09/01/2024","09/07/2024","2023-2024","RSV","9","North Branch PS","2024","0",,"0","Minimal","202436-9-RSV"
"202214","14","04/03/2022","04/09/2022","2021-2022","SARS-CoV-2","5","Chicago Lawn/Ashburn","2022","4,118.75","9.61476543194","0.5","Minimal","202214-5-SARS-CoV-2"
"202329","29","07/16/2023","07/22/2023","2022-2023","RSV","999","All sites","2023","1,146.42857142857","9.05934700106","0","Minimal","202329-999-RSV"
"202411","11","03/10/2024","03/16/2024","2023-2024","RSV","5","Chicago Lawn/Ashburn","2024","12,000","10.07918124605","2.2","Minimal","202411-5-RSV"
"202329","29","07/16/2023","07/22/2023","2022-2023","SARS-CoV-2","6","West Pullman/Roseland","2023","3,937.5","9.5952205668","1","Minimal","202329-6-SARS-CoV-2"
"202326","26","06/25/2023","07/01/2023","2022-2023","SARS-CoV-2","6","West Pullman/Roseland","2023","36,300","10.55990662504","2.6","Low","202326-6-SARS-CoV-2"
"202533","33","08/10/2025","08/16/2025","2024-2025","Influenza B","5","Chicago Lawn/Ashburn","2025","0",,"0","Minimal","202533-5-Influenza B"
"202507","7","02/09/2025","02/15/2025","2024-2025","Influenza A","8","Little Village","2025","72,637.5","10.86116088845","9.1","Moderate","202507-8-Influenza A"
"202550","50","12/07/2025","12/13/2025","2025-2026","SARS-CoV-2","9","North Branch PS","2025","156,075","11.1933333436","2.9","Low","202550-9-SARS-CoV-2"
"202506","6","02/02/2025","02/08/2025","2024-2025","Influenza A","5","Chicago Lawn/Ashburn","2025","96,900","10.98632377705","9.2","Moderate","202506-5-Influenza A"
"202211","11","03/13/2022","03/19/2022","2021-2022","SARS-CoV-2","4","Austin/Montclare","2022","5,150","9.71180722904","0.6","Minimal","202211-4-SARS-CoV-2"
"202603","3","01/18/2026","01/24/2026","2025-2026","Influenza B","10","Racine Ave PS","2026","0",,"0","Minimal","202603-10-Influenza B"
"202334","34","08/20/2023","08/26/2023","2022-2023","RSV","8","Little Village","2023","0",,"0","Minimal","202334-8-RSV"
"202207","7","02/13/2022","02/19/2022","2021-2022","SARS-CoV-2","4","Austin/Montclare","2022","16,000","10.20411998266","0.8","Minimal","202207-4-SARS-CoV-2"
"202420","20","05/12/2024","05/18/2024","2023-2024","Influenza A","10","Racine Ave PS","2024","10,162.5","10.0070005586","3.4","Low","202420-10-Influenza A"
"202239","39","09/25/2022","10/01/2022","2021-2022","SARS-CoV-2","5","Chicago Lawn/Ashburn","2022","59,775","10.77651958479","2.1","Low","202239-5-SARS-CoV-2"
"202211","11","03/13/2022","03/19/2022","2021-2022","SARS-CoV-2","5","Chicago Lawn/Ashburn","2022","6,833.33333333333","9.83463260634","1.1","Minimal","202211-5-SARS-CoV-2"
"202452","52","12/22/2024","12/28/2024","2024-2025","SARS-CoV-2","10","Racine Ave PS","2024","329,362.5","11.51767415048","6.5","High","202452-10-SARS-CoV-2"
"202315","15","04/09/2023","04/15/2023","2022-2023","SARS-CoV-2","999","All sites","2023","233,728.125","11.36871097511","6.3","High","202315-999-SARS-CoV-2"
"202411","11","03/10/2024","03/16/2024","2023-2024","SARS-CoV-2","5","Chicago Lawn/Ashburn","2024","297,450","11.47341397326","5.9","High","202411-5-SARS-CoV-2"
"202505","5","01/26/2025","02/01/2025","2024-2025","Influenza B","10","Racine Ave PS","2025","0",,"0","Minimal","202505-10-Influenza B"
"202424","24","06/09/2024","06/15/2024","2023-2024","Influenza B","8","Little Village","2024","0",,"0","Minimal","202424-8-Influenza B"
"202431","31","07/28/2024","08/03/2024","2023-2024","Influenza B","9","North Branch PS","2024","0",,"0","Minimal","202431-9-Influenza B"
"202438","38","09/15/2024","09/21/2024","2023-2024","Influenza B","9","North Branch PS","2024","0",,"0","Minimal","202438-9-Influenza B"
"202527","27","06/29/2025","07/05/2025","2024-2025","Influenza A","999","All sites","2025","2,110.71428571429","9.32442944954","0","Minimal","202527-999-Influenza A"
"202426","26","06/23/2024","06/29/2024","2023-2024","RSV","5","Chicago Lawn/Ashburn","2024","0",,"0","Minimal","202426-5-RSV"
"202416","16","04/14/2024","04/20/2024","2023-2024","SARS-CoV-2","6","West Pullman/Roseland","2024","55,987.5","10.74809107545","3.6","Moderate","202416-6-SARS-CoV-2"
"202325","25","06/18/2023","06/24/2023","2022-2023","Influenza A","999","All sites","2023","13,200","10.12057393121","0","Minimal","202325-999-Influenza A"
"202422","22","05/26/2024","06/01/2024","2023-2024","RSV","10","Racine Ave PS","2024","1,987.5","9.29830713733","1","Minimal","202422-10-RSV"
"202419","19","05/05/2024","05/11/2024","2023-2024","Influenza B","5","Chicago Lawn/Ashburn","2024","3,937.5","9.5952205668","1.8","Minimal","202419-5-Influenza B"
"202432","32","08/04/2024","08/10/2024","2023-2024","RSV","11","125th St PS","2024","0",,"0","Minimal","202432-11-RSV"
"202508","8","02/16/2025","02/22/2025","2024-2025","Influenza A","6","West Pullman/Roseland","2025","3,975","9.59933713299","1","Minimal","202508-6-Influenza A"
"202245","45","11/06/2022","11/12/2022","2022-2023","Influenza B","5","Chicago Lawn/Ashburn","2022","0",,"0","Minimal","202245-5-Influenza B"
"202527","27","06/29/2025","07/05/2025","2024-2025","Influenza B","6","West Pullman/Roseland","2025","0",,"0","Minimal","202527-6-Influenza B"
"202519","19","05/04/2025","05/10/2025","2024-2025","Influenza A","11","125th St PS","2025","0",,"0","Minimal","202519-11-Influenza A"
"202208","8","02/20/2022","02/26/2022","2021-2022","SARS-CoV-2","5","Chicago Lawn/Ashburn","2022","7,650","9.88366143515","0.6","Minimal","202208-5-SARS-CoV-2"
"202210","10","03/06/2022","03/12/2022","2021-2022","Influenza A","4","Austin/Montclare","2022",,,"0","Minimal","202210-4-Influenza A"
"202506","6","02/02/2025","02/08/2025","2024-2025","Influenza A","8","Little Village","2025","141,862.5","11.15186760902","15.3","High","202506-8-Influenza A"
"202508","8","02/16/2025","02/22/2025","2024-2025","Influenza A","5","Chicago Lawn/Ashburn","2025","73,125","10.86406587909","8.2","Moderate","202508-5-Influenza A"
"202330","30","07/23/2023","07/29/2023","2022-2023","Influenza B","6","West Pullman/Roseland","2023","0",,"0","Minimal","202330-6-Influenza B"
"202230","30","07/24/2022","07/30/2022","2021-2022","Influenza B","4","Austin/Montclare","2022",,,"0","Minimal","202230-4-Influenza B"
"202529","29","07/13/2025","07/19/2025","2024-2025","Influenza A","6","West Pullman/Roseland","2025","1,987.5","9.29830713733","1","Minimal","202529-6-Influenza A"
"202536","36","08/31/2025","09/06/2025","2024-2025","Influenza A","8","Little Village","2025","0",,"0","Minimal","202536-8-Influenza A"
"202411","11","03/10/2024","03/16/2024","2023-2024","RSV","4","Austin/Montclare","2024","14,212.5","10.1526704777","4.2","Low","202411-4-RSV"
"202435","35","08/25/2024","08/31/2024","2023-2024","RSV","8","Little Village","2024","0",,"0","Minimal","202435-8-RSV"
"202553","53","12/28/2025","01/03/2026","2025-2026","RSV","10","Racine Ave PS","2025","17,100","10.23299611039","5.5","Moderate","202553-10-RSV"
"202442","42","10/13/2024","10/19/2024","2024-2025","Influenza A","11","125th St PS","2024","0",,"0","Minimal","202442-11-Influenza A"
"202553","53","12/28/2025","01/03/2026","2025-2026","RSV","8","Little Village","2025","22,598.042790063","10.35407082666","3.6","Low","202553-8-RSV"
"202603","3","01/18/2026","01/24/2026","2025-2026","SARS-CoV-2","8","Little Village","2026","174,438.625","11.24164265472","4","Moderate","202603-8-SARS-CoV-2"
"202517","17","04/20/2025","04/26/2025","2024-2025","Influenza A","4","Austin/Montclare","2025","0",,"0","Minimal","202517-4-Influenza A"
"202316","16","04/16/2023","04/22/2023","2022-2023","Influenza B","5","Chicago Lawn/Ashburn","2023","0",,"0","Minimal","202316-5-Influenza B"
"202529","29","07/13/2025","07/19/2025","2024-2025","Influenza B","4","Austin/Montclare","2025","1,950","9.29003461136","1","Minimal","202529-4-Influenza B"
"202421","21","05/19/2024","05/25/2024","2023-2024","SARS-CoV-2","8","Little Village","2024","30,750","10.48784512011","1.2","Minimal","202421-8-SARS-CoV-2"
"202415","15","04/07/2024","04/13/2024","2023-2024","SARS-CoV-2","999","All sites","2024","184,692.857142857","11.26645009975","4.4","Moderate","202415-999-SARS-CoV-2"
"202325","25","06/18/2023","06/24/2023","2022-2023","Influenza B","9","North Branch PS","2023","0",,"0","Minimal","202325-9-Influenza B"
"202539","39","09/21/2025","09/27/2025","2024-2025","SARS-CoV-2","10","Racine Ave PS","2025","99,450","10.99760478746","2.9","Low","202539-10-SARS-CoV-2"
"202414","14","03/31/2024","04/06/2024","2023-2024","Influenza A","8","Little Village","2024","10,725","10.03039730086","2.1","Minimal","202414-8-Influenza A"
"202330","30","07/23/2023","07/29/2023","2022-2023","Influenza A","11","125th St PS","2023","1,950","9.29003461136","1","Minimal","202330-11-Influenza A"
"202525","25","06/15/2025","06/21/2025","2024-2025","Influenza B","5","Chicago Lawn/Ashburn","2025","0",,"0","Minimal","202525-5-Influenza B"
"202412","12","03/17/2024","03/23/2024","2023-2024","SARS-CoV-2","11","125th St PS","2024","32,475","10.51154915975","2.4","Low","202412-11-SARS-CoV-2"
"202336","36","09/03/2023","09/09/2023","2022-2023","SARS-CoV-2","6","West Pullman/Roseland","2023","199,650","11.30026931453","8.2","Very High","202336-6-SARS-CoV-2"
"202345","45","11/05/2023","11/11/2023","2023-2024","SARS-CoV-2","999","All sites","2023","460,944.642857143","11.66364877193","7.6","High","202345-999-SARS-CoV-2"
"202523","23","06/01/2025","06/07/2025","2024-2025","Influenza A","999","All sites","2025","6,283.92857142857","9.79823123983","0","Minimal","202523-999-Influenza A"
"202443","43","10/20/2024","10/26/2024","2024-2025","Influenza A","9","North Branch PS","2024","0",,"0","Minimal","202443-9-Influenza A"
"202333","33","08/13/2023","08/19/2023","2022-2023","Influenza B","4","Austin/Montclare","2023","0",,"0","Minimal","202333-4-Influenza B"
"202235","35","08/28/2022","09/03/2022","2021-2022","Influenza B","6","West Pullman/Roseland","2022",,,"0","Minimal","202235-6-Influenza B"
"202233","33","08/14/2022","08/20/2022","2021-2022","RSV","6","West Pullman/Roseland","2022",,,"0","Minimal","202233-6-RSV"
"202214","14","04/03/2022","04/09/2022","2021-2022","Influenza B","5","Chicago Lawn/Ashburn","2022",,,"0","Minimal","202214-5-Influenza B"
"202324","24","06/11/2023","06/17/2023","2022-2023","Influenza A","10","Racine Ave PS","2023","3,937.5","9.5952205668","1.7","Minimal","202324-10-Influenza A"
"202524","24","06/08/2025","06/14/2025","2024-2025","Influenza B","5","Chicago Lawn/Ashburn","2025","0",,"0","Minimal","202524-5-Influenza B"
"202316","16","04/16/2023","04/22/2023","2022-2023","Influenza B","6","West Pullman/Roseland","2023","0",,"0","Minimal","202316-6-Influenza B"
"202521","21","05/18/2025","05/24/2025","2024-2025","RSV","6","West Pullman/Roseland","2025","0",,"0","Minimal","202521-6-RSV"
"202416","16","04/14/2024","04/20/2024","2023-2024","Influenza B","5","Chicago Lawn/Ashburn","2024","12,075","10.08188713942","2.6","Minimal","202416-5-Influenza B"
"202328","28","07/09/2023","07/15/2023","2022-2023","RSV","10","Racine Ave PS","2023","3,900","9.59106460703","1","Minimal","202328-10-RSV"
"202442","42","10/13/2024","10/19/2024","2024-2025","Influenza B","6","West Pullman/Roseland","2024","0",,"0","Minimal","202442-6-Influenza B"
"202402","2","01/07/2024","01/13/2024","2023-2024","RSV","5","Chicago Lawn/Ashburn","2024","291,375","11.46445228653","22.9","Very High","202402-5-RSV"
"202251","51","12/18/2022","12/24/2022","2022-2023","Influenza B","8","Little Village","2022","0",,"0","Minimal","202251-8-Influenza B"
"202548","48","11/23/2025","11/29/2025","2025-2026","Influenza B","9","North Branch PS","2025","1,950","9.29003461136","1","Minimal","202548-9-Influenza B"
"202534","34","08/17/2025","08/23/2025","2024-2025","Influenza B","9","North Branch PS","2025","0",,"0","Minimal","202534-9-Influenza B"
"202244","44","10/30/2022","11/05/2022","2022-2023","Influenza A","8","Little Village","2022","26,287.5","10.41974928569","3.9","Low","202244-8-Influenza A"
"202537","37","09/07/2025","09/13/2025","2024-2025","Influenza B","8","Little Village","2025","0",,"0","Minimal","202537-8-Influenza B"
"202222","22","05/29/2022","06/04/2022","2021-2022","RSV","999","All sites","2022",,,"0","Minimal","202222-999-RSV"
"202346","46","11/12/2023","11/18/2023","2023-2024","Influenza A","9","North Branch PS","2023","17,962.5","10.25436678114","3.2","Low","202346-9-Influenza A"
"202408","8","02/18/2024","02/24/2024","2023-2024","Influenza A","10","Racine Ave PS","2024","88,575","10.94731116101","10.4","Moderate","202408-10-Influenza A"
"202326","26","06/25/2023","07/01/2023","2022-2023","Influenza B","6","West Pullman/Roseland","2023","0",,"0","Minimal","202326-6-Influenza B"
"202335","35","08/27/2023","09/02/2023","2022-2023","Influenza B","9","North Branch PS","2023","1,950","9.29003461136","1","Minimal","202335-9-Influenza B"
"202551","51","12/14/2025","12/20/2025","2025-2026","Influenza A","6","West Pullman/Roseland","2025","68,090.1820014385","10.83308449503","21.9","Very High","202551-6-Influenza A"
"202342","42","10/15/2023","10/21/2023","2023-2024","SARS-CoV-2","10","Racine Ave PS","2023","29,662.5","10.47220775123","1.2","Minimal","202342-10-SARS-CoV-2"
"202252","52","12/25/2022","12/31/2022","2022-2023","SARS-CoV-2","8","Little Village","2022","1,053,000","12.02242837119","14.7","Very High","202252-8-SARS-CoV-2"
"202410","10","03/03/2024","03/09/2024","2023-2024","RSV","10","Racine Ave PS","2024","28,875","10.4605219929","4.7","Low","202410-10-RSV"
"202340","40","10/01/2023","10/07/2023","2023-2024","Influenza B","999","All sites","2023","0",,"0","Minimal","202340-999-Influenza B"
"202553","53","12/28/2025","01/03/2026","2025-2026","Influenza A","10","Racine Ave PS","2025","126,712.5","11.1028194595","13.1","High","202553-10-Influenza A"
"202420","20","05/12/2024","05/18/2024","2023-2024","SARS-CoV-2","4","Austin/Montclare","2024","159,150","11.20180664296","3.4","Low","202420-4-SARS-CoV-2"
"202229","29","07/17/2022","07/23/2022","2021-2022","Influenza B","4","Austin/Montclare","2022",,,"0","Minimal","202229-4-Influenza B"
"202447","47","11/17/2024","11/23/2024","2024-2025","Influenza A","8","Little Village","2024","0",,"0","Minimal","202447-8-Influenza A"
"202508","8","02/16/2025","02/22/2025","2024-2025","RSV","5","Chicago Lawn/Ashburn","2025","3,975","9.59933713299","1","Minimal","202508-5-RSV"
"202301","1","01/01/2023","01/07/2023","2022-2023","RSV","5","Chicago Lawn/Ashburn","2023",,,"0","Minimal","202301-5-RSV"
"202517","17","04/20/2025","04/26/2025","2024-2025","SARS-CoV-2","10","Racine Ave PS","2025","160,537.5","11.20557649556","4","Moderate","202517-10-SARS-CoV-2"
"202432","32","08/04/2024","08/10/2024","2023-2024","Influenza B","4","Austin/Montclare","2024","0",,"0","Minimal","202432-4-Influenza B"
"202324","24","06/11/2023","06/17/2023","2022-2023","Influenza B","8","Little Village","2023","0",,"0","Minimal","202324-8-Influenza B"
"202603","3","01/18/2026","01/24/2026","2025-2026","RSV","4","Austin/Montclare","2026","45,363.210936283","10.65670378756","5.9","Moderate","202603-4-RSV"
"202420","20","05/12/2024","05/18/2024","2023-2024","SARS-CoV-2","10","Racine Ave PS","2024","46,425","10.66675191241","1.7","Minimal","202420-10-SARS-CoV-2"
"202546","46","11/09/2025","11/15/2025","2025-2026","Influenza B","9","North Branch PS","2025","0",,"0","Minimal","202546-9-Influenza B"
"202303","3","01/15/2023","01/21/2023","2022-2023","Influenza B","999","All sites","2023","525","8.72015930341","0","Minimal","202303-999-Influenza B"
"202431","31","07/28/2024","08/03/2024","2023-2024","Influenza B","5","Chicago Lawn/Ashburn","2024","0",,"0","Minimal","202431-5-Influenza B"
"202411","11","03/10/2024","03/16/2024","2023-2024","RSV","10","Racine Ave PS","2024","4,012.5","9.60341504541","1","Minimal","202411-10-RSV"
"202327","27","07/02/2023","07/08/2023","2022-2023","Influenza A","5","Chicago Lawn/Ashburn","2023","0",,"0","Minimal","202327-5-Influenza A"
"202327","27","07/02/2023","07/08/2023","2022-2023","RSV","999","All sites","2023","0",,"0","Minimal","202327-999-RSV"
"202304","4","01/22/2023","01/28/2023","2022-2023","RSV","8","Little Village","2023",,,"0","Minimal","202304-8-RSV"
"202450","50","12/08/2024","12/14/2024","2024-2025","SARS-CoV-2","11","125th St PS","2024","115,687.5","11.0632864361","6.1","High","202450-11-SARS-CoV-2"
"202242","42","10/16/2022","10/22/2022","2022-2023","SARS-CoV-2","8","Little Village","2022","149,362.5","11.17424157414","3.5","Moderate","202242-8-SARS-CoV-2"
"202302","2","01/08/2023","01/14/2023","2022-2023","SARS-CoV-2","6","West Pullman/Roseland","2023","42,337.5","10.62672520965","3.1","Low","202302-6-SARS-CoV-2"
"202325","25","06/18/2023","06/24/2023","2022-2023","Influenza B","999","All sites","2023","278.57142857143","8.44493657135","0","Minimal","202325-999-Influenza B"
"202428","28","07/07/2024","07/13/2024","2023-2024","RSV","8","Little Village","2024","0",,"0","Minimal","202428-8-RSV"
"202440","40","09/29/2024","10/05/2024","2024-2025","Influenza B","10","Racine Ave PS","2024","0",,"0","Minimal","202440-10-Influenza B"
"202214","14","04/03/2022","04/09/2022","2021-2022","SARS-CoV-2","6","West Pullman/Roseland","2022","27,406.25","10.43784961505","2","Minimal","202214-6-SARS-CoV-2"
"202519","19","05/04/2025","05/10/2025","2024-2025","RSV","5","Chicago Lawn/Ashburn","2025","0",,"0","Minimal","202519-5-RSV"
"202522","22","05/25/2025","05/31/2025","2024-2025","Influenza B","11","125th St PS","2025","1,987.5","9.29830713733","1","Minimal","202522-11-Influenza B"
"202541","41","10/05/2025","10/11/2025","2025-2026","RSV","11","125th St PS","2025","0",,"0","Minimal","202541-11-RSV"
"202323","23","06/04/2023","06/10/2023","2022-2023","SARS-CoV-2","6","West Pullman/Roseland","2023","118,687.5","11.07440498208","5.4","High","202323-6-SARS-CoV-2"
"202316","16","04/16/2023","04/22/2023","2022-2023","Influenza A","8","Little Village","2023","12,112.5","10.08323379006","2.2","Minimal","202316-8-Influenza A"
"202325","25","06/18/2023","06/24/2023","2022-2023","SARS-CoV-2","999","All sites","2023","83,705.3571428571","10.92275325373","2.6","Low","202325-999-SARS-CoV-2"
"202207","7","02/13/2022","02/19/2022","2021-2022","Influenza A","4","Austin/Montclare","2022",,,"0","Minimal","202207-4-Influenza A"
"202527","27","06/29/2025","07/05/2025","2024-2025","SARS-CoV-2","4","Austin/Montclare","2025","5,887.5","9.76993092014","0.4","Minimal","202527-4-SARS-CoV-2"
"202227","27","07/03/2022","07/09/2022","2021-2022","SARS-CoV-2","4","Austin/Montclare","2022","234,125","11.36944779038","4.4","Moderate","202227-4-SARS-CoV-2"
"202339","39","09/24/2023","09/30/2023","2022-2023","RSV","9","North Branch PS","2023","3,975","9.59933713299","1","Minimal","202339-9-RSV"
"202406","6","02/04/2024","02/10/2024","2023-2024","RSV","8","Little Village","2024","76,837.5","10.88557322613","8.8","High","202406-8-RSV"
"202341","41","10/08/2023","10/14/2023","2023-2024","RSV","8","Little Village","2023","7,837.5","9.89417755384","2.8","Low","202341-8-RSV"
"202524","24","06/08/2025","06/14/2025","2024-2025","SARS-CoV-2","5","Chicago Lawn/Ashburn","2025","68,662.5","10.83671961203","2.4","Low","202524-5-SARS-CoV-2"
"202447","47","11/17/2024","11/23/2024","2024-2025","Influenza A","11","125th St PS","2024","1,987.5","9.29830713733","1","Minimal","202447-11-Influenza A"
"202526","26","06/22/2025","06/28/2025","2024-2025","Influenza B","4","Austin/Montclare","2025","0",,"0","Minimal","202526-4-Influenza B"
"202423","23","06/02/2024","06/08/2024","2023-2024","Influenza A","999","All sites","2024","7,848.21428571429","9.8947708524","0","Minimal","202423-999-Influenza A"
"202527","27","06/29/2025","07/05/2025","2024-2025","SARS-CoV-2","5","Chicago Lawn/Ashburn","2025","15,675","10.1952075495","0.9","Minimal","202527-5-SARS-CoV-2"
"202406","6","02/04/2024","02/10/2024","2023-2024","Influenza B","5","Chicago Lawn/Ashburn","2024","5,962.5","9.77542839205","2.6","Minimal","202406-5-Influenza B"
"202312","12","03/19/2023","03/25/2023","2022-2023","RSV","4","Austin/Montclare","2023","6,075","9.78354628227","2.2","Minimal","202312-4-RSV"
"202401","1","12/31/2023","01/06/2024","2023-2024","SARS-CoV-2","6","West Pullman/Roseland","2024","1,836,975","12.26410324589","36.6","Very High","202401-6-SARS-CoV-2"
"202526","26","06/22/2025","06/28/2025","2024-2025","SARS-CoV-2","9","North Branch PS","2025","178,912.5","11.25264068429","3.2","Low","202526-9-SARS-CoV-2"
"202350","50","12/10/2023","12/16/2023","2023-2024","RSV","11","125th St PS","2023","2,062.5","9.31439395722","1","Minimal","202350-11-RSV"
"202447","47","11/17/2024","11/23/2024","2024-2025","Influenza B","11","125th St PS","2024","0",,"0","Minimal","202447-11-Influenza B"
"202338","38","09/17/2023","09/23/2023","2022-2023","Influenza B","10","Racine Ave PS","2023","0",,"0","Minimal","202338-10-Influenza B"
"202336","36","09/03/2023","09/09/2023","2022-2023","RSV","4","Austin/Montclare","2023","0",,"0","Minimal","202336-4-RSV"
"202229","29","07/17/2022","07/23/2022","2021-2022","SARS-CoV-2","4","Austin/Montclare","2022","143,662.5","11.15734341971","3","Low","202229-4-SARS-CoV-2"
"202440","40","09/29/2024","10/05/2024","2024-2025","SARS-CoV-2","8","Little Village","2024","25,950","10.41413736218","1","Minimal","202440-8-SARS-CoV-2"
"202223","23","06/05/2022","06/11/2022","2021-2022","SARS-CoV-2","999","All sites","2022","100,462.5","11.00200398134","3.6","Moderate","202223-999-SARS-CoV-2"
"202352","52","12/24/2023","12/30/2023","2023-2024","Influenza A","999","All sites","2023","51,653.5714285714","10.71310035486","7.1","Moderate","202352-999-Influenza A"
"202515","15","04/06/2025","04/12/2025","2024-2025","SARS-CoV-2","11","125th St PS","2025","11,737.5","10.06957560527","1.2","Minimal","202515-11-SARS-CoV-2"
"202407","7","02/11/2024","02/17/2024","2023-2024","Influenza B","10","Racine Ave PS","2024","24,150","10.38291713509","7.9","Moderate","202407-10-Influenza B"
"202522","22","05/25/2025","05/31/2025","2024-2025","Influenza A","5","Chicago Lawn/Ashburn","2025","5,887.5","9.76993092014","2.2","Minimal","202522-5-Influenza A"
"202538","38","09/14/2025","09/20/2025","2024-2025","RSV","999","All sites","2025","0",,"0","Minimal","202538-999-RSV"
"202347","47","11/19/2023","11/25/2023","2023-2024","RSV","4","Austin/Montclare","2023","110,137.5","11.04193521425","11.3","Very High","202347-4-RSV"
"202218","18","05/01/2022","05/07/2022","2021-2022","Influenza B","5","Chicago Lawn/Ashburn","2022",,,"0","Minimal","202218-5-Influenza B"
"202518","18","04/27/2025","05/03/2025","2024-2025","Influenza B","5","Chicago Lawn/Ashburn","2025","7,837.5","9.89417755384","1.8","Minimal","202518-5-Influenza B"
"202409","9","02/25/2024","03/02/2024","2023-2024","SARS-CoV-2","6","West Pullman/Roseland","2024","633,975","11.80207213237","18.8","Very High","202409-6-SARS-CoV-2"
"202240","40","10/02/2022","10/08/2022","2022-2023","RSV","999","All sites","2022",,,"0","Minimal","202240-999-RSV"
"202335","35","08/27/2023","09/02/2023","2022-2023","Influenza B","11","125th St PS","2023","0",,"0","Minimal","202335-11-Influenza B"
"202450","50","12/08/2024","12/14/2024","2024-2025","SARS-CoV-2","999","All sites","2024","255,744.642857143","11.40780654521","5.5","High","202450-999-SARS-CoV-2"
"202522","22","05/25/2025","05/31/2025","2024-2025","Influenza A","999","All sites","2025","2,539.28571428571","9.40471156939","0","Minimal","202522-999-Influenza A"
"202513","13","03/23/2025","03/29/2025","2024-2025","Influenza A","5","Chicago Lawn/Ashburn","2025","11,812.5","10.07234182152","2.2","Minimal","202513-5-Influenza A"
"202314","14","04/02/2023","04/08/2023","2022-2023","SARS-CoV-2","999","All sites","2023","670,968.75","11.82670229361","10.8","Very High","202314-999-SARS-CoV-2"
"202248","48","11/27/2022","12/03/2022","2022-2023","SARS-CoV-2","6","West Pullman/Roseland","2022","657,787.5","11.81808561628","18.7","Very High","202248-6-SARS-CoV-2"
"202444","44","10/27/2024","11/02/2024","2024-2025","SARS-CoV-2","9","North Branch PS","2024","134,475","11.12864155295","2.3","Low","202444-9-SARS-CoV-2"
"202432","32","08/04/2024","08/10/2024","2023-2024","RSV","8","Little Village","2024","0",,"0","Minimal","202432-8-RSV"
"202551","51","12/14/2025","12/20/2025","2025-2026","Influenza B","6","West Pullman/Roseland","2025","0",,"0","Minimal","202551-6-Influenza B"
"202416","16","04/14/2024","04/20/2024","2023-2024","SARS-CoV-2","5","Chicago Lawn/Ashburn","2024","177,150","11.24834115667","4.4","Moderate","202416-5-SARS-CoV-2"
"202424","24","06/09/2024","06/15/2024","2023-2024","Influenza A","999","All sites","2024","6,846.42857142857","9.83546408154","0","Minimal","202424-999-Influenza A"
"202346","46","11/12/2023","11/18/2023","2023-2024","Influenza A","999","All sites","2023","12,344.6428571429","10.09147852988","2.3","Minimal","202346-999-Influenza A"
"202244","44","10/30/2022","11/05/2022","2022-2023","SARS-CoV-2","8","Little Village","2022","270,450","11.43208698578","5.2","Moderate","202244-8-SARS-CoV-2"
"202241","41","10/09/2022","10/15/2022","2022-2023","SARS-CoV-2","4","Austin/Montclare","2022","103,050","11.01304799612","2.6","Low","202241-4-SARS-CoV-2"
"202247","47","11/20/2022","11/26/2022","2022-2023","Influenza A","6","West Pullman/Roseland","2022","15,750","10.19728055813","4.5","Low","202247-6-Influenza A"
"202519","19","05/04/2025","05/10/2025","2024-2025","RSV","6","West Pullman/Roseland","2025","5,925","9.77268835468","2.5","Minimal","202519-6-RSV"
"202336","36","09/03/2023","09/09/2023","2022-2023","RSV","10","Racine Ave PS","2023","3,900","9.59106460703","1.7","Minimal","202336-10-RSV"
"202431","31","07/28/2024","08/03/2024","2023-2024","Influenza A","8","Little Village","2024","25,987.5","10.41476450234","3.8","Low","202431-8-Influenza A"
"202436","36","09/01/2024","09/07/2024","2023-2024","Influenza A","10","Racine Ave PS","2024","5,962.5","9.77542839205","1.3","Minimal","202436-10-Influenza A"
"202334","34","08/20/2023","08/26/2023","2022-2023","SARS-CoV-2","10","Racine Ave PS","2023","129,675","11.11285625667","3.1","Low","202334-10-SARS-CoV-2"
"202316","16","04/16/2023","04/22/2023","2022-2023","Influenza A","999","All sites","2023","3,534.375","9.54831262661","0","Minimal","202316-999-Influenza A"
"202350","50","12/10/2023","12/16/2023","2023-2024","SARS-CoV-2","999","All sites","2023","1,103,292.85714286","12.04269080651","14.9","Very High","202350-999-SARS-CoV-2"
"202536","36","08/31/2025","09/06/2025","2024-2025","Influenza B","11","125th St PS","2025","6,000","9.77815125038","3.7","Low","202536-11-Influenza B"
"202444","44","10/27/2024","11/02/2024","2024-2025","RSV","5","Chicago Lawn/Ashburn","2024","0",,"0","Minimal","202444-5-RSV"
"202546","46","11/09/2025","11/15/2025","2025-2026","SARS-CoV-2","11","125th St PS","2025","13,312.5","10.12425962078","1.4","Minimal","202546-11-SARS-CoV-2"
"202351","51","12/17/2023","12/23/2023","2023-2024","Influenza B","8","Little Village","2023","6,000","9.77815125038","1.8","Minimal","202351-8-Influenza B"
"202213","13","03/27/2022","04/02/2022","2021-2022","Influenza A","999","All sites","2022",,,"0","Minimal","202213-999-Influenza A"
"202331","31","07/30/2023","08/05/2023","2022-2023","Influenza A","11","125th St PS","2023","0",,"0","Minimal","202331-11-Influenza A"
"202318","18","04/30/2023","05/06/2023","2022-2023","Influenza A","5","Chicago Lawn/Ashburn","2023","0",,"0","Minimal","202318-5-Influenza A"
"202430","30","07/21/2024","07/27/2024","2023-2024","RSV","10","Racine Ave PS","2024","0",,"0","Minimal","202430-10-RSV"
"202510","10","03/02/2025","03/08/2025","2024-2025","RSV","999","All sites","2025","17,566.0714285714","10.24467464438","3.3","Low","202510-999-RSV"
"202433","33","08/11/2024","08/17/2024","2023-2024","SARS-CoV-2","4","Austin/Montclare","2024","91,275","10.96035184162","2.3","Low","202433-4-SARS-CoV-2"
"202509","9","02/23/2025","03/01/2025","2024-2025","SARS-CoV-2","5","Chicago Lawn/Ashburn","2025","204,750","11.31122391043","4.8","Moderate","202509-5-SARS-CoV-2"
"202406","6","02/04/2024","02/10/2024","2023-2024","SARS-CoV-2","6","West Pullman/Roseland","2024","218,437.5","11.33932719743","9","Very High","202406-6-SARS-CoV-2"
"202215","15","04/10/2022","04/16/2022","2021-2022","RSV","6","West Pullman/Roseland","2022",,,"0","Minimal","202215-6-RSV"
"202343","43","10/22/2023","10/28/2023","2023-2024","RSV","9","North Branch PS","2023","13,725","10.13751235312","2.4","Minimal","202343-9-RSV"
"202333","33","08/13/2023","08/19/2023","2022-2023","SARS-CoV-2","999","All sites","2023","224,775","11.35174800634","4.7","Moderate","202333-999-SARS-CoV-2"
"202215","15","04/10/2022","04/16/2022","2021-2022","Influenza A","5","Chicago Lawn/Ashburn","2022",,,"0","Minimal","202215-5-Influenza A"
"202534","34","08/17/2025","08/23/2025","2024-2025","RSV","4","Austin/Montclare","2025","0",,"0","Minimal","202534-4-RSV"
"202233","33","08/14/2022","08/20/2022","2021-2022","Influenza B","5","Chicago Lawn/Ashburn","2022",,,"0","Minimal","202233-5-Influenza B"
"202319","19","05/07/2023","05/13/2023","2022-2023","Influenza A","11","125th St PS","2023","0",,"0","Minimal","202319-11-Influenza A"
"202540","40","09/28/2025","10/04/2025","2025-2026","Influenza A","9","North Branch PS","2025","5,700","9.75587485567","2.3","Minimal","202540-9-Influenza A"
"202448","48","11/24/2024","11/30/2024","2024-2025","Influenza A","5","Chicago Lawn/Ashburn","2024","2,025","9.30642502755","1","Minimal","202448-5-Influenza A"
"202429","29","07/14/2024","07/20/2024","2023-2024","SARS-CoV-2","5","Chicago Lawn/Ashburn","2024","186,712.5","11.271173394","4.3","Moderate","202429-5-SARS-CoV-2"
"202545","45","11/02/2025","11/08/2025","2025-2026","Influenza A","5","Chicago Lawn/Ashburn","2025","0",,"0","Minimal","202545-5-Influenza A"
"202429","29","07/14/2024","07/20/2024","2023-2024","RSV","10","Racine Ave PS","2024","0",,"0","Minimal","202429-10-RSV"
"202404","4","01/21/2024","01/27/2024","2023-2024","SARS-CoV-2","999","All sites","2024","1,143,117.85714286","12.05809100911","16.3","Very High","202404-999-SARS-CoV-2"
"202432","32","08/04/2024","08/10/2024","2023-2024","Influenza B","6","West Pullman/Roseland","2024","0",,"0","Minimal","202432-6-Influenza B"
"202217","17","04/24/2022","04/30/2022","2021-2022","Influenza A","4","Austin/Montclare","2022",,,"0","Minimal","202217-4-Influenza A"
"202250","50","12/11/2022","12/17/2022","2022-2023","Influenza A","8","Little Village","2022","108,000","11.03342375549","11.6","High","202250-8-Influenza A"
"202543","43","10/19/2025","10/25/2025","2025-2026","SARS-CoV-2","9","North Branch PS","2025","21,600","10.33445375115","0.6","Minimal","202543-9-SARS-CoV-2"
"202503","3","01/12/2025","01/18/2025","2024-2025","RSV","999","All sites","2025","98,116.0714285714","10.99174015071","11.4","Very High","202503-999-RSV"
"202346","46","11/12/2023","11/18/2023","2023-2024","RSV","5","Chicago Lawn/Ashburn","2023","87,487.5","10.94194600652","9.8","High","202346-5-RSV"
"202237","37","09/11/2022","09/17/2022","2021-2022","RSV","999","All sites","2022",,,"0","Minimal","202237-999-RSV"
"202443","43","10/20/2024","10/26/2024","2024-2025","RSV","9","North Branch PS","2024","0",,"0","Minimal","202443-9-RSV"
"202507","7","02/09/2025","02/15/2025","2024-2025","Influenza B","5","Chicago Lawn/Ashburn","2025","19,687.5","10.29419057113","3.8","Low","202507-5-Influenza B"
"202544","44","10/26/2025","11/01/2025","2025-2026","SARS-CoV-2","8","Little Village","2025","7,387.5","9.86849749389","0.4","Minimal","202544-8-SARS-CoV-2"
"202214","14","04/03/2022","04/09/2022","2021-2022","RSV","6","West Pullman/Roseland","2022",,,"0","Minimal","202214-6-RSV"
"202333","33","08/13/2023","08/19/2023","2022-2023","Influenza A","5","Chicago Lawn/Ashburn","2023","0",,"0","Minimal","202333-5-Influenza A"
"202308","8","02/19/2023","02/25/2023","2022-2023","SARS-CoV-2","6","West Pullman/Roseland","2023","556,800","11.7456992266","17.2","Very High","202308-6-SARS-CoV-2"
"202228","28","07/10/2022","07/16/2022","2021-2022","Influenza A","999","All sites","2022",,,"0","Minimal","202228-999-Influenza A"
"202522","22","05/25/2025","05/31/2025","2024-2025","Influenza B","10","Racine Ave PS","2025","1,987.5","9.29830713733","1","Minimal","202522-10-Influenza B"
"202246","46","11/13/2022","11/19/2022","2022-2023","SARS-CoV-2","8","Little Village","2022","333,450","11.52303072175","6.3","High","202246-8-SARS-CoV-2"
"202534","34","08/17/2025","08/23/2025","2024-2025","Influenza A","9","North Branch PS","2025","0",,"0","Minimal","202534-9-Influenza A"
"202318","18","04/30/2023","05/06/2023","2022-2023","Influenza B","6","West Pullman/Roseland","2023","0",,"0","Minimal","202318-6-Influenza B"
"202208","8","02/20/2022","02/26/2022","2021-2022","Influenza A","999","All sites","2022",,,"0","Minimal","202208-999-Influenza A"
"202410","10","03/03/2024","03/09/2024","2023-2024","SARS-CoV-2","6","West Pullman/Roseland","2024","1,176,675","12.0706565264","27.2","Very High","202410-6-SARS-CoV-2"
"202319","19","05/07/2023","05/13/2023","2022-2023","SARS-CoV-2","999","All sites","2023","189,755.357142857","11.27819404567","4.5","Moderate","202319-999-SARS-CoV-2"
"202502","2","01/05/2025","01/11/2025","2024-2025","SARS-CoV-2","6","West Pullman/Roseland","2025","27,712.5","10.44267570612","2.2","Low","202502-6-SARS-CoV-2"
"202317","17","04/23/2023","04/29/2023","2022-2023","Influenza B","8","Little Village","2023","1,987.5","9.29830713733","1","Minimal","202317-8-Influenza B"
"202419","19","05/05/2024","05/11/2024","2023-2024","Influenza A","11","125th St PS","2024","6,000","9.77815125038","2.3","Minimal","202419-11-Influenza A"
"202417","17","04/21/2024","04/27/2024","2023-2024","RSV","8","Little Village","2024","0",,"0","Minimal","202417-8-RSV"
"202405","5","01/28/2024","02/03/2024","2023-2024","Influenza B","8","Little Village","2024","12,112.5","10.08323379006","4.7","Low","202405-8-Influenza B"
"202344","44","10/29/2023","11/04/2023","2023-2024","Influenza A","5","Chicago Lawn/Ashburn","2023","0",,"0","Minimal","202344-5-Influenza A"
"202450","50","12/08/2024","12/14/2024","2024-2025","Influenza B","8","Little Village","2024","0",,"0","Minimal","202450-8-Influenza B"
"202247","47","11/20/2022","11/26/2022","2022-2023","Influenza A","8","Little Village","2022","386,625","11.58728993301","32.7","Very High","202247-8-Influenza A"
"202448","48","11/24/2024","11/30/2024","2024-2025","Influenza A","4","Austin/Montclare","2024","2,025","9.30642502755","1","Minimal","202448-4-Influenza A"
"202436","36","09/01/2024","09/07/2024","2023-2024","SARS-CoV-2","10","Racine Ave PS","2024","196,575","11.29352828434","4.6","Moderate","202436-10-SARS-CoV-2"
"202423","23","06/02/2024","06/08/2024","2023-2024","RSV","8","Little Village","2024","2,100","9.32221929473","1","Minimal","202423-8-RSV"
"202525","25","06/15/2025","06/21/2025","2024-2025","SARS-CoV-2","5","Chicago Lawn/Ashburn","2025","56,887.5","10.75501684851","1.9","Minimal","202525-5-SARS-CoV-2"
"202431","31","07/28/2024","08/03/2024","2023-2024","SARS-CoV-2","8","Little Village","2024","537,712.5","11.73055013247","9","Very High","202431-8-SARS-CoV-2"
"202514","14","03/30/2025","04/05/2025","2024-2025","Influenza B","11","125th St PS","2025","0",,"0","Minimal","202514-11-Influenza B"
"202403","3","01/14/2024","01/20/2024","2023-2024","Influenza A","5","Chicago Lawn/Ashburn","2024","58,950","10.77048380943","7","Moderate","202403-5-Influenza A"
"202411","11","03/10/2024","03/16/2024","2023-2024","SARS-CoV-2","6","West Pullman/Roseland","2024","137,962.5","11.13976105556","6.8","High","202411-6-SARS-CoV-2"
"202410","10","03/03/2024","03/09/2024","2023-2024","SARS-CoV-2","10","Racine Ave PS","2024","1,105,612.5","12.04360294017","13.5","Very High","202410-10-SARS-CoV-2"
"202424","24","06/09/2024","06/15/2024","2023-2024","Influenza A","9","North Branch PS","2024","5,887.5","9.76993092014","1.3","Minimal","202424-9-Influenza A"
"202401","1","12/31/2023","01/06/2024","2023-2024","SARS-CoV-2","9","North Branch PS","2024","826,125","11.91704576488","10.2","Very High","202401-9-SARS-CoV-2"
"202343","43","10/22/2023","10/28/2023","2023-2024","Influenza B","8","Little Village","2023","2,025","9.30642502755","1","Minimal","202343-8-Influenza B"
"202336","36","09/03/2023","09/09/2023","2022-2023","Influenza B","9","North Branch PS","2023","0",,"0","Minimal","202336-9-Influenza B"
"202404","4","01/21/2024","01/27/2024","2023-2024","RSV","5","Chicago Lawn/Ashburn","2024","81,787.5","10.91268693331","9.3","High","202404-5-RSV"
"202504","4","01/19/2025","01/25/2025","2024-2025","Influenza A","999","All sites","2025","156,037.5","11.19322898352","14.8","High","202504-999-Influenza A"
"202345","45","11/05/2023","11/11/2023","2023-2024","SARS-CoV-2","11","125th St PS","2023","181,500","11.25887662937","7.7","High","202345-11-SARS-CoV-2"
"202326","26","06/25/2023","07/01/2023","2022-2023","Influenza A","4","Austin/Montclare","2023","0",,"0","Minimal","202326-4-Influenza A"
"202443","43","10/20/2024","10/26/2024","2024-2025","Influenza A","10","Racine Ave PS","2024","4,050","9.60745502321","1.7","Minimal","202443-10-Influenza A"
"202329","29","07/16/2023","07/22/2023","2022-2023","SARS-CoV-2","4","Austin/Montclare","2023","32,287.5","10.50903441918","1.1","Minimal","202329-4-SARS-CoV-2"
"202209","9","02/27/2022","03/05/2022","2021-2022","RSV","4","Austin/Montclare","2022",,,"0","Minimal","202209-4-RSV"
"202514","14","03/30/2025","04/05/2025","2024-2025","Influenza A","11","125th St PS","2025","122,850","11.08937516082","11.6","High","202514-11-Influenza A"
"202334","34","08/20/2023","08/26/2023","2022-2023","SARS-CoV-2","999","All sites","2023","191,501.785714286","11.28217282803","5.4","High","202334-999-SARS-CoV-2"
"202415","15","04/07/2024","04/13/2024","2023-2024","Influenza B","11","125th St PS","2024","15,262.5","10.18362567695","5.1","Low","202415-11-Influenza B"
"202450","50","12/08/2024","12/14/2024","2024-2025","SARS-CoV-2","9","North Branch PS","2024","151,500","11.18041263284","2.8","Low","202450-9-SARS-CoV-2"
"202212","12","03/20/2022","03/26/2022","2021-2022","Influenza B","5","Chicago Lawn/Ashburn","2022",,,"0","Minimal","202212-5-Influenza B"
"202404","4","01/21/2024","01/27/2024","2023-2024","Influenza B","9","North Branch PS","2024","1,987.5","9.29830713733","1","Minimal","202404-9-Influenza B"
"202513","13","03/23/2025","03/29/2025","2024-2025","Influenza A","11","125th St PS","2025","35,662.5","10.55221178467","5","Low","202513-11-Influenza A"
"202516","16","04/13/2025","04/19/2025","2024-2025","SARS-CoV-2","999","All sites","2025","101,839.285714286","11.00791534458","3.3","Low","202516-999-SARS-CoV-2"
"202551","51","12/14/2025","12/20/2025","2025-2026","Influenza B","10","Racine Ave PS","2025","0",,"0","Minimal","202551-10-Influenza B"
"202240","40","10/02/2022","10/08/2022","2022-2023","Influenza A","6","West Pullman/Roseland","2022",,,"0","Minimal","202240-6-Influenza A"
"202426","26","06/23/2024","06/29/2024","2023-2024","Influenza B","4","Austin/Montclare","2024","0",,"0","Minimal","202426-4-Influenza B"
"202511","11","03/09/2025","03/15/2025","2024-2025","SARS-CoV-2","4","Austin/Montclare","2025","1,658,625","12.2197482071","15.7","Very High","202511-4-SARS-CoV-2"
"202518","18","04/27/2025","05/03/2025","2024-2025","SARS-CoV-2","999","All sites","2025","74,994.6428571429","10.87503024125","2.3","Low","202518-999-SARS-CoV-2"
"202514","14","03/30/2025","04/05/2025","2024-2025","RSV","999","All sites","2025","6,503.57142857143","9.81315191445","0","Minimal","202514-999-RSV"
"202345","45","11/05/2023","11/11/2023","2023-2024","RSV","5","Chicago Lawn/Ashburn","2023","33,412.5","10.52390897176","4.8","Low","202345-5-RSV"
"202339","39","09/24/2023","09/30/2023","2022-2023","RSV","4","Austin/Montclare","2023","0",,"0","Minimal","202339-4-RSV"
"202235","35","08/28/2022","09/03/2022","2021-2022","SARS-CoV-2","6","West Pullman/Roseland","2022","24,187.5","10.38359098236","3.4","Low","202235-6-SARS-CoV-2"
"202531","31","07/27/2025","08/02/2025","2024-2025","SARS-CoV-2","10","Racine Ave PS","2025","86,275","10.93588496796","2.6","Low","202531-10-SARS-CoV-2"
"202538","38","09/14/2025","09/20/2025","2024-2025","Influenza B","8","Little Village","2025","0",,"0","Minimal","202538-8-Influenza B"
"202546","46","11/09/2025","11/15/2025","2025-2026","Influenza B","999","All sites","2025","267.85714285714","8.42790323205","0","Minimal","202546-999-Influenza B"
"202252","52","12/25/2022","12/31/2022","2022-2023","Influenza B","6","West Pullman/Roseland","2022","4,050","9.60745502321","1","Minimal","202252-6-Influenza B"
"202528","28","07/06/2025","07/12/2025","2024-2025","RSV","10","Racine Ave PS","2025","0",,"0","Minimal","202528-10-RSV"
"202424","24","06/09/2024","06/15/2024","2023-2024","RSV","4","Austin/Montclare","2024","0",,"0","Minimal","202424-4-RSV"
"202301","1","01/01/2023","01/07/2023","2022-2023","Influenza A","8","Little Village","2023","132,000","11.12057393121","14.5","High","202301-8-Influenza A"
"202509","9","02/23/2025","03/01/2025","2024-2025","Influenza A","5","Chicago Lawn/Ashburn","2025","172,200","11.23603314712","14.2","High","202509-5-Influenza A"
"202425","25","06/16/2024","06/22/2024","2023-2024","Influenza B","11","125th St PS","2024","2,025","9.30642502755","1","Minimal","202425-11-Influenza B"
"202531","31","07/27/2025","08/02/2025","2024-2025","SARS-CoV-2","4","Austin/Montclare","2025","53,587.5","10.72906349652","1.6","Minimal","202531-4-SARS-CoV-2"
"202533","33","08/10/2025","08/16/2025","2024-2025","Influenza A","9","North Branch PS","2025","0",,"0","Minimal","202533-9-Influenza A"
"202536","36","08/31/2025","09/06/2025","2024-2025","Influenza B","999","All sites","2025","1,141.07142857143","9.05731283115","0","Minimal","202536-999-Influenza B"
"202503","3","01/12/2025","01/18/2025","2024-2025","Influenza A","8","Little Village","2025","182,175","11.2604887782","18.5","Very High","202503-8-Influenza A"
"202405","5","01/28/2024","02/03/2024","2023-2024","Influenza B","11","125th St PS","2024","9,412.5","9.97370498921","2.8","Low","202405-11-Influenza B"
"202534","34","08/17/2025","08/23/2025","2024-2025","Influenza B","11","125th St PS","2025","0",,"0","Minimal","202534-11-Influenza B"
"202527","27","06/29/2025","07/05/2025","2024-2025","RSV","10","Racine Ave PS","2025","0",,"0","Minimal","202527-10-RSV"
"202251","51","12/18/2022","12/24/2022","2022-2023","Influenza B","6","West Pullman/Roseland","2022","1,987.5","9.29830713733","1","Minimal","202251-6-Influenza B"
"202538","38","09/14/2025","09/20/2025","2024-2025","SARS-CoV-2","11","125th St PS","2025","12,225","10.0872488678","2.1","Low","202538-11-SARS-CoV-2"
"202313","13","03/26/2023","04/01/2023","2022-2023","RSV","8","Little Village","2023","1,987.5","9.29830713733","1","Minimal","202313-8-RSV"
"202248","48","11/27/2022","12/03/2022","2022-2023","SARS-CoV-2","8","Little Village","2022","504,450","11.70281812637","8.7","Very High","202248-8-SARS-CoV-2"
"202414","14","03/31/2024","04/06/2024","2023-2024","Influenza A","10","Racine Ave PS","2024","6,037.5","9.78085714376","2.3","Minimal","202414-10-Influenza A"
"202217","17","04/24/2022","04/30/2022","2021-2022","Influenza B","6","West Pullman/Roseland","2022",,,"0","Minimal","202217-6-Influenza B"
"202447","47","11/17/2024","11/23/2024","2024-2025","Influenza A","10","Racine Ave PS","2024","6,300","9.79934054945","1.4","Minimal","202447-10-Influenza A"
"202335","35","08/27/2023","09/02/2023","2022-2023","Influenza A","5","Chicago Lawn/Ashburn","2023","0",,"0","Minimal","202335-5-Influenza A"
"202437","37","09/08/2024","09/14/2024","2023-2024","Influenza B","4","Austin/Montclare","2024","0",,"0","Minimal","202437-4-Influenza B"
"202332","32","08/06/2023","08/12/2023","2022-2023","RSV","5","Chicago Lawn/Ashburn","2023","0",,"0","Minimal","202332-5-RSV"
"202326","26","06/25/2023","07/01/2023","2022-2023","Influenza A","5","Chicago Lawn/Ashburn","2023","0",,"0","Minimal","202326-5-Influenza A"
"202521","21","05/18/2025","05/24/2025","2024-2025","Influenza A","999","All sites","2025","4,355.35714285714","9.63902377331","0","Minimal","202521-999-Influenza A"
"202540","40","09/28/2025","10/04/2025","2025-2026","Influenza B","8","Little Village","2025","0",,"0","Minimal","202540-8-Influenza B"
"202250","50","12/11/2022","12/17/2022","2022-2023","SARS-CoV-2","5","Chicago Lawn/Ashburn","2022","1,252,125","12.09764768678","15.3","Very High","202250-5-SARS-CoV-2"
"202542","42","10/12/2025","10/18/2025","2025-2026","Influenza B","8","Little Village","2025","1,375","9.13830269817","1","Minimal","202542-8-Influenza B"
"202402","2","01/07/2024","01/13/2024","2023-2024","Influenza B","9","North Branch PS","2024","13,837.5","10.14105763389","3.4","Low","202402-9-Influenza B"
"202332","32","08/06/2023","08/12/2023","2022-2023","Influenza A","9","North Branch PS","2023","2,025","9.30642502755","1","Minimal","202332-9-Influenza A"
"202437","37","09/08/2024","09/14/2024","2023-2024","Influenza B","999","All sites","2024","0",,"0","Minimal","202437-999-Influenza B"
"202539","39","09/21/2025","09/27/2025","2024-2025","RSV","8","Little Village","2025","0",,"0","Minimal","202539-8-RSV"
"202316","16","04/16/2023","04/22/2023","2022-2023","SARS-CoV-2","4","Austin/Montclare","2023","610,875","11.78595235204","7.3","High","202316-4-SARS-CoV-2"
"202444","44","10/27/2024","11/02/2024","2024-2025","SARS-CoV-2","5","Chicago Lawn/Ashburn","2024","67,462.5","10.82906243107","2.3","Low","202444-5-SARS-CoV-2"
"202425","25","06/16/2024","06/22/2024","2023-2024","Influenza A","5","Chicago Lawn/Ashburn","2024","5,962.5","9.77542839205","2.2","Minimal","202425-5-Influenza A"
"202515","15","04/06/2025","04/12/2025","2024-2025","RSV","9","North Branch PS","2025","3,975","9.59933713299","1.7","Minimal","202515-9-RSV"
"202401","1","12/31/2023","01/06/2024","2023-2024","RSV","10","Racine Ave PS","2024","51,825","10.71453931077","13.4","Very High","202401-10-RSV"
"202550","50","12/07/2025","12/13/2025","2025-2026","SARS-CoV-2","999","All sites","2025","170,667.857142857","11.23215173564","4.5","Moderate","202550-999-SARS-CoV-2"
"202422","22","05/26/2024","06/01/2024","2023-2024","Influenza B","8","Little Village","2024","2,025","9.30642502755","1","Minimal","202422-8-Influenza B"
"202230","30","07/24/2022","07/30/2022","2021-2022","SARS-CoV-2","4","Austin/Montclare","2022","239,887.5","11.38000761845","7","High","202230-4-SARS-CoV-2"
"202245","45","11/06/2022","11/12/2022","2022-2023","Influenza A","8","Little Village","2022","18,000","10.2552725051","5.3","Low","202245-8-Influenza A"
"202505","5","01/26/2025","02/01/2025","2024-2025","SARS-CoV-2","5","Chicago Lawn/Ashburn","2025","1,251,750","12.09751760007","15.3","Very High","202505-5-SARS-CoV-2"
"202436","36","09/01/2024","09/07/2024","2023-2024","Influenza A","11","125th St PS","2024","0",,"0","Minimal","202436-11-Influenza A"
"202551","51","12/14/2025","12/20/2025","2025-2026","SARS-CoV-2","999","All sites","2025","168,615.778333333","11.22689821158","4.3","Moderate","202551-999-SARS-CoV-2"
"202414","14","03/31/2024","04/06/2024","2023-2024","Influenza B","4","Austin/Montclare","2024","10,200","10.00860017176","3.3","Low","202414-4-Influenza B"
"202340","40","10/01/2023","10/07/2023","2023-2024","RSV","5","Chicago Lawn/Ashburn","2023","6,637.5","9.82200453409","1.5","Minimal","202340-5-RSV"
"202438","38","09/15/2024","09/21/2024","2023-2024","Influenza A","5","Chicago Lawn/Ashburn","2024","4,125","9.61542395289","1","Minimal","202438-5-Influenza A"
"202332","32","08/06/2023","08/12/2023","2022-2023","Influenza B","4","Austin/Montclare","2023","0",,"0","Minimal","202332-4-Influenza B"
"202508","8","02/16/2025","02/22/2025","2024-2025","Influenza B","11","125th St PS","2025","2,662.5","9.42528961645","1.4","Minimal","202508-11-Influenza B"
"202349","49","12/03/2023","12/09/2023","2023-2024","SARS-CoV-2","9","North Branch PS","2023","2,077,912.5","12.31762725565","19.2","Very High","202349-9-SARS-CoV-2"
"202318","18","04/30/2023","05/06/2023","2022-2023","RSV","9","North Branch PS","2023","0",,"0","Minimal","202318-9-RSV"
"202326","26","06/25/2023","07/01/2023","2022-2023","Influenza A","999","All sites","2023","23,442.8571428571","10.37001054104","0","Minimal","202326-999-Influenza A"
"202320","20","05/14/2023","05/20/2023","2022-2023","Influenza B","999","All sites","2023","4,789.28571428571","9.68027074651","0","Minimal","202320-999-Influenza B"
"202221","21","05/22/2022","05/28/2022","2021-2022","SARS-CoV-2","4","Austin/Montclare","2022","73,687.5","10.86739382244","1.9","Minimal","202221-4-SARS-CoV-2"
"202308","8","02/19/2023","02/25/2023","2022-2023","SARS-CoV-2","4","Austin/Montclare","2023","509,475","11.70712287798","6.9","High","202308-4-SARS-CoV-2"
"202304","4","01/22/2023","01/28/2023","2022-2023","SARS-CoV-2","999","All sites","2023","2,403,300","12.38080798646","23.2","Very High","202304-999-SARS-CoV-2"
"202216","16","04/17/2022","04/23/2022","2021-2022","SARS-CoV-2","5","Chicago Lawn/Ashburn","2022","46,181.25","10.6644656839","1.8","Minimal","202216-5-SARS-CoV-2"
"202525","25","06/15/2025","06/21/2025","2024-2025","Influenza B","10","Racine Ave PS","2025","3,937.5","9.5952205668","2.2","Minimal","202525-10-Influenza B"
"202407","7","02/11/2024","02/17/2024","2023-2024","Influenza B","8","Little Village","2024","8,662.5","9.93764324762","2.9","Low","202407-8-Influenza B"
"202549","49","11/30/2025","12/06/2025","2025-2026","Influenza B","9","North Branch PS","2025","0",,"0","Minimal","202549-9-Influenza B"
"202542","42","10/12/2025","10/18/2025","2025-2026","Influenza B","9","North Branch PS","2025","1,950","9.29003461136","1","Minimal","202542-9-Influenza B"
"202426","26","06/23/2024","06/29/2024","2023-2024","SARS-CoV-2","9","North Branch PS","2024","137,437.5","11.1381052467","2.6","Low","202426-9-SARS-CoV-2"
"202540","40","09/28/2025","10/04/2025","2025-2026","Influenza B","999","All sites","2025","267.85714285714","8.42790323205","0","Minimal","202540-999-Influenza B"
"202432","32","08/04/2024","08/10/2024","2023-2024","Influenza B","11","125th St PS","2024","0",,"0","Minimal","202432-11-Influenza B"
"202431","31","07/28/2024","08/03/2024","2023-2024","Influenza A","10","Racine Ave PS","2024","6,075","9.78354628227","1.4","Minimal","202431-10-Influenza A"
"202514","14","03/30/2025","04/05/2025","2024-2025","SARS-CoV-2","6","West Pullman/Roseland","2025","101,325","11.00571661241","5.4","High","202514-6-SARS-CoV-2"
"202532","32","08/03/2025","08/09/2025","2024-2025","SARS-CoV-2","6","West Pullman/Roseland","2025","15,900","10.20139712432","1.5","Minimal","202532-6-SARS-CoV-2"
"202248","48","11/27/2022","12/03/2022","2022-2023","Influenza A","4","Austin/Montclare","2022","369,375","11.56746749823","26.2","Very High","202248-4-Influenza A"
"202212","12","03/20/2022","03/26/2022","2021-2022","RSV","6","West Pullman/Roseland","2022",,,"0","Minimal","202212-6-RSV"
"202531","31","07/27/2025","08/02/2025","2024-2025","Influenza A","9","North Branch PS","2025","0",,"0","Minimal","202531-9-Influenza A"
"202553","53","12/28/2025","01/03/2026","2025-2026","Influenza B","5","Chicago Lawn/Ashburn","2025","1,875","9.27300127206","1","Minimal","202553-5-Influenza B"
"202514","14","03/30/2025","04/05/2025","2024-2025","Influenza A","999","All sites","2025","30,557.1428571429","10.48511274456","4.1","Low","202514-999-Influenza A"
"202218","18","05/01/2022","05/07/2022","2021-2022","RSV","6","West Pullman/Roseland","2022",,,"0","Minimal","202218-6-RSV"
"202402","2","01/07/2024","01/13/2024","2023-2024","RSV","10","Racine Ave PS","2024","145,650","11.16331048896","17.4","Very High","202402-10-RSV"
"202433","33","08/11/2024","08/17/2024","2023-2024","SARS-CoV-2","8","Little Village","2024","86,175","10.93538129208","2.4","Low","202433-8-SARS-CoV-2"
"202245","45","11/06/2022","11/12/2022","2022-2023","RSV","6","West Pullman/Roseland","2022",,,"0","Minimal","202245-6-RSV"
"202520","20","05/11/2025","05/17/2025","2024-2025","Influenza B","999","All sites","2025","1,125","9.05115252245","0","Minimal","202520-999-Influenza B"
"202402","2","01/07/2024","01/13/2024","2023-2024","SARS-CoV-2","999","All sites","2024","695,442.857142857","11.84226145087","12.6","Very High","202402-999-SARS-CoV-2"
"202538","38","09/14/2025","09/20/2025","2024-2025","Influenza B","5","Chicago Lawn/Ashburn","2025","0",,"0","Minimal","202538-5-Influenza B"
"202401","1","12/31/2023","01/06/2024","2023-2024","Influenza A","9","North Branch PS","2024","49,762.5","10.69690219059","7.1","Moderate","202401-9-Influenza A"
"202551","51","12/14/2025","12/20/2025","2025-2026","SARS-CoV-2","8","Little Village","2025","180,727.375","11.25702394067","4.1","Moderate","202551-8-SARS-CoV-2"
"202522","22","05/25/2025","05/31/2025","2024-2025","Influenza A","10","Racine Ave PS","2025","11,887.5","10.07509052995","2.3","Minimal","202522-10-Influenza A"
"202246","46","11/13/2022","11/19/2022","2022-2023","Influenza A","4","Austin/Montclare","2022","82,537.5","10.91665131028","8.8","Moderate","202246-4-Influenza A"
"202508","8","02/16/2025","02/22/2025","2024-2025","RSV","9","North Branch PS","2025","25,650","10.40908736945","6.8","Moderate","202508-9-RSV"
"202402","2","01/07/2024","01/13/2024","2023-2024","Influenza B","10","Racine Ave PS","2024","13,762.5","10.13869733198","4.1","Low","202402-10-Influenza B"
"202449","49","12/01/2024","12/07/2024","2024-2025","Influenza A","11","125th St PS","2024","3,975","9.59933713299","1.7","Minimal","202449-11-Influenza A"
"202531","31","07/27/2025","08/02/2025","2024-2025","SARS-CoV-2","11","125th St PS","2025","12,562.5","10.09907607476","1.3","Minimal","202531-11-SARS-CoV-2"
"202445","45","11/03/2024","11/09/2024","2024-2025","RSV","8","Little Village","2024","3,937.5","9.5952205668","1.7","Minimal","202445-8-RSV"
"202516","16","04/13/2025","04/19/2025","2024-2025","SARS-CoV-2","8","Little Village","2025","203,400","11.30835094859","4.5","Moderate","202516-8-SARS-CoV-2"
"202446","46","11/10/2024","11/16/2024","2024-2025","RSV","8","Little Village","2024","2,287.5","9.35936110274","1.1","Minimal","202446-8-RSV"
"202412","12","03/17/2024","03/23/2024","2023-2024","RSV","6","West Pullman/Roseland","2024","41,625","10.61935424651","12.5","Very High","202412-6-RSV"
"202516","16","04/13/2025","04/19/2025","2024-2025","SARS-CoV-2","4","Austin/Montclare","2025","100,125","11.00054252909","2.4","Low","202516-4-SARS-CoV-2"
"202207","7","02/13/2022","02/19/2022","2021-2022","Influenza B","4","Austin/Montclare","2022",,,"0","Minimal","202207-4-Influenza B"
"202601","1","01/04/2026","01/10/2026","2025-2026","Influenza A","5","Chicago Lawn/Ashburn","2026","232,661.499530965","11.36672452285","18.9","Very High","202601-5-Influenza A"
"202352","52","12/24/2023","12/30/2023","2023-2024","Influenza B","10","Racine Ave PS","2023","4,012.5","9.60341504541","2.2","Minimal","202352-10-Influenza B"
"202524","24","06/08/2025","06/14/2025","2024-2025","Influenza A","4","Austin/Montclare","2025","0",,"0","Minimal","202524-4-Influenza A"
"202240","40","10/02/2022","10/08/2022","2022-2023","Influenza A","4","Austin/Montclare","2022",,,"0","Minimal","202240-4-Influenza A"
"202424","24","06/09/2024","06/15/2024","2023-2024","SARS-CoV-2","11","125th St PS","2024","8,100","9.90848501888","1","Minimal","202424-11-SARS-CoV-2"
"202337","37","09/10/2023","09/16/2023","2022-2023","RSV","999","All sites","2023","1,403.57142857143","9.14723451903","0","Minimal","202337-999-RSV"
"202225","25","06/19/2022","06/25/2022","2021-2022","SARS-CoV-2","999","All sites","2022","522,450","11.71804473351","7.9","Very High","202225-999-SARS-CoV-2"
"202239","39","09/25/2022","10/01/2022","2021-2022","RSV","4","Austin/Montclare","2022",,,"0","Minimal","202239-4-RSV"
"202548","48","11/23/2025","11/29/2025","2025-2026","SARS-CoV-2","9","North Branch PS","2025","45,375","10.65681663804","1.1","Minimal","202548-9-SARS-CoV-2"
"202540","40","09/28/2025","10/04/2025","2025-2026","Influenza A","4","Austin/Montclare","2025","0",,"0","Minimal","202540-4-Influenza A"
"202330","30","07/23/2023","07/29/2023","2022-2023","SARS-CoV-2","5","Chicago Lawn/Ashburn","2023","110,400","11.04296907339","3.2","Low","202330-5-SARS-CoV-2"
"202233","33","08/14/2022","08/20/2022","2021-2022","RSV","4","Austin/Montclare","2022",,,"0","Minimal","202233-4-RSV"
"202248","48","11/27/2022","12/03/2022","2022-2023","RSV","4","Austin/Montclare","2022",,,"0","Minimal","202248-4-RSV"
"202323","23","06/04/2023","06/10/2023","2022-2023","RSV","4","Austin/Montclare","2023","0",,"0","Minimal","202323-4-RSV"
"202210","10","03/06/2022","03/12/2022","2021-2022","RSV","5","Chicago Lawn/Ashburn","2022",,,"0","Minimal","202210-5-RSV"
"202421","21","05/19/2024","05/25/2024","2023-2024","Influenza A","6","West Pullman/Roseland","2024","2,062.5","9.31439395722","1","Minimal","202421-6-Influenza A"
"202327","27","07/02/2023","07/08/2023","2022-2023","SARS-CoV-2","999","All sites","2023","15,825","10.19934371869","0","Minimal","202327-999-SARS-CoV-2"
"202324","24","06/11/2023","06/17/2023","2022-2023","RSV","999","All sites","2023","3,010.71428571429","9.47866954328","1.2","Minimal","202324-999-RSV"
"202430","30","07/21/2024","07/27/2024","2023-2024","RSV","4","Austin/Montclare","2024","0",,"0","Minimal","202430-4-RSV"
"202515","15","04/06/2025","04/12/2025","2024-2025","Influenza B","6","West Pullman/Roseland","2025","0",,"0","Minimal","202515-6-Influenza B"
"202428","28","07/07/2024","07/13/2024","2023-2024","SARS-CoV-2","999","All sites","2024","354,712.5","11.5498764932","6.4","High","202428-999-SARS-CoV-2"
"202345","45","11/05/2023","11/11/2023","2023-2024","Influenza A","11","125th St PS","2023","0",,"0","Minimal","202345-11-Influenza A"
"202308","8","02/19/2023","02/25/2023","2022-2023","SARS-CoV-2","8","Little Village","2023","982,725","11.99243200441","13.5","Very High","202308-8-SARS-CoV-2"
"202340","40","10/01/2023","10/07/2023","2023-2024","RSV","10","Racine Ave PS","2023","5,925","9.77268835468","1.4","Minimal","202340-10-RSV"
"202513","13","03/23/2025","03/29/2025","2024-2025","RSV","9","North Branch PS","2025","9,375","9.9719712764","1.9","Minimal","202513-9-RSV"
"202316","16","04/16/2023","04/22/2023","2022-2023","SARS-CoV-2","8","Little Village","2023","160,200","11.20466251175","3.8","Moderate","202316-8-SARS-CoV-2"
"202437","37","09/08/2024","09/14/2024","2023-2024","SARS-CoV-2","10","Racine Ave PS","2024","1,787,175","12.25216708066","18.3","Very High","202437-10-SARS-CoV-2"
"202332","32","08/06/2023","08/12/2023","2022-2023","RSV","11","125th St PS","2023","0",,"0","Minimal","202332-11-RSV"
"202250","50","12/11/2022","12/17/2022","2022-2023","Influenza B","999","All sites","2022","0",,"0","Minimal","202250-999-Influenza B"
"202530","30","07/20/2025","07/26/2025","2024-2025","Influenza A","999","All sites","2025","562.5","8.75012252678","0","Minimal","202530-999-Influenza A"
"202514","14","03/30/2025","04/05/2025","2024-2025","RSV","10","Racine Ave PS","2025","6,000","9.77815125038","2.4","Minimal","202514-10-RSV"
"202339","39","09/24/2023","09/30/2023","2022-2023","SARS-CoV-2","8","Little Village","2023","302,287.5","11.48042018888","5.7","High","202339-8-SARS-CoV-2"
"202327","27","07/02/2023","07/08/2023","2022-2023","Influenza B","9","North Branch PS","2023","0",,"0","Minimal","202327-9-Influenza B"
"202520","20","05/11/2025","05/17/2025","2024-2025","RSV","10","Racine Ave PS","2025","0",,"0","Minimal","202520-10-RSV"
"202449","49","12/01/2024","12/07/2024","2024-2025","SARS-CoV-2","11","125th St PS","2024","79,425","10.8999572235","4.6","Moderate","202449-11-SARS-CoV-2"
"202528","28","07/06/2025","07/12/2025","2024-2025","SARS-CoV-2","4","Austin/Montclare","2025","14,550","10.16286299332","0.7","Minimal","202528-4-SARS-CoV-2"
"202426","26","06/23/2024","06/29/2024","2023-2024","SARS-CoV-2","999","All sites","2024","125,533.928571429","11.09876112024","3.8","Moderate","202426-999-SARS-CoV-2"
"202334","34","08/20/2023","08/26/2023","2022-2023","SARS-CoV-2","9","North Branch PS","2023","248,362.5","11.39508602277","4","Moderate","202334-9-SARS-CoV-2"
"202433","33","08/11/2024","08/17/2024","2023-2024","Influenza B","6","West Pullman/Roseland","2024","0",,"0","Minimal","202433-6-Influenza B"
"202322","22","05/28/2023","06/03/2023","2022-2023","Influenza A","5","Chicago Lawn/Ashburn","2023","0",,"0","Minimal","202322-5-Influenza A"
"202335","35","08/27/2023","09/02/2023","2022-2023","RSV","6","West Pullman/Roseland","2023","0",,"0","Minimal","202335-6-RSV"
"202236","36","09/04/2022","09/10/2022","2021-2022","SARS-CoV-2","999","All sites","2022","180,400","11.25623653321","5.9","High","202236-999-SARS-CoV-2"
"202249","49","12/04/2022","12/10/2022","2022-2023","SARS-CoV-2","8","Little Village","2022","1,293,750","12.1118503628","16.9","Very High","202249-8-SARS-CoV-2"
"202334","34","08/20/2023","08/26/2023","2022-2023","Influenza B","999","All sites","2023","283.92857142857","8.45320909731","0","Minimal","202334-999-Influenza B"
"202517","17","04/20/2025","04/26/2025","2024-2025","Influenza A","999","All sites","2025","27,857.1428571429","10.44493657135","0","Minimal","202517-999-Influenza A"
"202548","48","11/23/2025","11/29/2025","2025-2026","RSV","9","North Branch PS","2025","0",,"0","Minimal","202548-9-RSV"
"202439","39","09/22/2024","09/28/2024","2023-2024","Influenza A","4","Austin/Montclare","2024","0",,"0","Minimal","202439-4-Influenza A"
"202234","34","08/21/2022","08/27/2022","2021-2022","RSV","4","Austin/Montclare","2022",,,"0","Minimal","202234-4-RSV"
"202336","36","09/03/2023","09/09/2023","2022-2023","RSV","999","All sites","2023","4,842.85714285714","9.68510165819","0","Minimal","202336-999-RSV"
"202435","35","08/25/2024","08/31/2024","2023-2024","Influenza A","4","Austin/Montclare","2024","0",,"0","Minimal","202435-4-Influenza A"
"202408","8","02/18/2024","02/24/2024","2023-2024","SARS-CoV-2","999","All sites","2024","1,119,578.57142857","12.04905457754","16.2","Very High","202408-999-SARS-CoV-2"
"202602","2","01/11/2026","01/17/2026","2025-2026","Influenza B","4","Austin/Montclare","2026","0",,"0","Minimal","202602-4-Influenza B"
"202424","24","06/09/2024","06/15/2024","2023-2024","SARS-CoV-2","9","North Branch PS","2024","108,075","11.03372524421","2.2","Low","202424-9-SARS-CoV-2"
"202540","40","09/28/2025","10/04/2025","2025-2026","RSV","5","Chicago Lawn/Ashburn","2025","0",,"0","Minimal","202540-5-RSV"
"202322","22","05/28/2023","06/03/2023","2022-2023","Influenza B","11","125th St PS","2023","0",,"0","Minimal","202322-11-Influenza B"
"202443","43","10/20/2024","10/26/2024","2024-2025","Influenza A","5","Chicago Lawn/Ashburn","2024","0",,"0","Minimal","202443-5-Influenza A"
"202446","46","11/10/2024","11/16/2024","2024-2025","Influenza A","4","Austin/Montclare","2024","5,925","9.77268835468","1.3","Minimal","202446-4-Influenza A"
"202334","34","08/20/2023","08/26/2023","2022-2023","RSV","4","Austin/Montclare","2023","8,587.5","9.93386675007","2.9","Low","202334-4-RSV"
"202516","16","04/13/2025","04/19/2025","2024-2025","Influenza A","9","North Branch PS","2025","404,175","11.60656944699","35.1","Very High","202516-9-Influenza A"
"202521","21","05/18/2025","05/24/2025","2024-2025","Influenza A","4","Austin/Montclare","2025","2,625","9.41912930774","1.2","Minimal","202521-4-Influenza A"
"202330","30","07/23/2023","07/29/2023","2022-2023","Influenza B","8","Little Village","2023","0",,"0","Minimal","202330-8-Influenza B"
"202346","46","11/12/2023","11/18/2023","2023-2024","SARS-CoV-2","5","Chicago Lawn/Ashburn","2023","401,925","11.60414502044","7.3","High","202346-5-SARS-CoV-2"
"202532","32","08/03/2025","08/09/2025","2024-2025","Influenza B","5","Chicago Lawn/Ashburn","2025","0",,"0","Minimal","202532-5-Influenza B"
"202240","40","10/02/2022","10/08/2022","2022-2023","RSV","4","Austin/Montclare","2022",,,"0","Minimal","202240-4-RSV"
"202313","13","03/26/2023","04/01/2023","2022-2023","Influenza A","5","Chicago Lawn/Ashburn","2023","3,975","9.59933713299","1.7","Minimal","202313-5-Influenza A"
"202540","40","09/28/2025","10/04/2025","2025-2026","Influenza B","6","West Pullman/Roseland","2025","0",,"0","Minimal","202540-6-Influenza B"
"202540","40","09/28/2025","10/04/2025","2025-2026","Influenza B","4","Austin/Montclare","2025","0",,"0","Minimal","202540-4-Influenza B"
"202528","28","07/06/2025","07/12/2025","2024-2025","RSV","6","West Pullman/Roseland","2025","0",,"0","Minimal","202528-6-RSV"
"202219","19","05/08/2022","05/14/2022","2021-2022","RSV","5","Chicago Lawn/Ashburn","2022",,,"0","Minimal","202219-5-RSV"
"202528","28","07/06/2025","07/12/2025","2024-2025","Influenza B","9","North Branch PS","2025","0",,"0","Minimal","202528-9-Influenza B"
"202432","32","08/04/2024","08/10/2024","2023-2024","Influenza B","5","Chicago Lawn/Ashburn","2024","0",,"0","Minimal","202432-5-Influenza B"
"202532","32","08/03/2025","08/09/2025","2024-2025","Influenza B","6","West Pullman/Roseland","2025","0",,"0","Minimal","202532-6-Influenza B"
"202336","36","09/03/2023","09/09/2023","2022-2023","Influenza A","11","125th St PS","2023","0",,"0","Minimal","202336-11-Influenza A"
"202339","39","09/24/2023","09/30/2023","2022-2023","RSV","8","Little Village","2023","1,987.5","9.29830713733","1","Minimal","202339-8-RSV"
"202523","23","06/01/2025","06/07/2025","2024-2025","Influenza B","6","West Pullman/Roseland","2025","0",,"0","Minimal","202523-6-Influenza B"
"202512","12","03/16/2025","03/22/2025","2024-2025","Influenza B","11","125th St PS","2025","0",,"0","Minimal","202512-11-Influenza B"
"202322","22","05/28/2023","06/03/2023","2022-2023","SARS-CoV-2","999","All sites","2023","102,894.642857143","11.01239276409","2.3","Low","202322-999-SARS-CoV-2"
"202526","26","06/22/2025","06/28/2025","2024-2025","SARS-CoV-2","11","125th St PS","2025","8,362.5","9.92233613078","1","Minimal","202526-11-SARS-CoV-2"
"202342","42","10/15/2023","10/21/2023","2023-2024","Influenza A","6","West Pullman/Roseland","2023","0",,"0","Minimal","202342-6-Influenza A"
"202524","24","06/08/2025","06/14/2025","2024-2025","SARS-CoV-2","8","Little Village","2025","61,912.5","10.79177834099","1.9","Minimal","202524-8-SARS-CoV-2"
"202513","13","03/23/2025","03/29/2025","2024-2025","SARS-CoV-2","11","125th St PS","2025","40,500","10.60745502321","2.7","Low","202513-11-SARS-CoV-2"
"202248","48","11/27/2022","12/03/2022","2022-2023","SARS-CoV-2","4","Austin/Montclare","2022","2,202,375","12.34289126857","18.7","Very High","202248-4-SARS-CoV-2"
"202320","20","05/14/2023","05/20/2023","2022-2023","Influenza A","9","North Branch PS","2023","0",,"0","Minimal","202320-9-Influenza A"
"202539","39","09/21/2025","09/27/2025","2024-2025","SARS-CoV-2","4","Austin/Montclare","2025","133,462.5","11.12535925573","3","Low","202539-4-SARS-CoV-2"
"202510","10","03/02/2025","03/08/2025","2024-2025","Influenza A","10","Racine Ave PS","2025","251,887.5","11.40120661603","22.6","Very High","202510-10-Influenza A"
"202233","33","08/14/2022","08/20/2022","2021-2022","SARS-CoV-2","6","West Pullman/Roseland","2022","95,175","10.97852288549","5","Moderate","202233-6-SARS-CoV-2"
"202333","33","08/13/2023","08/19/2023","2022-2023","RSV","10","Racine Ave PS","2023","0",,"0","Minimal","202333-10-RSV"
"202443","43","10/20/2024","10/26/2024","2024-2025","SARS-CoV-2","9","North Branch PS","2024","14,175","10.15152306756","0.8","Minimal","202443-9-SARS-CoV-2"
"202417","17","04/21/2024","04/27/2024","2023-2024","RSV","6","West Pullman/Roseland","2024","0",,"0","Minimal","202417-6-RSV"
"202318","18","04/30/2023","05/06/2023","2022-2023","Influenza B","999","All sites","2023","3,200","9.50514997832","0","Minimal","202318-999-Influenza B"
"202405","5","01/28/2024","02/03/2024","2023-2024","RSV","11","125th St PS","2024","6,000","9.77815125038","2.6","Low","202405-11-RSV"
"202317","17","04/23/2023","04/29/2023","2022-2023","Influenza B","5","Chicago Lawn/Ashburn","2023","1,987.5","9.29830713733","1","Minimal","202317-5-Influenza B"
"202403","3","01/14/2024","01/20/2024","2023-2024","Influenza B","5","Chicago Lawn/Ashburn","2024","15,750","10.19728055813","3.3","Low","202403-5-Influenza B"
"202326","26","06/25/2023","07/01/2023","2022-2023","Influenza B","9","North Branch PS","2023","0",,"0","Minimal","202326-9-Influenza B"
"202541","41","10/05/2025","10/11/2025","2025-2026","Influenza B","5","Chicago Lawn/Ashburn","2025","1,800","9.2552725051","0.9","Minimal","202541-5-Influenza B"
"202335","35","08/27/2023","09/02/2023","2022-2023","SARS-CoV-2","9","North Branch PS","2023","274,425","11.43842367288","4.4","Moderate","202335-9-SARS-CoV-2"
"202350","50","12/10/2023","12/16/2023","2023-2024","RSV","5","Chicago Lawn/Ashburn","2023","110,137.5","11.04193521425","11.3","Very High","202350-5-RSV"
"202339","39","09/24/2023","09/30/2023","2022-2023","SARS-CoV-2","6","West Pullman/Roseland","2023","78,375","10.89417755384","4.6","Moderate","202339-6-SARS-CoV-2"
"202405","5","01/28/2024","02/03/2024","2023-2024","RSV","10","Racine Ave PS","2024","8,100","9.90848501888","3.1","Low","202405-10-RSV"
"202309","9","02/26/2023","03/04/2023","2022-2023","SARS-CoV-2","8","Little Village","2023","554,962.5","11.74426363791","9.2","Very High","202309-8-SARS-CoV-2"
"202347","47","11/19/2023","11/25/2023","2023-2024","Influenza B","4","Austin/Montclare","2023","0",,"0","Minimal","202347-4-Influenza B"
"202539","39","09/21/2025","09/27/2025","2024-2025","RSV","10","Racine Ave PS","2025","0",,"0","Minimal","202539-10-RSV"
"202428","28","07/07/2024","07/13/2024","2023-2024","Influenza B","999","All sites","2024","380.35714285714","8.58019157643","0","Minimal","202428-999-Influenza B"
"202544","44","10/26/2025","11/01/2025","2025-2026","Influenza A","10","Racine Ave PS","2025","3,712.5","9.56966646233","0.9","Minimal","202544-10-Influenza A"
"202539","39","09/21/2025","09/27/2025","2024-2025","Influenza A","9","North Branch PS","2025","1,875","9.27300127206","1","Minimal","202539-9-Influenza A"
"202345","45","11/05/2023","11/11/2023","2023-2024","Influenza B","9","North Branch PS","2023","0",,"0","Minimal","202345-9-Influenza B"
"202315","15","04/09/2023","04/15/2023","2022-2023","RSV","999","All sites","2023","1,500","9.17609125906","0","Minimal","202315-999-RSV"
"202541","41","10/05/2025","10/11/2025","2025-2026","SARS-CoV-2","10","Racine Ave PS","2025","5,400","9.73239375982","0.4","Minimal","202541-10-SARS-CoV-2"
"202349","49","12/03/2023","12/09/2023","2023-2024","Influenza A","5","Chicago Lawn/Ashburn","2023","34,425","10.53687394893","4.8","Low","202349-5-Influenza A"
"202304","4","01/22/2023","01/28/2023","2022-2023","SARS-CoV-2","8","Little Village","2023","1,105,500","12.04355874691","15.2","Very High","202304-8-SARS-CoV-2"
"202351","51","12/17/2023","12/23/2023","2023-2024","Influenza B","999","All sites","2023","3,123.21428571429","9.49460178247","0","Minimal","202351-999-Influenza B"
"202550","50","12/07/2025","12/13/2025","2025-2026","RSV","9","North Branch PS","2025","11,325","10.05403821068","2.2","Minimal","202550-9-RSV"
"202352","52","12/24/2023","12/30/2023","2023-2024","Influenza B","8","Little Village","2023","4,012.5","9.60341504541","2.5","Minimal","202352-8-Influenza B"
"202538","38","09/14/2025","09/20/2025","2024-2025","RSV","9","North Branch PS","2025","0",,"0","Minimal","202538-9-RSV"
"202430","30","07/21/2024","07/27/2024","2023-2024","SARS-CoV-2","999","All sites","2024","252,155.357142857","11.40166819936","5","Moderate","202430-999-SARS-CoV-2"
"202326","26","06/25/2023","07/01/2023","2022-2023","Influenza A","8","Little Village","2023","164,100","11.21510858105","15.4","High","202326-8-Influenza A"
"202451","51","12/15/2024","12/21/2024","2024-2025","Influenza B","5","Chicago Lawn/Ashburn","2024","0",,"0","Minimal","202451-5-Influenza B"
"202547","47","11/16/2025","11/22/2025","2025-2026","Influenza A","10","Racine Ave PS","2025","3,937.5","9.5952205668","1.7","Minimal","202547-10-Influenza A"
"202328","28","07/09/2023","07/15/2023","2022-2023","RSV","8","Little Village","2023","0",,"0","Minimal","202328-8-RSV"
"202436","36","09/01/2024","09/07/2024","2023-2024","Influenza A","6","West Pullman/Roseland","2024","1,987.5","9.29830713733","1","Minimal","202436-6-Influenza A"
"202339","39","09/24/2023","09/30/2023","2022-2023","SARS-CoV-2","999","All sites","2023","225,991.071428571","11.35409128116","4.8","Moderate","202339-999-SARS-CoV-2"
"202343","43","10/22/2023","10/28/2023","2023-2024","Influenza A","6","West Pullman/Roseland","2023","1,950","9.29003461136","1","Minimal","202343-6-Influenza A"
"202342","42","10/15/2023","10/21/2023","2023-2024","RSV","8","Little Village","2023","9,937.5","9.99727714166","2","Minimal","202342-8-RSV"
"202518","18","04/27/2025","05/03/2025","2024-2025","RSV","10","Racine Ave PS","2025","1,987.5","9.29830713733","1","Minimal","202518-10-RSV"
"202502","2","01/05/2025","01/11/2025","2024-2025","RSV","4","Austin/Montclare","2025","855,037.5","11.93198516231","45.7","Very High","202502-4-RSV"
"202327","27","07/02/2023","07/08/2023","2022-2023","Influenza A","6","West Pullman/Roseland","2023","0",,"0","Minimal","202327-6-Influenza A"
"202601","1","01/04/2026","01/10/2026","2025-2026","SARS-CoV-2","10","Racine Ave PS","2026","1,444,734.995","12.15978819258","17.8","Very High","202601-10-SARS-CoV-2"
"202430","30","07/21/2024","07/27/2024","2023-2024","RSV","5","Chicago Lawn/Ashburn","2024","0",,"0","Minimal","202430-5-RSV"
"202520","20","05/11/2025","05/17/2025","2024-2025","RSV","5","Chicago Lawn/Ashburn","2025","0",,"0","Minimal","202520-5-RSV"
"202501","1","12/29/2024","01/04/2025","2024-2025","Influenza A","999","All sites","2025","69,310.7142857143","10.84080037452","8.1","Moderate","202501-999-Influenza A"
"202405","5","01/28/2024","02/03/2024","2023-2024","SARS-CoV-2","4","Austin/Montclare","2024","378,337.5","11.57787938976","6","High","202405-4-SARS-CoV-2"
"202502","2","01/05/2025","01/11/2025","2024-2025","SARS-CoV-2","10","Racine Ave PS","2025","1,673,625","12.22365815457","19.2","Very High","202502-10-SARS-CoV-2"
"202324","24","06/11/2023","06/17/2023","2022-2023","RSV","11","125th St PS","2023","4,050","9.60745502321","1.8","Minimal","202324-11-RSV"
"202537","37","09/07/2025","09/13/2025","2024-2025","SARS-CoV-2","8","Little Village","2025","87,600","10.94250410617","2.4","Low","202537-8-SARS-CoV-2"
"202539","39","09/21/2025","09/27/2025","2024-2025","RSV","11","125th St PS","2025","0",,"0","Minimal","202539-11-RSV"
"202504","4","01/19/2025","01/25/2025","2024-2025","SARS-CoV-2","9","North Branch PS","2025","2,234,250","12.34913176661","22.3","Very High","202504-9-SARS-CoV-2"
"202415","15","04/07/2024","04/13/2024","2023-2024","SARS-CoV-2","5","Chicago Lawn/Ashburn","2024","256,350","11.40883332178","5.5","High","202415-5-SARS-CoV-2"
"202520","20","05/11/2025","05/17/2025","2024-2025","Influenza A","4","Austin/Montclare","2025","1,950","9.29003461136","1","Minimal","202520-4-Influenza A"
"202440","40","09/29/2024","10/05/2024","2024-2025","Influenza B","999","All sites","2024","185.71428571429","8.26884531229","0","Minimal","202440-999-Influenza B"
"202313","13","03/26/2023","04/01/2023","2022-2023","RSV","5","Chicago Lawn/Ashburn","2023","1,987.5","9.29830713733","1","Minimal","202313-5-RSV"
"202523","23","06/01/2025","06/07/2025","2024-2025","Influenza B","10","Racine Ave PS","2025","7,912.5","9.89831372303","4.8","Low","202523-10-Influenza B"
"202442","42","10/13/2024","10/19/2024","2024-2025","SARS-CoV-2","10","Racine Ave PS","2024","12,000","10.07918124605","0.7","Minimal","202442-10-SARS-CoV-2"
"202418","18","04/28/2024","05/04/2024","2023-2024","Influenza A","6","West Pullman/Roseland","2024","1,987.5","9.29830713733","1","Minimal","202418-6-Influenza A"
"202441","41","10/06/2024","10/12/2024","2024-2025","Influenza B","4","Austin/Montclare","2024","0",,"0","Minimal","202441-4-Influenza B"
"202548","48","11/23/2025","11/29/2025","2025-2026","Influenza B","999","All sites","2025","278.57142857143","8.44493657135","0","Minimal","202548-999-Influenza B"
"202517","17","04/20/2025","04/26/2025","2024-2025","SARS-CoV-2","999","All sites","2025","130,767.857142857","11.11650100713","3.7","Moderate","202517-999-SARS-CoV-2"
"202442","42","10/13/2024","10/19/2024","2024-2025","Influenza A","8","Little Village","2024","0",,"0","Minimal","202442-8-Influenza A"
"202345","45","11/05/2023","11/11/2023","2023-2024","Influenza A","999","All sites","2023","5,383.92857142857","9.73109928947","0","Minimal","202345-999-Influenza A"
"202449","49","12/01/2024","12/07/2024","2024-2025","Influenza B","5","Chicago Lawn/Ashburn","2024","0",,"0","Minimal","202449-5-Influenza B"
"202426","26","06/23/2024","06/29/2024","2023-2024","SARS-CoV-2","5","Chicago Lawn/Ashburn","2024","94,425","10.9750869935","2.9","Low","202426-5-SARS-CoV-2"
"202312","12","03/19/2023","03/25/2023","2022-2023","RSV","6","West Pullman/Roseland","2023","0",,"0","Minimal","202312-6-RSV"
"202531","31","07/27/2025","08/02/2025","2024-2025","RSV","999","All sites","2025","0",,"0","Minimal","202531-999-RSV"
"202407","7","02/11/2024","02/17/2024","2023-2024","RSV","999","All sites","2024","38,994.6428571429","10.59100494709","5.3","Moderate","202407-999-RSV"
"202248","48","11/27/2022","12/03/2022","2022-2023","SARS-CoV-2","999","All sites","2022","1,368,140.625","12.13613073885","16.5","Very High","202248-999-SARS-CoV-2"
"202530","30","07/20/2025","07/26/2025","2024-2025","Influenza B","9","North Branch PS","2025","0",,"0","Minimal","202530-9-Influenza B"
"202534","34","08/17/2025","08/23/2025","2024-2025","Influenza B","5","Chicago Lawn/Ashburn","2025","0",,"0","Minimal","202534-5-Influenza B"
"202539","39","09/21/2025","09/27/2025","2024-2025","Influenza B","10","Racine Ave PS","2025","0",,"0","Minimal","202539-10-Influenza B"
"202316","16","04/16/2023","04/22/2023","2022-2023","Influenza B","999","All sites","2023","0",,"0","Minimal","202316-999-Influenza B"
"202229","29","07/17/2022","07/23/2022","2021-2022","Influenza A","4","Austin/Montclare","2022",,,"0","Minimal","202229-4-Influenza A"
"202451","51","12/15/2024","12/21/2024","2024-2025","Influenza A","999","All sites","2024","48,107.1428571429","10.68220956438","0","Minimal","202451-999-Influenza A"
"202317","17","04/23/2023","04/29/2023","2022-2023","SARS-CoV-2","6","West Pullman/Roseland","2023","79,725","10.90159452792","4.7","Moderate","202317-6-SARS-CoV-2"
"202523","23","06/01/2025","06/07/2025","2024-2025","Influenza A","6","West Pullman/Roseland","2025","3,937.5","9.5952205668","1","Minimal","202523-6-Influenza A"
"202320","20","05/14/2023","05/20/2023","2022-2023","Influenza B","5","Chicago Lawn/Ashburn","2023","7,800","9.89209460269","3.2","Low","202320-5-Influenza B"
"202509","9","02/23/2025","03/01/2025","2024-2025","Influenza B","10","Racine Ave PS","2025","0",,"0","Minimal","202509-10-Influenza B"
"202207","7","02/13/2022","02/19/2022","2021-2022","Influenza B","5","Chicago Lawn/Ashburn","2022",,,"0","Minimal","202207-5-Influenza B"
"202209","9","02/27/2022","03/05/2022","2021-2022","SARS-CoV-2","999","All sites","2022","6,650","9.8228216453","0.7","Minimal","202209-999-SARS-CoV-2"
"202451","51","12/15/2024","12/21/2024","2024-2025","RSV","999","All sites","2024","36,830.3571428571","10.56620593022","6.8","Moderate","202451-999-RSV"
"202333","33","08/13/2023","08/19/2023","2022-2023","RSV","999","All sites","2023","1,708.92857142857","9.23272391077","0","Minimal","202333-999-RSV"
"202543","43","10/19/2025","10/25/2025","2025-2026","Influenza A","4","Austin/Montclare","2025","0",,"0","Minimal","202543-4-Influenza A"
"202408","8","02/18/2024","02/24/2024","2023-2024","RSV","4","Austin/Montclare","2024","24,937.5","10.39685291303","3.6","Low","202408-4-RSV"
"202517","17","04/20/2025","04/26/2025","2024-2025","RSV","4","Austin/Montclare","2025","4,162.5","9.61935424651","1.7","Minimal","202517-4-RSV"
"202438","38","09/15/2024","09/21/2024","2023-2024","SARS-CoV-2","10","Racine Ave PS","2024","240,037.5","11.38027909492","5","Moderate","202438-10-SARS-CoV-2"
"202224","24","06/12/2022","06/18/2022","2021-2022","Influenza A","5","Chicago Lawn/Ashburn","2022",,,"0","Minimal","202224-5-Influenza A"
"202518","18","04/27/2025","05/03/2025","2024-2025","RSV","8","Little Village","2025","1,987.5","9.29830713733","1","Minimal","202518-8-RSV"
"202402","2","01/07/2024","01/13/2024","2023-2024","RSV","4","Austin/Montclare","2024","91,050","10.95927995013","9.8","High","202402-4-RSV"
"202527","27","06/29/2025","07/05/2025","2024-2025","Influenza B","5","Chicago Lawn/Ashburn","2025","0",,"0","Minimal","202527-5-Influenza B"
"202222","22","05/29/2022","06/04/2022","2021-2022","Influenza A","4","Austin/Montclare","2022",,,"0","Minimal","202222-4-Influenza A"
"202407","7","02/11/2024","02/17/2024","2023-2024","SARS-CoV-2","5","Chicago Lawn/Ashburn","2024","1,468,912.5","12.16699592656","15.2","Very High","202407-5-SARS-CoV-2"
"202440","40","09/29/2024","10/05/2024","2024-2025","Influenza A","9","North Branch PS","2024","0",,"0","Minimal","202440-9-Influenza A"
"202513","13","03/23/2025","03/29/2025","2024-2025","Influenza B","11","125th St PS","2025","0",,"0","Minimal","202513-11-Influenza B"
"202515","15","04/06/2025","04/12/2025","2024-2025","SARS-CoV-2","6","West Pullman/Roseland","2025","137,625","11.13869733198","6.4","High","202515-6-SARS-CoV-2"
"202325","25","06/18/2023","06/24/2023","2022-2023","Influenza A","5","Chicago Lawn/Ashburn","2023","0",,"0","Minimal","202325-5-Influenza A"
"202433","33","08/11/2024","08/17/2024","2023-2024","RSV","999","All sites","2024","0",,"0","Minimal","202433-999-RSV"
"202412","12","03/17/2024","03/23/2024","2023-2024","SARS-CoV-2","6","West Pullman/Roseland","2024","91,387.5","10.96088679691","5.1","Moderate","202412-6-SARS-CoV-2"
"202347","47","11/19/2023","11/25/2023","2023-2024","Influenza B","999","All sites","2023","1,692.85714285714","9.22862031033","0","Minimal","202347-999-Influenza B"
"202448","48","11/24/2024","11/30/2024","2024-2025","SARS-CoV-2","11","125th St PS","2024","850,687.5","11.92977005133","21.2","Very High","202448-11-SARS-CoV-2"
"202343","43","10/22/2023","10/28/2023","2023-2024","Influenza B","6","West Pullman/Roseland","2023","0",,"0","Minimal","202343-6-Influenza B"
"202307","7","02/12/2023","02/18/2023","2022-2023","Influenza B","5","Chicago Lawn/Ashburn","2023","5,325","9.72631961211","2.3","Minimal","202307-5-Influenza B"
"202426","26","06/23/2024","06/29/2024","2023-2024","Influenza B","6","West Pullman/Roseland","2024","0",,"0","Minimal","202426-6-Influenza B"
"202403","3","01/14/2024","01/20/2024","2023-2024","Influenza A","4","Austin/Montclare","2024","101,625","11.0070005586","10.3","Moderate","202403-4-Influenza A"
"202443","43","10/20/2024","10/26/2024","2024-2025","Influenza A","8","Little Village","2024","5,962.5","9.77542839205","2.3","Minimal","202443-8-Influenza A"
"202208","8","02/20/2022","02/26/2022","2021-2022","Influenza A","4","Austin/Montclare","2022",,,"0","Minimal","202208-4-Influenza A"
"202512","12","03/16/2025","03/22/2025","2024-2025","Influenza B","999","All sites","2025","2,555.35714285714","9.40745160675","0","Minimal","202512-999-Influenza B"
"202345","45","11/05/2023","11/11/2023","2023-2024","Influenza A","5","Chicago Lawn/Ashburn","2023","1,950","9.29003461136","1","Minimal","202345-5-Influenza A"
"202518","18","04/27/2025","05/03/2025","2024-2025","SARS-CoV-2","5","Chicago Lawn/Ashburn","2025","68,625","10.83648235746","2.4","Low","202518-5-SARS-CoV-2"
"202430","30","07/21/2024","07/27/2024","2023-2024","Influenza B","999","All sites","2024","1,430.35714285714","9.15544448908","0","Minimal","202430-999-Influenza B"
"202553","53","12/28/2025","01/03/2026","2025-2026","SARS-CoV-2","999","All sites","2025","459,916.639285714","11.66267912216","7.7","High","202553-999-SARS-CoV-2"
"202602","2","01/11/2026","01/17/2026","2025-2026","Influenza B","9","North Branch PS","2026","1,977.8555702949","9.29619457477","1","Minimal","202602-9-Influenza B"
"202526","26","06/22/2025","06/28/2025","2024-2025","SARS-CoV-2","10","Racine Ave PS","2025","35,512.5","10.55038124673","1.3","Minimal","202526-10-SARS-CoV-2"
"202244","44","10/30/2022","11/05/2022","2022-2023","Influenza B","8","Little Village","2022","0",,"0","Minimal","202244-8-Influenza B"
"202508","8","02/16/2025","02/22/2025","2024-2025","Influenza A","10","Racine Ave PS","2025","157,087.5","11.19614162809","15.8","High","202508-10-Influenza A"
"202306","6","02/05/2023","02/11/2023","2022-2023","Influenza A","999","All sites","2023","16,406.25","10.21500932509","0","Minimal","202306-999-Influenza A"
"202544","44","10/26/2025","11/01/2025","2025-2026","RSV","6","West Pullman/Roseland","2025","0",,"0","Minimal","202544-6-RSV"
"202217","17","04/24/2022","04/30/2022","2021-2022","RSV","6","West Pullman/Roseland","2022",,,"0","Minimal","202217-6-RSV"
"202445","45","11/03/2024","11/09/2024","2024-2025","SARS-CoV-2","6","West Pullman/Roseland","2024","15,750","10.19728055813","2.5","Low","202445-6-SARS-CoV-2"
"202443","43","10/20/2024","10/26/2024","2024-2025","Influenza B","8","Little Village","2024","0",,"0","Minimal","202443-8-Influenza B"
"202437","37","09/08/2024","09/14/2024","2023-2024","Influenza A","9","North Branch PS","2024","2,025","9.30642502755","1","Minimal","202437-9-Influenza A"
"202237","37","09/11/2022","09/17/2022","2021-2022","Influenza A","6","West Pullman/Roseland","2022",,,"0","Minimal","202237-6-Influenza A"
"202231","31","07/31/2022","08/06/2022","2021-2022","Influenza B","999","All sites","2022",,,"0","Minimal","202231-999-Influenza B"
"202351","51","12/17/2023","12/23/2023","2023-2024","SARS-CoV-2","5","Chicago Lawn/Ashburn","2023","3,598,500","12.55612150702","29","Very High","202351-5-SARS-CoV-2"
"202418","18","04/28/2024","05/04/2024","2023-2024","Influenza A","11","125th St PS","2024","1,987.5","9.29830713733","1","Minimal","202418-11-Influenza A"
"202538","38","09/14/2025","09/20/2025","2024-2025","Influenza A","9","North Branch PS","2025","0",,"0","Minimal","202538-9-Influenza A"
"202242","42","10/16/2022","10/22/2022","2022-2023","SARS-CoV-2","6","West Pullman/Roseland","2022","67,650","10.83026780093","3.8","Moderate","202242-6-SARS-CoV-2"
"202531","31","07/27/2025","08/02/2025","2024-2025","Influenza A","4","Austin/Montclare","2025","0",,"0","Minimal","202531-4-Influenza A"
"202540","40","09/28/2025","10/04/2025","2025-2026","Influenza B","11","125th St PS","2025","0",,"0","Minimal","202540-11-Influenza B"
"202441","41","10/06/2024","10/12/2024","2024-2025","SARS-CoV-2","999","All sites","2024","15,237.5","10.18291371863","0","Minimal","202441-999-SARS-CoV-2"
"202250","50","12/11/2022","12/17/2022","2022-2023","RSV","999","All sites","2022",,,"0","Minimal","202250-999-RSV"
"202517","17","04/20/2025","04/26/2025","2024-2025","Influenza A","5","Chicago Lawn/Ashburn","2025","56,962.5","10.75558904159","6.4","Moderate","202517-5-Influenza A"
"202302","2","01/08/2023","01/14/2023","2022-2023","Influenza A","999","All sites","2023","24,515.625","10.3894429696","0","Minimal","202302-999-Influenza A"
"202402","2","01/07/2024","01/13/2024","2023-2024","RSV","11","125th St PS","2024","128,625","11.10932538777","18.7","Very High","202402-11-RSV"
"202310","10","03/05/2023","03/11/2023","2022-2023","Influenza A","6","West Pullman/Roseland","2023","0",,"0","Minimal","202310-6-Influenza A"
"202341","41","10/08/2023","10/14/2023","2023-2024","SARS-CoV-2","9","North Branch PS","2023","197,587.5","11.2957594663","3.4","Low","202341-9-SARS-CoV-2"
"202515","15","04/06/2025","04/12/2025","2024-2025","RSV","11","125th St PS","2025","0",,"0","Minimal","202515-11-RSV"
"202225","25","06/19/2022","06/25/2022","2021-2022","SARS-CoV-2","5","Chicago Lawn/Ashburn","2022","1,266,862.5","12.10272948092","12.5","Very High","202225-5-SARS-CoV-2"
"202240","40","10/02/2022","10/08/2022","2022-2023","RSV","8","Little Village","2022",,,"0","Minimal","202240-8-RSV"
"202524","24","06/08/2025","06/14/2025","2024-2025","SARS-CoV-2","9","North Branch PS","2025","181,950","11.25995205992","3.1","Low","202524-9-SARS-CoV-2"
"202235","35","08/28/2022","09/03/2022","2021-2022","Influenza A","5","Chicago Lawn/Ashburn","2022",,,"0","Minimal","202235-5-Influenza A"
"202232","32","08/07/2022","08/13/2022","2021-2022","SARS-CoV-2","999","All sites","2022","159,325","11.20228392715","3.9","Moderate","202232-999-SARS-CoV-2"
"202434","34","08/18/2024","08/24/2024","2023-2024","RSV","10","Racine Ave PS","2024","0",,"0","Minimal","202434-10-RSV"
"202319","19","05/07/2023","05/13/2023","2022-2023","RSV","999","All sites","2023","589.28571428571","8.77032591287","0","Minimal","202319-999-RSV"
"202441","41","10/06/2024","10/12/2024","2024-2025","Influenza A","6","West Pullman/Roseland","2024","0",,"0","Minimal","202441-6-Influenza A"
"202211","11","03/13/2022","03/19/2022","2021-2022","SARS-CoV-2","999","All sites","2022","6,136.11111111111","9.7878932151","0.9","Minimal","202211-999-SARS-CoV-2"
"202230","30","07/24/2022","07/30/2022","2021-2022","Influenza B","6","West Pullman/Roseland","2022",,,"0","Minimal","202230-6-Influenza B"
"202601","1","01/04/2026","01/10/2026","2025-2026","Influenza B","4","Austin/Montclare","2026","0",,"0","Minimal","202601-4-Influenza B"
"202226","26","06/26/2022","07/02/2022","2021-2022","SARS-CoV-2","999","All sites","2022","337,100","11.52775875252","8.1","Very High","202226-999-SARS-CoV-2"
"202429","29","07/14/2024","07/20/2024","2023-2024","Influenza A","4","Austin/Montclare","2024","0",,"0","Minimal","202429-4-Influenza A"
"202528","28","07/06/2025","07/12/2025","2024-2025","RSV","999","All sites","2025","594.64285714286","8.7742562065","0","Minimal","202528-999-RSV"
"202303","3","01/15/2023","01/21/2023","2022-2023","SARS-CoV-2","5","Chicago Lawn/Ashburn","2023","381,000","11.58092497568","7.2","High","202303-5-SARS-CoV-2"
"202546","46","11/09/2025","11/15/2025","2025-2026","Influenza B","5","Chicago Lawn/Ashburn","2025","0",,"0","Minimal","202546-5-Influenza B"
"202411","11","03/10/2024","03/16/2024","2023-2024","Influenza A","999","All sites","2024","30,728.5714285714","10.48754237037","4.7","Low","202411-999-Influenza A"
"202521","21","05/18/2025","05/24/2025","2024-2025","RSV","4","Austin/Montclare","2025","0",,"0","Minimal","202521-4-RSV"
"202407","7","02/11/2024","02/17/2024","2023-2024","RSV","8","Little Village","2024","6,112.5","9.78621887213","2.3","Minimal","202407-8-RSV"
"202415","15","04/07/2024","04/13/2024","2023-2024","Influenza A","5","Chicago Lawn/Ashburn","2024","21,150","10.32531037171","3.2","Low","202415-5-Influenza A"
"202427","27","06/30/2024","07/06/2024","2023-2024","Influenza A","8","Little Village","2024","0",,"0","Minimal","202427-8-Influenza A"
"202327","27","07/02/2023","07/08/2023","2022-2023","Influenza B","6","West Pullman/Roseland","2023","0",,"0","Minimal","202327-6-Influenza B"
"202229","29","07/17/2022","07/23/2022","2021-2022","SARS-CoV-2","5","Chicago Lawn/Ashburn","2022","115,575","11.06286390211","3.3","Low","202229-5-SARS-CoV-2"
"202603","3","01/18/2026","01/24/2026","2025-2026","SARS-CoV-2","4","Austin/Montclare","2026","439,475.12","11.6429342934","6.6","High","202603-4-SARS-CoV-2"
"202236","36","09/04/2022","09/10/2022","2021-2022","Influenza A","5","Chicago Lawn/Ashburn","2022",,,"0","Minimal","202236-5-Influenza A"
"202239","39","09/25/2022","10/01/2022","2021-2022","RSV","999","All sites","2022",,,"0","Minimal","202239-999-RSV"
"202252","52","12/25/2022","12/31/2022","2022-2023","Influenza A","999","All sites","2022","69,787.5","10.84377764086","8.2","Moderate","202252-999-Influenza A"
"202307","7","02/12/2023","02/18/2023","2022-2023","RSV","4","Austin/Montclare","2023",,,"0","Minimal","202307-4-RSV"
"202441","41","10/06/2024","10/12/2024","2024-2025","Influenza A","999","All sites","2024","1,157.14285714286","9.06338697886","0","Minimal","202441-999-Influenza A"
"202541","41","10/05/2025","10/11/2025","2025-2026","RSV","8","Little Village","2025","0",,"0","Minimal","202541-8-RSV"
"202314","14","04/02/2023","04/08/2023","2022-2023","Influenza A","8","Little Village","2023","26,212.5","10.41850844347","4","Low","202314-8-Influenza A"
"202530","30","07/20/2025","07/26/2025","2024-2025","RSV","4","Austin/Montclare","2025","0",,"0","Minimal","202530-4-RSV"
"202518","18","04/27/2025","05/03/2025","2024-2025","Influenza A","6","West Pullman/Roseland","2025","1,987.5","9.29830713733","1","Minimal","202518-6-Influenza A"
"202514","14","03/30/2025","04/05/2025","2024-2025","Influenza B","5","Chicago Lawn/Ashburn","2025","0",,"0","Minimal","202514-5-Influenza B"
"202443","43","10/20/2024","10/26/2024","2024-2025","SARS-CoV-2","999","All sites","2024","16,532.1428571429","10.21832914944","1","Minimal","202443-999-SARS-CoV-2"
"202332","32","08/06/2023","08/12/2023","2022-2023","SARS-CoV-2","5","Chicago Lawn/Ashburn","2023","150,825","11.17847333399","3.9","Moderate","202332-5-SARS-CoV-2"
"202441","41","10/06/2024","10/12/2024","2024-2025","RSV","6","West Pullman/Roseland","2024","0",,"0","Minimal","202441-6-RSV"
"202546","46","11/09/2025","11/15/2025","2025-2026","RSV","999","All sites","2025","1,783.92857142857","9.25137746122","0","Minimal","202546-999-RSV"
"202228","28","07/10/2022","07/16/2022","2021-2022","Influenza B","5","Chicago Lawn/Ashburn","2022",,,"0","Minimal","202228-5-Influenza B"
"202434","34","08/18/2024","08/24/2024","2023-2024","Influenza A","4","Austin/Montclare","2024","2,025","9.30642502755","1","Minimal","202434-4-Influenza A"
"202601","1","01/04/2026","01/10/2026","2025-2026","Influenza A","10","Racine Ave PS","2026","259,095.62428801","11.41346007851","23.4","Very High","202601-10-Influenza A"
"202343","43","10/22/2023","10/28/2023","2023-2024","SARS-CoV-2","8","Little Village","2023","114,112.5","11.05733322009","3","Low","202343-8-SARS-CoV-2"
"202444","44","10/27/2024","11/02/2024","2024-2025","SARS-CoV-2","11","125th St PS","2024","179,812.5","11.25481987923","8","Very High","202444-11-SARS-CoV-2"
"202528","28","07/06/2025","07/12/2025","2024-2025","Influenza A","9","North Branch PS","2025","0",,"0","Minimal","202528-9-Influenza A"
"202320","20","05/14/2023","05/20/2023","2022-2023","Influenza B","8","Little Village","2023","8,025","9.90444504108","2.6","Minimal","202320-8-Influenza B"
"202340","40","10/01/2023","10/07/2023","2023-2024","SARS-CoV-2","999","All sites","2023","260,844.642857143","11.41638192175","5.5","High","202340-999-SARS-CoV-2"
"202520","20","05/11/2025","05/17/2025","2024-2025","SARS-CoV-2","4","Austin/Montclare","2025","27,675","10.44208762955","1.1","Minimal","202520-4-SARS-CoV-2"
"202506","6","02/02/2025","02/08/2025","2024-2025","Influenza A","9","North Branch PS","2025","147,712.5","11.16941724854","16.9","High","202506-9-Influenza A"
"202352","52","12/24/2023","12/30/2023","2023-2024","Influenza A","8","Little Village","2023","52,462.5","10.71984898222","7.1","Moderate","202352-8-Influenza A"
"202415","15","04/07/2024","04/13/2024","2023-2024","Influenza A","9","North Branch PS","2024","6,412.5","9.80702737812","1.4","Minimal","202415-9-Influenza A"
"202222","22","05/29/2022","06/04/2022","2021-2022","SARS-CoV-2","999","All sites","2022","89,650","10.9525502939","3.6","Moderate","202222-999-SARS-CoV-2"
"202543","43","10/19/2025","10/25/2025","2025-2026","Influenza B","4","Austin/Montclare","2025","1,875","9.27300127206","1","Minimal","202543-4-Influenza B"
"202442","42","10/13/2024","10/19/2024","2024-2025","Influenza B","11","125th St PS","2024","0",,"0","Minimal","202442-11-Influenza B"
"202506","6","02/02/2025","02/08/2025","2024-2025","SARS-CoV-2","999","All sites","2025","664,328.571428571","11.82238293097","10.1","Very High","202506-999-SARS-CoV-2"
"202401","1","12/31/2023","01/06/2024","2023-2024","RSV","5","Chicago Lawn/Ashburn","2024","348,937.5","11.54274764519","27.2","Very High","202401-5-RSV"
"202347","47","11/19/2023","11/25/2023","2023-2024","RSV","6","West Pullman/Roseland","2023","8,025","9.90444504108","3.2","Low","202347-6-RSV"
"202331","31","07/30/2023","08/05/2023","2022-2023","RSV","5","Chicago Lawn/Ashburn","2023","0",,"0","Minimal","202331-5-RSV"
"202603","3","01/18/2026","01/24/2026","2025-2026","Influenza A","11","125th St PS","2026","18,524.773392325","10.2677529041","3.2","Low","202603-11-Influenza A"
"202516","16","04/13/2025","04/19/2025","2024-2025","Influenza A","6","West Pullman/Roseland","2025","0",,"0","Minimal","202516-6-Influenza A"
"202305","5","01/29/2023","02/04/2023","2022-2023","SARS-CoV-2","5","Chicago Lawn/Ashburn","2023","479,362.5","11.68066405665","8.3","Very High","202305-5-SARS-CoV-2"
"202322","22","05/28/2023","06/03/2023","2022-2023","SARS-CoV-2","11","125th St PS","2023","3,900","9.59106460703","0.6","Minimal","202322-11-SARS-CoV-2"
"202250","50","12/11/2022","12/17/2022","2022-2023","Influenza B","5","Chicago Lawn/Ashburn","2022","0",,"0","Minimal","202250-5-Influenza B"
"202533","33","08/10/2025","08/16/2025","2024-2025","RSV","11","125th St PS","2025","0",,"0","Minimal","202533-11-RSV"
"202535","35","08/24/2025","08/30/2025","2024-2025","RSV","8","Little Village","2025","0",,"0","Minimal","202535-8-RSV"
"202210","10","03/06/2022","03/12/2022","2021-2022","RSV","999","All sites","2022",,,"0","Minimal","202210-999-RSV"
"202539","39","09/21/2025","09/27/2025","2024-2025","Influenza A","8","Little Village","2025","0",,"0","Minimal","202539-8-Influenza A"
"202346","46","11/12/2023","11/18/2023","2023-2024","Influenza A","8","Little Village","2023","38,550","10.58602438239","5.2","Low","202346-8-Influenza A"
"202301","1","01/01/2023","01/07/2023","2022-2023","RSV","6","West Pullman/Roseland","2023",,,"0","Minimal","202301-6-RSV"
"202412","12","03/17/2024","03/23/2024","2023-2024","RSV","10","Racine Ave PS","2024","28,200","10.45024910832","4.7","Low","202412-10-RSV"
"202346","46","11/12/2023","11/18/2023","2023-2024","Influenza B","999","All sites","2023","862.5","8.93575910375","0","Minimal","202346-999-Influenza B"
"202521","21","05/18/2025","05/24/2025","2024-2025","SARS-CoV-2","999","All sites","2025","486,900","11.68743977455","7.1","High","202521-999-SARS-CoV-2"
"202536","36","08/31/2025","09/06/2025","2024-2025","SARS-CoV-2","4","Austin/Montclare","2025","155,437.5","11.19155580261","3.4","Low","202536-4-SARS-CoV-2"
"202526","26","06/22/2025","06/28/2025","2024-2025","Influenza A","9","North Branch PS","2025","1,987.5","9.29830713733","1","Minimal","202526-9-Influenza A"
"202522","22","05/25/2025","05/31/2025","2024-2025","Influenza B","9","North Branch PS","2025","1,987.5","9.29830713733","1","Minimal","202522-9-Influenza B"
"202452","52","12/22/2024","12/28/2024","2024-2025","RSV","5","Chicago Lawn/Ashburn","2024","10,987.5","10.04089888808","2.1","Minimal","202452-5-RSV"
"202322","22","05/28/2023","06/03/2023","2022-2023","Influenza A","10","Racine Ave PS","2023","8,025","9.90444504108","1.7","Minimal","202322-10-Influenza A"
"202238","38","09/18/2022","09/24/2022","2021-2022","RSV","999","All sites","2022",,,"0","Minimal","202238-999-RSV"
"202443","43","10/20/2024","10/26/2024","2024-2025","RSV","999","All sites","2024","278.57142857143","8.44493657135","0","Minimal","202443-999-RSV"
"202351","51","12/17/2023","12/23/2023","2023-2024","RSV","11","125th St PS","2023","4,087.5","9.61145776567","1.8","Minimal","202351-11-RSV"
"202346","46","11/12/2023","11/18/2023","2023-2024","RSV","11","125th St PS","2023","6,625","9.82118588261","2.1","Minimal","202346-11-RSV"
"202312","12","03/19/2023","03/25/2023","2022-2023","Influenza A","999","All sites","2023","32,690.625","10.51442322378","0","Minimal","202312-999-Influenza A"
"202323","23","06/04/2023","06/10/2023","2022-2023","SARS-CoV-2","8","Little Village","2023","17,850","10.25163822045","0.8","Minimal","202323-8-SARS-CoV-2"
"202517","17","04/20/2025","04/26/2025","2024-2025","RSV","8","Little Village","2025","0",,"0","Minimal","202517-8-RSV"
"202532","32","08/03/2025","08/09/2025","2024-2025","RSV","11","125th St PS","2025","0",,"0","Minimal","202532-11-RSV"
"202340","40","10/01/2023","10/07/2023","2023-2024","Influenza B","9","North Branch PS","2023","0",,"0","Minimal","202340-9-Influenza B"
"202526","26","06/22/2025","06/28/2025","2024-2025","SARS-CoV-2","6","West Pullman/Roseland","2025","11,925","10.07645838771","1.3","Minimal","202526-6-SARS-CoV-2"
"202245","45","11/06/2022","11/12/2022","2022-2023","Influenza A","5","Chicago Lawn/Ashburn","2022","28,050","10.44793286559","6.8","Moderate","202245-5-Influenza A"
"202320","20","05/14/2023","05/20/2023","2022-2023","RSV","10","Racine Ave PS","2023","0",,"0","Minimal","202320-10-RSV"
"202433","33","08/11/2024","08/17/2024","2023-2024","Influenza B","4","Austin/Montclare","2024","0",,"0","Minimal","202433-4-Influenza B"
"202311","11","03/12/2023","03/18/2023","2022-2023","Influenza A","5","Chicago Lawn/Ashburn","2023","0",,"0","Minimal","202311-5-Influenza A"
"202222","22","05/29/2022","06/04/2022","2021-2022","SARS-CoV-2","5","Chicago Lawn/Ashburn","2022","77,250","10.8878984881","2.6","Low","202222-5-SARS-CoV-2"
"202339","39","09/24/2023","09/30/2023","2022-2023","RSV","5","Chicago Lawn/Ashburn","2023","0",,"0","Minimal","202339-5-RSV"
"202509","9","02/23/2025","03/01/2025","2024-2025","SARS-CoV-2","11","125th St PS","2025","157,912.5","11.19841650915","7.7","High","202509-11-SARS-CoV-2"
"202523","23","06/01/2025","06/07/2025","2024-2025","RSV","10","Racine Ave PS","2025","0",,"0","Minimal","202523-10-RSV"
"202330","30","07/23/2023","07/29/2023","2022-2023","RSV","6","West Pullman/Roseland","2023","0",,"0","Minimal","202330-6-RSV"
"202405","5","01/28/2024","02/03/2024","2023-2024","SARS-CoV-2","10","Racine Ave PS","2024","292,800","11.46657107239","5.6","High","202405-10-SARS-CoV-2"
"202329","29","07/16/2023","07/22/2023","2022-2023","RSV","6","West Pullman/Roseland","2023","0",,"0","Minimal","202329-6-RSV"
"202539","39","09/21/2025","09/27/2025","2024-2025","SARS-CoV-2","999","All sites","2025","63,444.6428571429","10.80239495699","2","Minimal","202539-999-SARS-CoV-2"
"202429","29","07/14/2024","07/20/2024","2023-2024","RSV","4","Austin/Montclare","2024","0",,"0","Minimal","202429-4-RSV"
"202246","46","11/13/2022","11/19/2022","2022-2023","Influenza A","6","West Pullman/Roseland","2022","17,925","10.25345916434","5.2","Low","202246-6-Influenza A"
"202538","38","09/14/2025","09/20/2025","2024-2025","Influenza A","10","Racine Ave PS","2025","18,750","10.27300127206","3.1","Low","202538-10-Influenza A"
"202352","52","12/24/2023","12/30/2023","2023-2024","Influenza A","6","West Pullman/Roseland","2023","32,362.5","10.51004206344","9.8","Moderate","202352-6-Influenza A"
"202422","22","05/26/2024","06/01/2024","2023-2024","Influenza A","6","West Pullman/Roseland","2024","0",,"0","Minimal","202422-6-Influenza A"
"202328","28","07/09/2023","07/15/2023","2022-2023","Influenza B","11","125th St PS","2023","0",,"0","Minimal","202328-11-Influenza B"
"202306","6","02/05/2023","02/11/2023","2022-2023","Influenza A","6","West Pullman/Roseland","2023","0",,"0","Minimal","202306-6-Influenza A"
"202225","25","06/19/2022","06/25/2022","2021-2022","RSV","6","West Pullman/Roseland","2022",,,"0","Minimal","202225-6-RSV"
"202409","9","02/25/2024","03/02/2024","2023-2024","SARS-CoV-2","5","Chicago Lawn/Ashburn","2024","358,200","11.55412558151","6.8","High","202409-5-SARS-CoV-2"
"202332","32","08/06/2023","08/12/2023","2022-2023","SARS-CoV-2","11","125th St PS","2023","95,925","10.98193180787","5.5","High","202332-11-SARS-CoV-2"
"202325","25","06/18/2023","06/24/2023","2022-2023","SARS-CoV-2","8","Little Village","2023","16,087.5","10.20648855991","0.7","Minimal","202325-8-SARS-CoV-2"
"202334","34","08/20/2023","08/26/2023","2022-2023","Influenza A","9","North Branch PS","2023","5,925","9.77268835468","2.4","Minimal","202334-9-Influenza A"
"202303","3","01/15/2023","01/21/2023","2022-2023","SARS-CoV-2","999","All sites","2023","1,248,684.375","12.09645267735","19.9","Very High","202303-999-SARS-CoV-2"
"202451","51","12/15/2024","12/21/2024","2024-2025","Influenza A","4","Austin/Montclare","2024","75,375","10.87722732515","8","Moderate","202451-4-Influenza A"
"202248","48","11/27/2022","12/03/2022","2022-2023","Influenza B","8","Little Village","2022","0",,"0","Minimal","202248-8-Influenza B"
"202552","52","12/21/2025","12/27/2025","2025-2026","Influenza B","8","Little Village","2025","0",,"0","Minimal","202552-8-Influenza B"
"202407","7","02/11/2024","02/17/2024","2023-2024","Influenza A","6","West Pullman/Roseland","2024","6,112.5","9.78621887213","1.6","Minimal","202407-6-Influenza A"
"202223","23","06/05/2022","06/11/2022","2021-2022","RSV","999","All sites","2022",,,"0","Minimal","202223-999-RSV"
"202444","44","10/27/2024","11/02/2024","2024-2025","Influenza A","10","Racine Ave PS","2024","0",,"0","Minimal","202444-10-Influenza A"
"202530","30","07/20/2025","07/26/2025","2024-2025","SARS-CoV-2","5","Chicago Lawn/Ashburn","2025","13,762.5","10.13869733198","0.9","Minimal","202530-5-SARS-CoV-2"
"202502","2","01/05/2025","01/11/2025","2024-2025","Influenza A","5","Chicago Lawn/Ashburn","2025","173,887.5","11.24026836362","15.1","High","202502-5-Influenza A"
"202218","18","05/01/2022","05/07/2022","2021-2022","SARS-CoV-2","999","All sites","2022","47,587.5","10.67749288982","1.9","Minimal","202218-999-SARS-CoV-2"
"202446","46","11/10/2024","11/16/2024","2024-2025","Influenza A","999","All sites","2024","4,269.64285714286","9.63039154911","0","Minimal","202446-999-Influenza A"
"202319","19","05/07/2023","05/13/2023","2022-2023","SARS-CoV-2","11","125th St PS","2023","99,900","10.99956548823","5","Moderate","202319-11-SARS-CoV-2"
"202412","12","03/17/2024","03/23/2024","2023-2024","SARS-CoV-2","8","Little Village","2024","98,812.5","10.99481188728","2.7","Low","202412-8-SARS-CoV-2"
"202249","49","12/04/2022","12/10/2022","2022-2023","Influenza B","6","West Pullman/Roseland","2022","0",,"0","Minimal","202249-6-Influenza B"
"202248","48","11/27/2022","12/03/2022","2022-2023","Influenza A","6","West Pullman/Roseland","2022","47,325","10.67509062264","14.7","High","202248-6-Influenza A"
"202527","27","06/29/2025","07/05/2025","2024-2025","RSV","5","Chicago Lawn/Ashburn","2025","0",,"0","Minimal","202527-5-RSV"
"202217","17","04/24/2022","04/30/2022","2021-2022","Influenza B","5","Chicago Lawn/Ashburn","2022",,,"0","Minimal","202217-5-Influenza B"
"202339","39","09/24/2023","09/30/2023","2022-2023","Influenza A","11","125th St PS","2023","0",,"0","Minimal","202339-11-Influenza A"
"202534","34","08/17/2025","08/23/2025","2024-2025","Influenza A","999","All sites","2025","0",,"0","Minimal","202534-999-Influenza A"
"202540","40","09/28/2025","10/04/2025","2025-2026","Influenza A","8","Little Village","2025","0",,"0","Minimal","202540-8-Influenza A"
"202502","2","01/05/2025","01/11/2025","2024-2025","SARS-CoV-2","4","Austin/Montclare","2025","212,550","11.3274611093","4.1","Moderate","202502-4-SARS-CoV-2"
"202427","27","06/30/2024","07/06/2024","2023-2024","Influenza A","9","North Branch PS","2024","2,175","9.33745926129","1.1","Minimal","202427-9-Influenza A"
"202330","30","07/23/2023","07/29/2023","2022-2023","Influenza B","9","North Branch PS","2023","0",,"0","Minimal","202330-9-Influenza B"
"202411","11","03/10/2024","03/16/2024","2023-2024","RSV","9","North Branch PS","2024","35,662.5","10.55221178467","5.1","Low","202411-9-RSV"
"202422","22","05/26/2024","06/01/2024","2023-2024","RSV","8","Little Village","2024","1,987.5","9.29830713733","1","Minimal","202422-8-RSV"
"202339","39","09/24/2023","09/30/2023","2022-2023","Influenza A","4","Austin/Montclare","2023","0",,"0","Minimal","202339-4-Influenza A"
"202336","36","09/03/2023","09/09/2023","2022-2023","RSV","11","125th St PS","2023","7,912.5","9.89831372303","1.8","Minimal","202336-11-RSV"
"202416","16","04/14/2024","04/20/2024","2023-2024","Influenza A","4","Austin/Montclare","2024","6,037.5","9.78085714376","1.3","Minimal","202416-4-Influenza A"
"202424","24","06/09/2024","06/15/2024","2023-2024","Influenza B","11","125th St PS","2024","0",,"0","Minimal","202424-11-Influenza B"
"202307","7","02/12/2023","02/18/2023","2022-2023","SARS-CoV-2","999","All sites","2023","2,921,934.375","12.4656704577","36.2","Very High","202307-999-SARS-CoV-2"
"202416","16","04/14/2024","04/20/2024","2023-2024","SARS-CoV-2","9","North Branch PS","2024","107,700","11.0322157033","2.1","Low","202416-9-SARS-CoV-2"
"202423","23","06/02/2024","06/08/2024","2023-2024","RSV","11","125th St PS","2024","0",,"0","Minimal","202423-11-RSV"
"202552","52","12/21/2025","12/27/2025","2025-2026","Influenza B","4","Austin/Montclare","2025","0",,"0","Minimal","202552-4-Influenza B"
"202548","48","11/23/2025","11/29/2025","2025-2026","RSV","6","West Pullman/Roseland","2025","0",,"0","Minimal","202548-6-RSV"
"202251","51","12/18/2022","12/24/2022","2022-2023","SARS-CoV-2","8","Little Village","2022","3,301,875","12.51876062803","33.1","Very High","202251-8-SARS-CoV-2"
"202215","15","04/10/2022","04/16/2022","2021-2022","Influenza B","5","Chicago Lawn/Ashburn","2022",,,"0","Minimal","202215-5-Influenza B"
"202212","12","03/20/2022","03/26/2022","2021-2022","Influenza B","6","West Pullman/Roseland","2022",,,"0","Minimal","202212-6-Influenza B"
"202318","18","04/30/2023","05/06/2023","2022-2023","Influenza B","8","Little Village","2023","4,200","9.6232492904","2.7","Minimal","202318-8-Influenza B"
"202404","4","01/21/2024","01/27/2024","2023-2024","SARS-CoV-2","9","North Branch PS","2024","801,375","11.90383578989","10.1","Very High","202404-9-SARS-CoV-2"
"202211","11","03/13/2022","03/19/2022","2021-2022","SARS-CoV-2","6","West Pullman/Roseland","2022","6,425","9.807873132","1","Minimal","202211-6-SARS-CoV-2"
"202240","40","10/02/2022","10/08/2022","2022-2023","SARS-CoV-2","5","Chicago Lawn/Ashburn","2022","69,975","10.84494290714","2.2","Low","202240-5-SARS-CoV-2"
"202506","6","02/02/2025","02/08/2025","2024-2025","Influenza A","4","Austin/Montclare","2025","248,700","11.39567578527","19.2","Very High","202506-4-Influenza A"
"202426","26","06/23/2024","06/29/2024","2023-2024","Influenza A","11","125th St PS","2024","0",,"0","Minimal","202426-11-Influenza A"
"202251","51","12/18/2022","12/24/2022","2022-2023","Influenza B","5","Chicago Lawn/Ashburn","2022","2,100","9.32221929473","1.1","Minimal","202251-5-Influenza B"
"202222","22","05/29/2022","06/04/2022","2021-2022","RSV","6","West Pullman/Roseland","2022",,,"0","Minimal","202222-6-RSV"
"202347","47","11/19/2023","11/25/2023","2023-2024","Influenza B","8","Little Village","2023","2,025","9.30642502755","1","Minimal","202347-8-Influenza B"
"202534","34","08/17/2025","08/23/2025","2024-2025","RSV","10","Racine Ave PS","2025","0",,"0","Minimal","202534-10-RSV"
"202437","37","09/08/2024","09/14/2024","2023-2024","Influenza A","6","West Pullman/Roseland","2024","2,100","9.32221929473","1.1","Minimal","202437-6-Influenza A"
"202209","9","02/27/2022","03/05/2022","2021-2022","RSV","999","All sites","2022",,,"0","Minimal","202209-999-RSV"
"202535","35","08/24/2025","08/30/2025","2024-2025","RSV","10","Racine Ave PS","2025","0",,"0","Minimal","202535-10-RSV"
"202422","22","05/26/2024","06/01/2024","2023-2024","Influenza B","5","Chicago Lawn/Ashburn","2024","0",,"0","Minimal","202422-5-Influenza B"
"202334","34","08/20/2023","08/26/2023","2022-2023","Influenza A","5","Chicago Lawn/Ashburn","2023","0",,"0","Minimal","202334-5-Influenza A"
"202423","23","06/02/2024","06/08/2024","2023-2024","Influenza A","5","Chicago Lawn/Ashburn","2024","1,987.5","9.29830713733","1","Minimal","202423-5-Influenza A"
"202532","32","08/03/2025","08/09/2025","2024-2025","SARS-CoV-2","5","Chicago Lawn/Ashburn","2025","90,187.5","10.95514634844","2.8","Low","202532-5-SARS-CoV-2"
"202444","44","10/27/2024","11/02/2024","2024-2025","Influenza A","6","West Pullman/Roseland","2024","5,925","9.77268835468","3.3","Low","202444-6-Influenza A"
"202220","20","05/15/2022","05/21/2022","2021-2022","Influenza A","999","All sites","2022",,,"0","Minimal","202220-999-Influenza A"
"202502","2","01/05/2025","01/11/2025","2024-2025","SARS-CoV-2","5","Chicago Lawn/Ashburn","2025","539,812.5","11.73224293694","8.4","Very High","202502-5-SARS-CoV-2"
"202235","35","08/28/2022","09/03/2022","2021-2022","SARS-CoV-2","5","Chicago Lawn/Ashburn","2022","221,400","11.34517761654","4.3","Moderate","202235-5-SARS-CoV-2"
"202452","52","12/22/2024","12/28/2024","2024-2025","SARS-CoV-2","9","North Branch PS","2024","45,975","10.66252173791","1.1","Minimal","202452-9-SARS-CoV-2"
"202504","4","01/19/2025","01/25/2025","2024-2025","Influenza B","8","Little Village","2025","0",,"0","Minimal","202504-8-Influenza B"
"202324","24","06/11/2023","06/17/2023","2022-2023","SARS-CoV-2","11","125th St PS","2023","45,975","10.66252173791","3.3","Low","202324-11-SARS-CoV-2"
"202530","30","07/20/2025","07/26/2025","2024-2025","Influenza A","10","Racine Ave PS","2025","0",,"0","Minimal","202530-10-Influenza A"
"202220","20","05/15/2022","05/21/2022","2021-2022","Influenza A","5","Chicago Lawn/Ashburn","2022",,,"0","Minimal","202220-5-Influenza A"
"202533","33","08/10/2025","08/16/2025","2024-2025","RSV","6","West Pullman/Roseland","2025","0",,"0","Minimal","202533-6-RSV"
"202337","37","09/10/2023","09/16/2023","2022-2023","SARS-CoV-2","11","125th St PS","2023","272,925","11.43604331898","10.6","Very High","202337-11-SARS-CoV-2"
"202311","11","03/12/2023","03/18/2023","2022-2023","Influenza A","999","All sites","2023","19,940.625","10.2997387663","0","Minimal","202311-999-Influenza A"
"202321","21","05/21/2023","05/27/2023","2022-2023","Influenza A","4","Austin/Montclare","2023","0",,"0","Minimal","202321-4-Influenza A"
"202517","17","04/20/2025","04/26/2025","2024-2025","Influenza B","8","Little Village","2025","30,825","10.48890308527","14.6","High","202517-8-Influenza B"
"202249","49","12/04/2022","12/10/2022","2022-2023","SARS-CoV-2","6","West Pullman/Roseland","2022","1,067,700","12.02844924272","25.1","Very High","202249-6-SARS-CoV-2"
"202402","2","01/07/2024","01/13/2024","2023-2024","Influenza B","999","All sites","2024","7,987.5","9.90241087117","3","Low","202402-999-Influenza B"
"202427","27","06/30/2024","07/06/2024","2023-2024","SARS-CoV-2","11","125th St PS","2024","16,200","10.20951501454","1.6","Minimal","202427-11-SARS-CoV-2"
"202421","21","05/19/2024","05/25/2024","2023-2024","Influenza B","9","North Branch PS","2024","0",,"0","Minimal","202421-9-Influenza B"
"202321","21","05/21/2023","05/27/2023","2022-2023","Influenza A","8","Little Village","2023","23,400","10.36921585741","6.5","Moderate","202321-8-Influenza A"
"202528","28","07/06/2025","07/12/2025","2024-2025","Influenza B","999","All sites","2025","283.92857142857","8.45320909731","0","Minimal","202528-999-Influenza B"
"202529","29","07/13/2025","07/19/2025","2024-2025","Influenza B","5","Chicago Lawn/Ashburn","2025","0",,"0","Minimal","202529-5-Influenza B"
"202511","11","03/09/2025","03/15/2025","2024-2025","RSV","6","West Pullman/Roseland","2025","0",,"0","Minimal","202511-6-RSV"
"202224","24","06/12/2022","06/18/2022","2021-2022","RSV","5","Chicago Lawn/Ashburn","2022",,,"0","Minimal","202224-5-RSV"
"202313","13","03/26/2023","04/01/2023","2022-2023","Influenza A","4","Austin/Montclare","2023","0",,"0","Minimal","202313-4-Influenza A"
"202423","23","06/02/2024","06/08/2024","2023-2024","RSV","4","Austin/Montclare","2024","0",,"0","Minimal","202423-4-RSV"
"202532","32","08/03/2025","08/09/2025","2024-2025","SARS-CoV-2","999","All sites","2025","65,471.4285714286","10.81605181723","2.1","Low","202532-999-SARS-CoV-2"
"202511","11","03/09/2025","03/15/2025","2024-2025","SARS-CoV-2","11","125th St PS","2025","238,125","11.37680499302","10.5","Very High","202511-11-SARS-CoV-2"
"202411","11","03/10/2024","03/16/2024","2023-2024","RSV","6","West Pullman/Roseland","2024","8,287.5","9.91842354141","3.3","Low","202411-6-RSV"
"202501","1","12/29/2024","01/04/2025","2024-2025","Influenza B","6","West Pullman/Roseland","2025","0",,"0","Minimal","202501-6-Influenza B"
"202603","3","01/18/2026","01/24/2026","2025-2026","Influenza A","8","Little Village","2026","38,916.5025606535","10.59013380316","5.6","Low","202603-8-Influenza A"
"202518","18","04/27/2025","05/03/2025","2024-2025","Influenza B","10","Racine Ave PS","2025","1,987.5","9.29830713733","1","Minimal","202518-10-Influenza B"
"202315","15","04/09/2023","04/15/2023","2022-2023","Influenza B","4","Austin/Montclare","2023","6,037.5","9.78085714376","1.7","Minimal","202315-4-Influenza B"
"202544","44","10/26/2025","11/01/2025","2025-2026","Influenza B","4","Austin/Montclare","2025","0",,"0","Minimal","202544-4-Influenza B"
"202349","49","12/03/2023","12/09/2023","2023-2024","SARS-CoV-2","8","Little Village","2023","2,598,375","12.41470182906","28.2","Very High","202349-8-SARS-CoV-2"
"202440","40","09/29/2024","10/05/2024","2024-2025","Influenza B","11","125th St PS","2024","1,300","9.11394335231","1","Minimal","202440-11-Influenza B"
"202505","5","01/26/2025","02/01/2025","2024-2025","SARS-CoV-2","6","West Pullman/Roseland","2025","71,775","10.85597320117","4.4","Moderate","202505-6-SARS-CoV-2"
"202521","21","05/18/2025","05/24/2025","2024-2025","Influenza B","6","West Pullman/Roseland","2025","1,987.5","9.29830713733","1","Minimal","202521-6-Influenza B"
"202509","9","02/23/2025","03/01/2025","2024-2025","SARS-CoV-2","4","Austin/Montclare","2025","1,944,750","12.28886378016","17","Very High","202509-4-SARS-CoV-2"
"202504","4","01/19/2025","01/25/2025","2024-2025","Influenza B","11","125th St PS","2025","0",,"0","Minimal","202504-11-Influenza B"
"202518","18","04/27/2025","05/03/2025","2024-2025","Influenza B","4","Austin/Montclare","2025","0",,"0","Minimal","202518-4-Influenza B"
"202538","38","09/14/2025","09/20/2025","2024-2025","SARS-CoV-2","8","Little Village","2025","73,462.5","10.86606570372","2.2","Low","202538-8-SARS-CoV-2"
"202231","31","07/31/2022","08/06/2022","2021-2022","Influenza A","4","Austin/Montclare","2022",,,"0","Minimal","202231-4-Influenza A"
"202513","13","03/23/2025","03/29/2025","2024-2025","SARS-CoV-2","8","Little Village","2025","191,662.5","11.28253714868","4.2","Moderate","202513-8-SARS-CoV-2"
"202326","26","06/25/2023","07/01/2023","2022-2023","Influenza B","4","Austin/Montclare","2023","0",,"0","Minimal","202326-4-Influenza B"
"202542","42","10/12/2025","10/18/2025","2025-2026","RSV","11","125th St PS","2025","0",,"0","Minimal","202542-11-RSV"
"202511","11","03/09/2025","03/15/2025","2024-2025","Influenza A","10","Racine Ave PS","2025","183,937.5","11.26467027944","18.1","Very High","202511-10-Influenza A"
"202352","52","12/24/2023","12/30/2023","2023-2024","Influenza B","5","Chicago Lawn/Ashburn","2023","1,950","9.29003461136","1","Minimal","202352-5-Influenza B"
"202421","21","05/19/2024","05/25/2024","2023-2024","RSV","8","Little Village","2024","2,700","9.43136376416","1.3","Minimal","202421-8-RSV"
"202216","16","04/17/2022","04/23/2022","2021-2022","SARS-CoV-2","999","All sites","2022","50,175","10.70048738116","2.1","Low","202216-999-SARS-CoV-2"
"202221","21","05/22/2022","05/28/2022","2021-2022","RSV","999","All sites","2022",,,"0","Minimal","202221-999-RSV"
"202537","37","09/07/2025","09/13/2025","2024-2025","Influenza A","9","North Branch PS","2025","1,800","9.2552725051","0.9","Minimal","202537-9-Influenza A"
"202546","46","11/09/2025","11/15/2025","2025-2026","SARS-CoV-2","4","Austin/Montclare","2025","55,725","10.74605007715","1.7","Minimal","202546-4-SARS-CoV-2"
"202512","12","03/16/2025","03/22/2025","2024-2025","Influenza A","999","All sites","2025","43,317.8571428571","10.63666696471","6.1","Low","202512-999-Influenza A"
"202412","12","03/17/2024","03/23/2024","2023-2024","RSV","999","All sites","2024","16,489.2857142857","10.21720184321","0","Minimal","202412-999-RSV"
"202522","22","05/25/2025","05/31/2025","2024-2025","RSV","6","West Pullman/Roseland","2025","0",,"0","Minimal","202522-6-RSV"
"202242","42","10/16/2022","10/22/2022","2022-2023","Influenza A","6","West Pullman/Roseland","2022","0",,"0","Minimal","202242-6-Influenza A"
"202519","19","05/04/2025","05/10/2025","2024-2025","Influenza A","9","North Branch PS","2025","27,712.5","10.44267570612","7.9","Moderate","202519-9-Influenza A"
"202307","7","02/12/2023","02/18/2023","2022-2023","Influenza B","6","West Pullman/Roseland","2023","0",,"0","Minimal","202307-6-Influenza B"
"202241","41","10/09/2022","10/15/2022","2022-2023","SARS-CoV-2","999","All sites","2022","217,256.25","11.33697227903","4.5","Moderate","202241-999-SARS-CoV-2"
"202246","46","11/13/2022","11/19/2022","2022-2023","Influenza B","999","All sites","2022","0",,"0","Minimal","202246-999-Influenza B"
"202528","28","07/06/2025","07/12/2025","2024-2025","SARS-CoV-2","11","125th St PS","2025","15,487.5","10.18998131938","1.4","Minimal","202528-11-SARS-CoV-2"
"202451","51","12/15/2024","12/21/2024","2024-2025","Influenza A","10","Racine Ave PS","2024","56,325","10.7507012004","7.4","Moderate","202451-10-Influenza A"
"202407","7","02/11/2024","02/17/2024","2023-2024","Influenza B","9","North Branch PS","2024","16,087.5","10.20648855991","3.9","Low","202407-9-Influenza B"
"202335","35","08/27/2023","09/02/2023","2022-2023","SARS-CoV-2","4","Austin/Montclare","2023","560,898.5","11.74888427859","7.7","High","202335-4-SARS-CoV-2"
"202346","46","11/12/2023","11/18/2023","2023-2024","Influenza A","4","Austin/Montclare","2023","2,675","9.42732378636","1.7","Minimal","202346-4-Influenza A"
"202409","9","02/25/2024","03/02/2024","2023-2024","RSV","9","North Branch PS","2024","97,275","10.98800123948","11","High","202409-9-RSV"
"202222","22","05/29/2022","06/04/2022","2021-2022","Influenza B","4","Austin/Montclare","2022",,,"0","Minimal","202222-4-Influenza B"
"202428","28","07/07/2024","07/13/2024","2023-2024","Influenza B","6","West Pullman/Roseland","2024","0",,"0","Minimal","202428-6-Influenza B"
"202408","8","02/18/2024","02/24/2024","2023-2024","Influenza A","11","125th St PS","2024","22,162.5","10.34561874861","3.7","Low","202408-11-Influenza A"
"202316","16","04/16/2023","04/22/2023","2022-2023","RSV","5","Chicago Lawn/Ashburn","2023","0",,"0","Minimal","202316-5-RSV"
"202351","51","12/17/2023","12/23/2023","2023-2024","SARS-CoV-2","10","Racine Ave PS","2023","189,562.5","11.27775242765","3.8","Moderate","202351-10-SARS-CoV-2"
"202403","3","01/14/2024","01/20/2024","2023-2024","SARS-CoV-2","5","Chicago Lawn/Ashburn","2024","1,408,500","12.14875685132","16.5","Very High","202403-5-SARS-CoV-2"
"202503","3","01/12/2025","01/18/2025","2024-2025","Influenza A","5","Chicago Lawn/Ashburn","2025","224,325","11.35087767642","18","Very High","202503-5-Influenza A"
"202442","42","10/13/2024","10/19/2024","2024-2025","Influenza B","8","Little Village","2024","0",,"0","Minimal","202442-8-Influenza B"
"202524","24","06/08/2025","06/14/2025","2024-2025","Influenza A","999","All sites","2025","1,708.92857142857","9.23272391077","0","Minimal","202524-999-Influenza A"
"202334","34","08/20/2023","08/26/2023","2022-2023","Influenza A","4","Austin/Montclare","2023","0",,"0","Minimal","202334-4-Influenza A"
"202226","26","06/26/2022","07/02/2022","2021-2022","Influenza A","4","Austin/Montclare","2022",,,"0","Minimal","202226-4-Influenza A"
"202415","15","04/07/2024","04/13/2024","2023-2024","RSV","6","West Pullman/Roseland","2024","3,937.5","9.5952205668","1.8","Minimal","202415-6-RSV"
"202443","43","10/20/2024","10/26/2024","2024-2025","Influenza B","5","Chicago Lawn/Ashburn","2024","0",,"0","Minimal","202443-5-Influenza B"
"202304","4","01/22/2023","01/28/2023","2022-2023","Influenza B","5","Chicago Lawn/Ashburn","2023","0",,"0","Minimal","202304-5-Influenza B"
"202528","28","07/06/2025","07/12/2025","2024-2025","RSV","8","Little Village","2025","0",,"0","Minimal","202528-8-RSV"
"202527","27","06/29/2025","07/05/2025","2024-2025","Influenza B","999","All sites","2025","316.07142857143","8.49978523936","0","Minimal","202527-999-Influenza B"
"202423","23","06/02/2024","06/08/2024","2023-2024","RSV","999","All sites","2024","300","8.47712125472","0","Minimal","202423-999-RSV"
"202320","20","05/14/2023","05/20/2023","2022-2023","Influenza A","10","Racine Ave PS","2023","10,050","10.00216606176","2","Minimal","202320-10-Influenza A"
"202428","28","07/07/2024","07/13/2024","2023-2024","Influenza A","999","All sites","2024","7,891.07142857143","9.89713597456","0","Minimal","202428-999-Influenza A"
"202517","17","04/20/2025","04/26/2025","2024-2025","Influenza B","9","North Branch PS","2025","4,012.5","9.60341504541","2","Minimal","202517-9-Influenza B"
"202350","50","12/10/2023","12/16/2023","2023-2024","Influenza A","9","North Branch PS","2023","153,037.5","11.1847978625","17.2","High","202350-9-Influenza A"
"202208","8","02/20/2022","02/26/2022","2021-2022","RSV","5","Chicago Lawn/Ashburn","2022",,,"0","Minimal","202208-5-RSV"
"202342","42","10/15/2023","10/21/2023","2023-2024","RSV","999","All sites","2023","15,803.5714285714","10.19875524369","0","Minimal","202342-999-RSV"
"202427","27","06/30/2024","07/06/2024","2023-2024","Influenza A","6","West Pullman/Roseland","2024","0",,"0","Minimal","202427-6-Influenza A"
"202430","30","07/21/2024","07/27/2024","2023-2024","Influenza A","999","All sites","2024","7,751.78571428571","9.88940175883","0","Minimal","202430-999-Influenza A"
"202513","13","03/23/2025","03/29/2025","2024-2025","RSV","999","All sites","2025","10,896.4285714286","10.0372841763","2.2","Minimal","202513-999-RSV"
"202310","10","03/05/2023","03/11/2023","2022-2023","Influenza B","4","Austin/Montclare","2023","0",,"0","Minimal","202310-4-Influenza B"
"202342","42","10/15/2023","10/21/2023","2023-2024","RSV","4","Austin/Montclare","2023","38,175","10.58177904573","4.6","Low","202342-4-RSV"
"202352","52","12/24/2023","12/30/2023","2023-2024","RSV","8","Little Village","2023","139,837.5","11.14562365109","14.2","Very High","202352-8-RSV"
"202324","24","06/11/2023","06/17/2023","2022-2023","SARS-CoV-2","5","Chicago Lawn/Ashburn","2023","13,800","10.1398790864","1.3","Minimal","202324-5-SARS-CoV-2"
"202229","29","07/17/2022","07/23/2022","2021-2022","RSV","4","Austin/Montclare","2022",,,"0","Minimal","202229-4-RSV"
"202531","31","07/27/2025","08/02/2025","2024-2025","Influenza A","5","Chicago Lawn/Ashburn","2025","0",,"0","Minimal","202531-5-Influenza A"
"202414","14","03/31/2024","04/06/2024","2023-2024","SARS-CoV-2","6","West Pullman/Roseland","2024","30,562.5","10.48518887647","2.4","Low","202414-6-SARS-CoV-2"
"202553","53","12/28/2025","01/03/2026","2025-2026","Influenza A","4","Austin/Montclare","2025","198,621.84446171","11.29802701056","16.7","High","202553-4-Influenza A"
"202506","6","02/02/2025","02/08/2025","2024-2025","RSV","4","Austin/Montclare","2025","63,525","10.80294467372","6.6","Moderate","202506-4-RSV"
"202552","52","12/21/2025","12/27/2025","2025-2026","Influenza A","11","125th St PS","2025","44,475","10.64811595676","6.2","Low","202552-11-Influenza A"
"202432","32","08/04/2024","08/10/2024","2023-2024","Influenza A","9","North Branch PS","2024","0",,"0","Minimal","202432-9-Influenza A"
"202537","37","09/07/2025","09/13/2025","2024-2025","RSV","10","Racine Ave PS","2025","0",,"0","Minimal","202537-10-RSV"
"202351","51","12/17/2023","12/23/2023","2023-2024","Influenza A","4","Austin/Montclare","2023","92,962.5","10.9683077945","9.7","Moderate","202351-4-Influenza A"
"202549","49","11/30/2025","12/06/2025","2025-2026","Influenza A","5","Chicago Lawn/Ashburn","2025","12,787.5","10.10678564672","2.3","Minimal","202549-5-Influenza A"
"202302","2","01/08/2023","01/14/2023","2022-2023","Influenza A","8","Little Village","2023","34,237.5","10.53450204526","4.9","Low","202302-8-Influenza A"
"202539","39","09/21/2025","09/27/2025","2024-2025","Influenza B","999","All sites","2025","0",,"0","Minimal","202539-999-Influenza B"
"202335","35","08/27/2023","09/02/2023","2022-2023","Influenza B","6","West Pullman/Roseland","2023","0",,"0","Minimal","202335-6-Influenza B"
"202425","25","06/16/2024","06/22/2024","2023-2024","SARS-CoV-2","9","North Branch PS","2024","148,875","11.17282177449","2.8","Low","202425-9-SARS-CoV-2"
"202336","36","09/03/2023","09/09/2023","2022-2023","RSV","5","Chicago Lawn/Ashburn","2023","6,075","9.78354628227","1.4","Minimal","202336-5-RSV"
"202332","32","08/06/2023","08/12/2023","2022-2023","Influenza A","11","125th St PS","2023","2,025","9.30642502755","1","Minimal","202332-11-Influenza A"
"202215","15","04/10/2022","04/16/2022","2021-2022","SARS-CoV-2","6","West Pullman/Roseland","2022","36,150","10.55810830163","2.5","Low","202215-6-SARS-CoV-2"
"202308","8","02/19/2023","02/25/2023","2022-2023","Influenza A","8","Little Village","2023","7,987.5","9.90241087117","1.6","Minimal","202308-8-Influenza A"
"202408","8","02/18/2024","02/24/2024","2023-2024","Influenza A","9","North Branch PS","2024","33,637.5","10.52682371077","5.3","Low","202408-9-Influenza A"
"202506","6","02/02/2025","02/08/2025","2024-2025","Influenza A","11","125th St PS","2025","166,500","11.22141423784","16.7","High","202506-11-Influenza A"
"202433","33","08/11/2024","08/17/2024","2023-2024","SARS-CoV-2","6","West Pullman/Roseland","2024","161,437.5","11.20800442352","7.2","High","202433-6-SARS-CoV-2"
"202351","51","12/17/2023","12/23/2023","2023-2024","Influenza B","6","West Pullman/Roseland","2023","0",,"0","Minimal","202351-6-Influenza B"
"202505","5","01/26/2025","02/01/2025","2024-2025","Influenza B","11","125th St PS","2025","0",,"0","Minimal","202505-11-Influenza B"
"202243","43","10/23/2022","10/29/2022","2022-2023","Influenza B","6","West Pullman/Roseland","2022","0",,"0","Minimal","202243-6-Influenza B"
"202505","5","01/26/2025","02/01/2025","2024-2025","SARS-CoV-2","8","Little Village","2025","365,175","11.56250103794","6.9","High","202505-8-SARS-CoV-2"
"202241","41","10/09/2022","10/15/2022","2022-2023","Influenza B","999","All sites","2022","0",,"0","Minimal","202241-999-Influenza B"
"202332","32","08/06/2023","08/12/2023","2022-2023","Influenza B","10","Racine Ave PS","2023","0",,"0","Minimal","202332-10-Influenza B"
"202412","12","03/17/2024","03/23/2024","2023-2024","Influenza A","999","All sites","2024","11,094.6428571429","10.04511332661","0","Minimal","202412-999-Influenza A"
"202252","52","12/25/2022","12/31/2022","2022-2023","SARS-CoV-2","6","West Pullman/Roseland","2022","380,175","11.57998355462","13.4","Very High","202252-6-SARS-CoV-2"
"202529","29","07/13/2025","07/19/2025","2024-2025","Influenza B","8","Little Village","2025","0",,"0","Minimal","202529-8-Influenza B"
"202245","45","11/06/2022","11/12/2022","2022-2023","SARS-CoV-2","999","All sites","2022","112,068.75","11.0494845279","3.8","Moderate","202245-999-SARS-CoV-2"
"202221","21","05/22/2022","05/28/2022","2021-2022","SARS-CoV-2","6","West Pullman/Roseland","2022","286,612.5","11.45729512731","10.4","Very High","202221-6-SARS-CoV-2"
"202544","44","10/26/2025","11/01/2025","2025-2026","Influenza A","5","Chicago Lawn/Ashburn","2025","0",,"0","Minimal","202544-5-Influenza A"
"202529","29","07/13/2025","07/19/2025","2024-2025","Influenza B","9","North Branch PS","2025","0",,"0","Minimal","202529-9-Influenza B"
"202552","52","12/21/2025","12/27/2025","2025-2026","Influenza A","999","All sites","2025","102,664.285714286","11.0114193899","15.6","High","202552-999-Influenza A"
"202303","3","01/15/2023","01/21/2023","2022-2023","RSV","4","Austin/Montclare","2023",,,"0","Minimal","202303-4-RSV"
"202426","26","06/23/2024","06/29/2024","2023-2024","RSV","11","125th St PS","2024","0",,"0","Minimal","202426-11-RSV"
"202550","50","12/07/2025","12/13/2025","2025-2026","RSV","6","West Pullman/Roseland","2025","0",,"0","Minimal","202550-6-RSV"
"202323","23","06/04/2023","06/10/2023","2022-2023","Influenza B","4","Austin/Montclare","2023","0",,"0","Minimal","202323-4-Influenza B"
"202502","2","01/05/2025","01/11/2025","2024-2025","RSV","8","Little Village","2025","59,250","10.77268835468","7.5","Moderate","202502-8-RSV"
"202341","41","10/08/2023","10/14/2023","2023-2024","Influenza B","999","All sites","2023","278.57142857143","8.44493657135","0","Minimal","202341-999-Influenza B"
"202434","34","08/18/2024","08/24/2024","2023-2024","RSV","8","Little Village","2024","0",,"0","Minimal","202434-8-RSV"
"202601","1","01/04/2026","01/10/2026","2025-2026","RSV","11","125th St PS","2026","12,073.6833906215","10.08183978312","2.6","Low","202601-11-RSV"
"202213","13","03/27/2022","04/02/2022","2021-2022","Influenza A","4","Austin/Montclare","2022",,,"0","Minimal","202213-4-Influenza A"
"202544","44","10/26/2025","11/01/2025","2025-2026","Influenza B","999","All sites","2025","0",,"0","Minimal","202544-999-Influenza B"
"202331","31","07/30/2023","08/05/2023","2022-2023","Influenza B","999","All sites","2023","0",,"0","Minimal","202331-999-Influenza B"
"202427","27","06/30/2024","07/06/2024","2023-2024","RSV","8","Little Village","2024","0",,"0","Minimal","202427-8-RSV"
"202351","51","12/17/2023","12/23/2023","2023-2024","RSV","8","Little Village","2023","187,650","11.27334856875","17.8","Very High","202351-8-RSV"
"202226","26","06/26/2022","07/02/2022","2021-2022","SARS-CoV-2","5","Chicago Lawn/Ashburn","2022","441,412.5","11.64484462743","7.5","High","202226-5-SARS-CoV-2"
"202425","25","06/16/2024","06/22/2024","2023-2024","Influenza A","6","West Pullman/Roseland","2024","4,012.5","9.60341504541","2.1","Minimal","202425-6-Influenza A"
"202231","31","07/31/2022","08/06/2022","2021-2022","SARS-CoV-2","4","Austin/Montclare","2022","279,375","11.44618754048","5","Moderate","202231-4-SARS-CoV-2"
"202512","12","03/16/2025","03/22/2025","2024-2025","Influenza B","8","Little Village","2025","1,987.5","9.29830713733","1","Minimal","202512-8-Influenza B"
"202438","38","09/15/2024","09/21/2024","2023-2024","RSV","11","125th St PS","2024","0",,"0","Minimal","202438-11-RSV"
"202346","46","11/12/2023","11/18/2023","2023-2024","RSV","10","Racine Ave PS","2023","0",,"0","Minimal","202346-10-RSV"
"202422","22","05/26/2024","06/01/2024","2023-2024","SARS-CoV-2","4","Austin/Montclare","2024","76,687.5","10.88472458007","2","Minimal","202422-4-SARS-CoV-2"
"202350","50","12/10/2023","12/16/2023","2023-2024","RSV","4","Austin/Montclare","2023","74,775","10.8737564217","8.4","High","202350-4-RSV"
"202434","34","08/18/2024","08/24/2024","2023-2024","RSV","9","North Branch PS","2024","0",,"0","Minimal","202434-9-RSV"
"202351","51","12/17/2023","12/23/2023","2023-2024","RSV","6","West Pullman/Roseland","2023","57,150","10.75701623473","8.4","High","202351-6-RSV"
"202417","17","04/21/2024","04/27/2024","2023-2024","RSV","5","Chicago Lawn/Ashburn","2024","3,937.5","9.5952205668","1.7","Minimal","202417-5-RSV"
"202302","2","01/08/2023","01/14/2023","2022-2023","SARS-CoV-2","5","Chicago Lawn/Ashburn","2023","718,500","11.85642677247","10.7","Very High","202302-5-SARS-CoV-2"
"202527","27","06/29/2025","07/05/2025","2024-2025","SARS-CoV-2","10","Racine Ave PS","2025","93,750","10.9719712764","2.6","Low","202527-10-SARS-CoV-2"
"202529","29","07/13/2025","07/19/2025","2024-2025","Influenza A","5","Chicago Lawn/Ashburn","2025","3,900","9.59106460703","1","Minimal","202529-5-Influenza A"
"202541","41","10/05/2025","10/11/2025","2025-2026","Influenza B","9","North Branch PS","2025","0",,"0","Minimal","202541-9-Influenza B"
"202421","21","05/19/2024","05/25/2024","2023-2024","Influenza B","10","Racine Ave PS","2024","4,087.5","9.61145776567","2.3","Minimal","202421-10-Influenza B"
"202445","45","11/03/2024","11/09/2024","2024-2025","Influenza A","4","Austin/Montclare","2024","0",,"0","Minimal","202445-4-Influenza A"
"202553","53","12/28/2025","01/03/2026","2025-2026","RSV","4","Austin/Montclare","2025","25,866.0888425208","10.41273076492","3.5","Low","202553-4-RSV"
"202413","13","03/24/2024","03/30/2024","2023-2024","RSV","9","North Branch PS","2024","11,812.5","10.07234182152","2.2","Minimal","202413-9-RSV"
"202522","22","05/25/2025","05/31/2025","2024-2025","Influenza B","5","Chicago Lawn/Ashburn","2025","0",,"0","Minimal","202522-5-Influenza B"
"202311","11","03/12/2023","03/18/2023","2022-2023","RSV","5","Chicago Lawn/Ashburn","2023","0",,"0","Minimal","202311-5-RSV"
"202509","9","02/23/2025","03/01/2025","2024-2025","SARS-CoV-2","10","Racine Ave PS","2025","1,722,375","12.23612771315","17.7","Very High","202509-10-SARS-CoV-2"
"202505","5","01/26/2025","02/01/2025","2024-2025","Influenza A","5","Chicago Lawn/Ashburn","2025","198,825","11.29847099112","16.8","High","202505-5-Influenza A"
"202406","6","02/04/2024","02/10/2024","2023-2024","Influenza A","4","Austin/Montclare","2024","89,287.5","10.95079066313","8.7","Moderate","202406-4-Influenza A"
"202526","26","06/22/2025","06/28/2025","2024-2025","Influenza A","8","Little Village","2025","1,950","9.29003461136","1","Minimal","202526-8-Influenza A"
"202404","4","01/21/2024","01/27/2024","2023-2024","Influenza B","10","Racine Ave PS","2024","12,112.5","10.08323379006","3.6","Low","202404-10-Influenza B"
"202424","24","06/09/2024","06/15/2024","2023-2024","SARS-CoV-2","8","Little Village","2024","68,025","10.83266855045","2","Minimal","202424-8-SARS-CoV-2"
"202549","49","11/30/2025","12/06/2025","2025-2026","SARS-CoV-2","9","North Branch PS","2025","113,587.5","11.05533054106","2.2","Low","202549-9-SARS-CoV-2"
"202247","47","11/20/2022","11/26/2022","2022-2023","RSV","8","Little Village","2022",,,"0","Minimal","202247-8-RSV"
"202436","36","09/01/2024","09/07/2024","2023-2024","Influenza A","5","Chicago Lawn/Ashburn","2024","6,000","9.77815125038","2.2","Minimal","202436-5-Influenza A"
"202420","20","05/12/2024","05/18/2024","2023-2024","Influenza A","9","North Branch PS","2024","1,987.5","9.29830713733","1","Minimal","202420-9-Influenza A"
"202237","37","09/11/2022","09/17/2022","2021-2022","SARS-CoV-2","4","Austin/Montclare","2022","299,062.5","11.47576195946","5","Moderate","202237-4-SARS-CoV-2"
"202530","30","07/20/2025","07/26/2025","2024-2025","Influenza B","999","All sites","2025","658.92857142857","8.81883833915","0","Minimal","202530-999-Influenza B"
"202242","42","10/16/2022","10/22/2022","2022-2023","SARS-CoV-2","999","All sites","2022","136,481.25","11.13507299144","3.5","Moderate","202242-999-SARS-CoV-2"
"202602","2","01/11/2026","01/17/2026","2025-2026","Influenza B","5","Chicago Lawn/Ashburn","2026","0",,"0","Minimal","202602-5-Influenza B"
"202525","25","06/15/2025","06/21/2025","2024-2025","Influenza B","11","125th St PS","2025","0",,"0","Minimal","202525-11-Influenza B"
"202547","47","11/16/2025","11/22/2025","2025-2026","SARS-CoV-2","11","125th St PS","2025","20,812.5","10.31832425085","1.8","Minimal","202547-11-SARS-CoV-2"
"202545","45","11/02/2025","11/08/2025","2025-2026","RSV","11","125th St PS","2025","0",,"0","Minimal","202545-11-RSV"
"202415","15","04/07/2024","04/13/2024","2023-2024","RSV","8","Little Village","2024","74,400","10.87157293555","8.3","High","202415-8-RSV"
"202332","32","08/06/2023","08/12/2023","2022-2023","RSV","4","Austin/Montclare","2023","4,012.5","9.60341504541","1.7","Minimal","202332-4-RSV"
"202529","29","07/13/2025","07/19/2025","2024-2025","RSV","10","Racine Ave PS","2025","0",,"0","Minimal","202529-10-RSV"
"202431","31","07/28/2024","08/03/2024","2023-2024","Influenza A","999","All sites","2024","4,580.35714285714","9.66089934244","0","Minimal","202431-999-Influenza A"
"202352","52","12/24/2023","12/30/2023","2023-2024","SARS-CoV-2","4","Austin/Montclare","2023","1,696,125","12.22945785547","15.7","Very High","202352-4-SARS-CoV-2"
"202451","51","12/15/2024","12/21/2024","2024-2025","SARS-CoV-2","6","West Pullman/Roseland","2024","112,912.5","11.05274202324","5.3","Moderate","202451-6-SARS-CoV-2"
"202532","32","08/03/2025","08/09/2025","2024-2025","Influenza B","11","125th St PS","2025","0",,"0","Minimal","202532-11-Influenza B"
"202503","3","01/12/2025","01/18/2025","2024-2025","SARS-CoV-2","4","Austin/Montclare","2025","664,500","11.82249498528","8.5","Very High","202503-4-SARS-CoV-2"
"202234","34","08/21/2022","08/27/2022","2021-2022","Influenza B","4","Austin/Montclare","2022",,,"0","Minimal","202234-4-Influenza B"
"202541","41","10/05/2025","10/11/2025","2025-2026","RSV","4","Austin/Montclare","2025","0",,"0","Minimal","202541-4-RSV"
"202339","39","09/24/2023","09/30/2023","2022-2023","RSV","6","West Pullman/Roseland","2023","1,987.5","9.29830713733","1","Minimal","202339-6-RSV"
"202510","10","03/02/2025","03/08/2025","2024-2025","Influenza B","6","West Pullman/Roseland","2025","0",,"0","Minimal","202510-6-Influenza B"
"202239","39","09/25/2022","10/01/2022","2021-2022","Influenza A","4","Austin/Montclare","2022",,,"0","Minimal","202239-4-Influenza A"
"202223","23","06/05/2022","06/11/2022","2021-2022","Influenza B","5","Chicago Lawn/Ashburn","2022",,,"0","Minimal","202223-5-Influenza B"
"202530","30","07/20/2025","07/26/2025","2024-2025","Influenza B","5","Chicago Lawn/Ashburn","2025","1,950","9.29003461136","1","Minimal","202530-5-Influenza B"
"202601","1","01/04/2026","01/10/2026","2025-2026","Influenza B","9","North Branch PS","2026","9,744.0309176811","9.9887386533","2.4","Minimal","202601-9-Influenza B"
"202226","26","06/26/2022","07/02/2022","2021-2022","SARS-CoV-2","6","West Pullman/Roseland","2022","379,275","11.57895421702","12.9","Very High","202226-6-SARS-CoV-2"
"202417","17","04/21/2024","04/27/2024","2023-2024","RSV","11","125th St PS","2024","1,987.5","9.29830713733","1","Minimal","202417-11-RSV"
"202348","48","11/26/2023","12/02/2023","2023-2024","RSV","6","West Pullman/Roseland","2023","88,875","10.94877961374","13.2","Very High","202348-6-RSV"
"202434","34","08/18/2024","08/24/2024","2023-2024","Influenza B","6","West Pullman/Roseland","2024","0",,"0","Minimal","202434-6-Influenza B"
"202335","35","08/27/2023","09/02/2023","2022-2023","Influenza A","999","All sites","2023","1,975.35714285714","9.29564562713","0","Minimal","202335-999-Influenza A"
"202447","47","11/17/2024","11/23/2024","2024-2025","SARS-CoV-2","10","Racine Ave PS","2024","68,437.5","10.83529413652","2.1","Low","202447-10-SARS-CoV-2"
"202222","22","05/29/2022","06/04/2022","2021-2022","Influenza B","999","All sites","2022",,,"0","Minimal","202222-999-Influenza B"
"202510","10","03/02/2025","03/08/2025","2024-2025","RSV","10","Racine Ave PS","2025","53,925","10.73179015377","7.4","Moderate","202510-10-RSV"
"202313","13","03/26/2023","04/01/2023","2022-2023","SARS-CoV-2","8","Little Village","2023","442,650","11.64606046856","7.9","Very High","202313-8-SARS-CoV-2"
"202403","3","01/14/2024","01/20/2024","2023-2024","RSV","999","All sites","2024","105,605.357142857","11.02368594962","11.7","Very High","202403-999-RSV"
"202406","6","02/04/2024","02/10/2024","2023-2024","SARS-CoV-2","999","All sites","2024","615,283.928571429","11.78907557131","11","Very High","202406-999-SARS-CoV-2"
"202544","44","10/26/2025","11/01/2025","2025-2026","SARS-CoV-2","5","Chicago Lawn/Ashburn","2025","7,387.5","9.86849749389","0.6","Minimal","202544-5-SARS-CoV-2"
"202542","42","10/12/2025","10/18/2025","2025-2026","Influenza B","11","125th St PS","2025","0",,"0","Minimal","202542-11-Influenza B"
"202540","40","09/28/2025","10/04/2025","2025-2026","RSV","4","Austin/Montclare","2025","0",,"0","Minimal","202540-4-RSV"
"202416","16","04/14/2024","04/20/2024","2023-2024","RSV","6","West Pullman/Roseland","2024","0",,"0","Minimal","202416-6-RSV"
"202405","5","01/28/2024","02/03/2024","2023-2024","Influenza B","999","All sites","2024","7,960.71428571429","9.90095203714","2.9","Low","202405-999-Influenza B"
"202538","38","09/14/2025","09/20/2025","2024-2025","Influenza B","9","North Branch PS","2025","0",,"0","Minimal","202538-9-Influenza B"
"202438","38","09/15/2024","09/21/2024","2023-2024","Influenza B","999","All sites","2024","0",,"0","Minimal","202438-999-Influenza B"
"202428","28","07/07/2024","07/13/2024","2023-2024","Influenza A","8","Little Village","2024","35,400","10.54900326203","5.2","Low","202428-8-Influenza A"
"202446","46","11/10/2024","11/16/2024","2024-2025","SARS-CoV-2","10","Racine Ave PS","2024","53,475","10.72815079324","1.9","Minimal","202446-10-SARS-CoV-2"
"202429","29","07/14/2024","07/20/2024","2023-2024","RSV","8","Little Village","2024","0",,"0","Minimal","202429-8-RSV"
"202451","51","12/15/2024","12/21/2024","2024-2025","RSV","11","125th St PS","2024","14,475","10.1606185724","5.4","Moderate","202451-11-RSV"
"202504","4","01/19/2025","01/25/2025","2024-2025","Influenza A","4","Austin/Montclare","2025","311,550","11.49352775559","23.2","Very High","202504-4-Influenza A"
"202315","15","04/09/2023","04/15/2023","2022-2023","Influenza A","8","Little Village","2023","9,900","9.9956351946","3.4","Low","202315-8-Influenza A"
"202516","16","04/13/2025","04/19/2025","2024-2025","Influenza B","4","Austin/Montclare","2025","1,950","9.29003461136","1","Minimal","202516-4-Influenza B"
"202341","41","10/08/2023","10/14/2023","2023-2024","SARS-CoV-2","4","Austin/Montclare","2023","154,387.5","11.18861213473","3.4","Low","202341-4-SARS-CoV-2"
"202251","51","12/18/2022","12/24/2022","2022-2023","SARS-CoV-2","4","Austin/Montclare","2022","2,357,625","12.37247472808","19.2","Very High","202251-4-SARS-CoV-2"
"202336","36","09/03/2023","09/09/2023","2022-2023","Influenza B","5","Chicago Lawn/Ashburn","2023","0",,"0","Minimal","202336-5-Influenza B"
"202328","28","07/09/2023","07/15/2023","2022-2023","Influenza A","11","125th St PS","2023","0",,"0","Minimal","202328-11-Influenza A"
"202245","45","11/06/2022","11/12/2022","2022-2023","Influenza B","8","Little Village","2022","0",,"0","Minimal","202245-8-Influenza B"
"202326","26","06/25/2023","07/01/2023","2022-2023","SARS-CoV-2","10","Racine Ave PS","2023","13,725","10.13751235312","0.8","Minimal","202326-10-SARS-CoV-2"
"202519","19","05/04/2025","05/10/2025","2024-2025","RSV","4","Austin/Montclare","2025","9,300","9.96848294855","2.4","Minimal","202519-4-RSV"
"202602","2","01/11/2026","01/17/2026","2025-2026","RSV","6","West Pullman/Roseland","2026","8,109.5770318689","9.90899820347","1.8","Minimal","202602-6-RSV"
"202333","33","08/13/2023","08/19/2023","2022-2023","Influenza A","8","Little Village","2023","1,950","9.29003461136","1","Minimal","202333-8-Influenza A"
"202310","10","03/05/2023","03/11/2023","2022-2023","SARS-CoV-2","8","Little Village","2023","1,257,750","12.099594326","16.7","Very High","202310-8-SARS-CoV-2"
"202433","33","08/11/2024","08/17/2024","2023-2024","SARS-CoV-2","10","Racine Ave PS","2024","271,050","11.43304941162","5.2","Moderate","202433-10-SARS-CoV-2"
"202504","4","01/19/2025","01/25/2025","2024-2025","SARS-CoV-2","4","Austin/Montclare","2025","786,750","11.89583675159","9.7","Very High","202504-4-SARS-CoV-2"
"202450","50","12/08/2024","12/14/2024","2024-2025","Influenza B","9","North Branch PS","2024","0",,"0","Minimal","202450-9-Influenza B"
"202442","42","10/13/2024","10/19/2024","2024-2025","SARS-CoV-2","11","125th St PS","2024","4,012.5","9.60341504541","1","Minimal","202442-11-SARS-CoV-2"
"202220","20","05/15/2022","05/21/2022","2021-2022","Influenza B","6","West Pullman/Roseland","2022",,,"0","Minimal","202220-6-Influenza B"
"202508","8","02/16/2025","02/22/2025","2024-2025","RSV","11","125th St PS","2025","10,462.5","10.019635471","4.1","Low","202508-11-RSV"
"202345","45","11/05/2023","11/11/2023","2023-2024","SARS-CoV-2","9","North Branch PS","2023","1,215,750","12.08484427824","13.8","Very High","202345-9-SARS-CoV-2"
"202515","15","04/06/2025","04/12/2025","2024-2025","Influenza B","4","Austin/Montclare","2025","2,625","9.41912930774","1.4","Minimal","202515-4-Influenza B"
"202441","41","10/06/2024","10/12/2024","2024-2025","RSV","10","Racine Ave PS","2024","1,987.5","9.29830713733","1","Minimal","202441-10-RSV"
"202532","32","08/03/2025","08/09/2025","2024-2025","RSV","8","Little Village","2025","0",,"0","Minimal","202532-8-RSV"
"202325","25","06/18/2023","06/24/2023","2022-2023","RSV","999","All sites","2023","2,775","9.44326298746","0","Minimal","202325-999-RSV"
"202429","29","07/14/2024","07/20/2024","2023-2024","Influenza A","10","Racine Ave PS","2024","0",,"0","Minimal","202429-10-Influenza A"
"202339","39","09/24/2023","09/30/2023","2022-2023","Influenza A","6","West Pullman/Roseland","2023","0",,"0","Minimal","202339-6-Influenza A"
"202549","49","11/30/2025","12/06/2025","2025-2026","SARS-CoV-2","10","Racine Ave PS","2025","71,812.5","10.85620004603","2.3","Low","202549-10-SARS-CoV-2"
"202530","30","07/20/2025","07/26/2025","2024-2025","Influenza B","8","Little Village","2025","0",,"0","Minimal","202530-8-Influenza B"
"202419","19","05/05/2024","05/11/2024","2023-2024","Influenza A","10","Racine Ave PS","2024","0",,"0","Minimal","202419-10-Influenza A"
"202417","17","04/21/2024","04/27/2024","2023-2024","Influenza B","10","Racine Ave PS","2024","22,312.5","10.34854823346","7.2","Moderate","202417-10-Influenza B"
"202528","28","07/06/2025","07/12/2025","2024-2025","Influenza B","6","West Pullman/Roseland","2025","0",,"0","Minimal","202528-6-Influenza B"
"202452","52","12/22/2024","12/28/2024","2024-2025","Influenza A","9","North Branch PS","2024","4,575","9.6603910984","1.1","Minimal","202452-9-Influenza A"
"202522","22","05/25/2025","05/31/2025","2024-2025","Influenza B","6","West Pullman/Roseland","2025","0",,"0","Minimal","202522-6-Influenza B"
"202603","3","01/18/2026","01/24/2026","2025-2026","RSV","5","Chicago Lawn/Ashburn","2026","18,152.797383838","10.25894356021","3.1","Low","202603-5-RSV"
"202402","2","01/07/2024","01/13/2024","2023-2024","SARS-CoV-2","6","West Pullman/Roseland","2024","301,275","11.47896309512","11","Very High","202402-6-SARS-CoV-2"
"202425","25","06/16/2024","06/22/2024","2023-2024","Influenza B","8","Little Village","2024","0",,"0","Minimal","202425-8-Influenza B"
"202452","52","12/22/2024","12/28/2024","2024-2025","Influenza A","5","Chicago Lawn/Ashburn","2024","64,012.5","10.80626478884","7.2","Moderate","202452-5-Influenza A"
"202417","17","04/21/2024","04/27/2024","2023-2024","RSV","4","Austin/Montclare","2024","0",,"0","Minimal","202417-4-RSV"
"202412","12","03/17/2024","03/23/2024","2023-2024","Influenza A","9","North Branch PS","2024","17,775","10.2498096094","3.1","Low","202412-9-Influenza A"
"202346","46","11/12/2023","11/18/2023","2023-2024","RSV","8","Little Village","2023","42,037.5","10.62363688032","5.9","Moderate","202346-8-RSV"
"202340","40","10/01/2023","10/07/2023","2023-2024","RSV","8","Little Village","2023","19,800","10.29666519026","5.7","Moderate","202340-8-RSV"
"202452","52","12/22/2024","12/28/2024","2024-2025","SARS-CoV-2","11","125th St PS","2024","313,762.5","11.49660103671","11.3","Very High","202452-11-SARS-CoV-2"
"202322","22","05/28/2023","06/03/2023","2022-2023","Influenza B","8","Little Village","2023","0",,"0","Minimal","202322-8-Influenza B"
"202317","17","04/23/2023","04/29/2023","2022-2023","Influenza B","4","Austin/Montclare","2023","1,950","9.29003461136","1","Minimal","202317-4-Influenza B"
"202326","26","06/25/2023","07/01/2023","2022-2023","Influenza B","10","Racine Ave PS","2023","0",,"0","Minimal","202326-10-Influenza B"
"202345","45","11/05/2023","11/11/2023","2023-2024","Influenza A","10","Racine Ave PS","2023","23,662.5","10.37406062697","3.5","Low","202345-10-Influenza A"
"202429","29","07/14/2024","07/20/2024","2023-2024","RSV","11","125th St PS","2024","0",,"0","Minimal","202429-11-RSV"
"202234","34","08/21/2022","08/27/2022","2021-2022","Influenza A","4","Austin/Montclare","2022",,,"0","Minimal","202234-4-Influenza A"
"202413","13","03/24/2024","03/30/2024","2023-2024","Influenza B","8","Little Village","2024","12,112.5","10.08323379006","4.3","Low","202413-8-Influenza B"
"202336","36","09/03/2023","09/09/2023","2022-2023","SARS-CoV-2","11","125th St PS","2023","207,825","11.31769778917","9","Very High","202336-11-SARS-CoV-2"
"202506","6","02/02/2025","02/08/2025","2024-2025","SARS-CoV-2","10","Racine Ave PS","2025","605,662.5","11.78223068486","9.9","Very High","202506-10-SARS-CoV-2"
"202505","5","01/26/2025","02/01/2025","2024-2025","RSV","999","All sites","2025","51,642.8571428571","10.71301026162","0","Minimal","202505-999-RSV"
"202412","12","03/17/2024","03/23/2024","2023-2024","RSV","8","Little Village","2024","0",,"0","Minimal","202412-8-RSV"
"202430","30","07/21/2024","07/27/2024","2023-2024","SARS-CoV-2","6","West Pullman/Roseland","2024","33,937.5","10.53067984693","2.6","Low","202430-6-SARS-CoV-2"
"202424","24","06/09/2024","06/15/2024","2023-2024","SARS-CoV-2","6","West Pullman/Roseland","2024","13,912.5","10.14340517734","1.4","Minimal","202424-6-SARS-CoV-2"
"202251","51","12/18/2022","12/24/2022","2022-2023","RSV","5","Chicago Lawn/Ashburn","2022",,,"0","Minimal","202251-5-RSV"
"202402","2","01/07/2024","01/13/2024","2023-2024","SARS-CoV-2","10","Racine Ave PS","2024","731,437.5","11.86417722238","11.1","Very High","202402-10-SARS-CoV-2"
"202519","19","05/04/2025","05/10/2025","2024-2025","Influenza B","10","Racine Ave PS","2025","27,750","10.44326298746","9.7","Moderate","202519-10-Influenza B"
"202318","18","04/30/2023","05/06/2023","2022-2023","RSV","11","125th St PS","2023","0",,"0","Minimal","202318-11-RSV"
"202438","38","09/15/2024","09/21/2024","2023-2024","Influenza A","4","Austin/Montclare","2024","0",,"0","Minimal","202438-4-Influenza A"
"202546","46","11/09/2025","11/15/2025","2025-2026","RSV","6","West Pullman/Roseland","2025","0",,"0","Minimal","202546-6-RSV"
"202403","3","01/14/2024","01/20/2024","2023-2024","Influenza A","10","Racine Ave PS","2024","0",,"0","Minimal","202403-10-Influenza A"
"202514","14","03/30/2025","04/05/2025","2024-2025","RSV","5","Chicago Lawn/Ashburn","2025","5,887.5","9.76993092014","1.3","Minimal","202514-5-RSV"
"202319","19","05/07/2023","05/13/2023","2022-2023","SARS-CoV-2","10","Racine Ave PS","2023","232,725","11.36684303898","5.2","Moderate","202319-10-SARS-CoV-2"
"202436","36","09/01/2024","09/07/2024","2023-2024","SARS-CoV-2","999","All sites","2024","207,305.357142857","11.31661052519","4.9","Moderate","202436-999-SARS-CoV-2"
"202416","16","04/14/2024","04/20/2024","2023-2024","RSV","8","Little Village","2024","6,075","9.78354628227","1.4","Minimal","202416-8-RSV"
"202542","42","10/12/2025","10/18/2025","2025-2026","Influenza B","4","Austin/Montclare","2025","0",,"0","Minimal","202542-4-Influenza B"
"202535","35","08/24/2025","08/30/2025","2024-2025","RSV","5","Chicago Lawn/Ashburn","2025","0",,"0","Minimal","202535-5-RSV"
"202551","51","12/14/2025","12/20/2025","2025-2026","Influenza B","8","Little Village","2025","0",,"0","Minimal","202551-8-Influenza B"
"202536","36","08/31/2025","09/06/2025","2024-2025","Influenza B","5","Chicago Lawn/Ashburn","2025","0",,"0","Minimal","202536-5-Influenza B"
"202328","28","07/09/2023","07/15/2023","2022-2023","Influenza A","999","All sites","2023","3,128.57142857143","9.49534607483","0","Minimal","202328-999-Influenza A"
"202319","19","05/07/2023","05/13/2023","2022-2023","SARS-CoV-2","5","Chicago Lawn/Ashburn","2023","150,412.5","11.17728392971","3.7","Moderate","202319-5-SARS-CoV-2"
"202418","18","04/28/2024","05/04/2024","2023-2024","Influenza A","999","All sites","2024","3,439.28571428571","9.53646825578","1.2","Minimal","202418-999-Influenza A"
"202531","31","07/27/2025","08/02/2025","2024-2025","Influenza B","4","Austin/Montclare","2025","0",,"0","Minimal","202531-4-Influenza B"
"202242","42","10/16/2022","10/22/2022","2022-2023","RSV","5","Chicago Lawn/Ashburn","2022",,,"0","Minimal","202242-5-RSV"
"202315","15","04/09/2023","04/15/2023","2022-2023","SARS-CoV-2","8","Little Village","2023","263,175","11.42024463161","5.4","High","202315-8-SARS-CoV-2"
"202352","52","12/24/2023","12/30/2023","2023-2024","Influenza A","5","Chicago Lawn/Ashburn","2023","37,425","10.57316180902","4.8","Low","202352-5-Influenza A"
"202401","1","12/31/2023","01/06/2024","2023-2024","Influenza A","999","All sites","2024","98,400","10.99299509843","13.2","High","202401-999-Influenza A"
"202437","37","09/08/2024","09/14/2024","2023-2024","RSV","10","Racine Ave PS","2024","2,025","9.30642502755","1","Minimal","202437-10-RSV"
"202536","36","08/31/2025","09/06/2025","2024-2025","RSV","8","Little Village","2025","0",,"0","Minimal","202536-8-RSV"
"202502","2","01/05/2025","01/11/2025","2024-2025","Influenza B","11","125th St PS","2025","0",,"0","Minimal","202502-11-Influenza B"
"202343","43","10/22/2023","10/28/2023","2023-2024","SARS-CoV-2","999","All sites","2023","167,941.071428571","11.22515691957","4.4","Moderate","202343-999-SARS-CoV-2"
"202212","12","03/20/2022","03/26/2022","2021-2022","Influenza A","5","Chicago Lawn/Ashburn","2022",,,"0","Minimal","202212-5-Influenza A"
"202225","25","06/19/2022","06/25/2022","2021-2022","Influenza B","4","Austin/Montclare","2022",,,"0","Minimal","202225-4-Influenza B"
"202531","31","07/27/2025","08/02/2025","2024-2025","RSV","8","Little Village","2025","0",,"0","Minimal","202531-8-RSV"
"202432","32","08/04/2024","08/10/2024","2023-2024","SARS-CoV-2","6","West Pullman/Roseland","2024","62,175","10.79361579394","3.9","Moderate","202432-6-SARS-CoV-2"
"202332","32","08/06/2023","08/12/2023","2022-2023","Influenza A","10","Racine Ave PS","2023","0",,"0","Minimal","202332-10-Influenza A"
"202231","31","07/31/2022","08/06/2022","2021-2022","RSV","6","West Pullman/Roseland","2022",,,"0","Minimal","202231-6-RSV"
"202318","18","04/30/2023","05/06/2023","2022-2023","RSV","4","Austin/Montclare","2023","2,025","9.30642502755","1","Minimal","202318-4-RSV"
"202447","47","11/17/2024","11/23/2024","2024-2025","SARS-CoV-2","999","All sites","2024","30,342.8571428571","10.4820564724","1.3","Minimal","202447-999-SARS-CoV-2"
"202345","45","11/05/2023","11/11/2023","2023-2024","SARS-CoV-2","8","Little Village","2023","359,850","11.55612150702","6.7","High","202345-8-SARS-CoV-2"
"202512","12","03/16/2025","03/22/2025","2024-2025","Influenza B","5","Chicago Lawn/Ashburn","2025","0",,"0","Minimal","202512-5-Influenza B"
"202311","11","03/12/2023","03/18/2023","2022-2023","RSV","6","West Pullman/Roseland","2023","0",,"0","Minimal","202311-6-RSV"
"202422","22","05/26/2024","06/01/2024","2023-2024","Influenza B","6","West Pullman/Roseland","2024","3,975","9.59933713299","1","Minimal","202422-6-Influenza B"
"202341","41","10/08/2023","10/14/2023","2023-2024","Influenza A","11","125th St PS","2023","0",,"0","Minimal","202341-11-Influenza A"
"202320","20","05/14/2023","05/20/2023","2022-2023","Influenza B","9","North Branch PS","2023","0",,"0","Minimal","202320-9-Influenza B"
"202515","15","04/06/2025","04/12/2025","2024-2025","RSV","8","Little Village","2025","11,925","10.07645838771","2.2","Minimal","202515-8-RSV"
"202531","31","07/27/2025","08/02/2025","2024-2025","Influenza B","9","North Branch PS","2025","0",,"0","Minimal","202531-9-Influenza B"
"202542","42","10/12/2025","10/18/2025","2025-2026","Influenza B","10","Racine Ave PS","2025","0",,"0","Minimal","202542-10-Influenza B"
"202514","14","03/30/2025","04/05/2025","2024-2025","Influenza B","999","All sites","2025","1,403.57142857143","9.14723451903","0","Minimal","202514-999-Influenza B"
"202547","47","11/16/2025","11/22/2025","2025-2026","Influenza B","10","Racine Ave PS","2025","0",,"0","Minimal","202547-10-Influenza B"
"202547","47","11/16/2025","11/22/2025","2025-2026","Influenza A","4","Austin/Montclare","2025","3,825","9.58263143949","1","Minimal","202547-4-Influenza A"
"202452","52","12/22/2024","12/28/2024","2024-2025","Influenza A","10","Racine Ave PS","2024","90,712.5","10.95766713609","10.4","Moderate","202452-10-Influenza A"
"202244","44","10/30/2022","11/05/2022","2022-2023","Influenza B","4","Austin/Montclare","2022","0",,"0","Minimal","202244-4-Influenza B"
"202448","48","11/24/2024","11/30/2024","2024-2025","Influenza A","999","All sites","2024","3,750","9.57403126773","0","Minimal","202448-999-Influenza A"
"202439","39","09/22/2024","09/28/2024","2023-2024","SARS-CoV-2","4","Austin/Montclare","2024","108,337.5","11.03477880957","2.4","Low","202439-4-SARS-CoV-2"
"202415","15","04/07/2024","04/13/2024","2023-2024","Influenza A","4","Austin/Montclare","2024","9,787.5","9.99067177507","1.9","Minimal","202415-4-Influenza A"
"202319","19","05/07/2023","05/13/2023","2022-2023","SARS-CoV-2","4","Austin/Montclare","2023","218,325","11.33910346883","3.4","Low","202319-4-SARS-CoV-2"
"202507","7","02/09/2025","02/15/2025","2024-2025","SARS-CoV-2","8","Little Village","2025","500,475","11.69938238824","8.6","Very High","202507-8-SARS-CoV-2"
"202549","49","11/30/2025","12/06/2025","2025-2026","Influenza A","6","West Pullman/Roseland","2025","10,987.5","10.04089888808","3","Low","202549-6-Influenza A"
"202418","18","04/28/2024","05/04/2024","2023-2024","Influenza B","4","Austin/Montclare","2024","5,887.5","9.76993092014","3.9","Low","202418-4-Influenza B"
"202326","26","06/25/2023","07/01/2023","2022-2023","RSV","999","All sites","2023","1,521.42857142857","9.18225156776","0","Minimal","202326-999-RSV"
"202512","12","03/16/2025","03/22/2025","2024-2025","RSV","11","125th St PS","2025","7,987.5","9.90241087117","1.8","Minimal","202512-11-RSV"
"202405","5","01/28/2024","02/03/2024","2023-2024","Influenza A","10","Racine Ave PS","2024","23,212.5","10.36572191675","3.8","Low","202405-10-Influenza A"
"202534","34","08/17/2025","08/23/2025","2024-2025","Influenza A","8","Little Village","2025","0",,"0","Minimal","202534-8-Influenza A"
"202434","34","08/18/2024","08/24/2024","2023-2024","Influenza B","9","North Branch PS","2024","2,025","9.30642502755","1","Minimal","202434-9-Influenza B"
"202422","22","05/26/2024","06/01/2024","2023-2024","SARS-CoV-2","8","Little Village","2024","117,075","11.06846416645","2.7","Low","202422-8-SARS-CoV-2"
"202504","4","01/19/2025","01/25/2025","2024-2025","SARS-CoV-2","11","125th St PS","2025","139,987.5","11.14608925765","7.2","High","202504-11-SARS-CoV-2"
"202433","33","08/11/2024","08/17/2024","2023-2024","Influenza B","8","Little Village","2024","0",,"0","Minimal","202433-8-Influenza B"
"202533","33","08/10/2025","08/16/2025","2024-2025","SARS-CoV-2","6","West Pullman/Roseland","2025","37,650","10.57576498054","2.8","Low","202533-6-SARS-CoV-2"
"202603","3","01/18/2026","01/24/2026","2025-2026","SARS-CoV-2","10","Racine Ave PS","2026","882,864.71","11.94589415748","12.8","Very High","202603-10-SARS-CoV-2"
"202303","3","01/15/2023","01/21/2023","2022-2023","RSV","8","Little Village","2023",,,"0","Minimal","202303-8-RSV"
"202314","14","04/02/2023","04/08/2023","2022-2023","Influenza B","5","Chicago Lawn/Ashburn","2023","2,025","9.30642502755","1","Minimal","202314-5-Influenza B"
"202549","49","11/30/2025","12/06/2025","2025-2026","RSV","8","Little Village","2025","3,675","9.56525734342","1.3","Minimal","202549-8-RSV"
"202341","41","10/08/2023","10/14/2023","2023-2024","SARS-CoV-2","5","Chicago Lawn/Ashburn","2023","45,637.5","10.65932184596","1.7","Minimal","202341-5-SARS-CoV-2"
"202313","13","03/26/2023","04/01/2023","2022-2023","Influenza B","4","Austin/Montclare","2023","2,025","9.30642502755","1","Minimal","202313-4-Influenza B"
"202515","15","04/06/2025","04/12/2025","2024-2025","SARS-CoV-2","999","All sites","2025","171,825","11.23508635258","3.9","Moderate","202515-999-SARS-CoV-2"
"202229","29","07/17/2022","07/23/2022","2021-2022","Influenza A","999","All sites","2022",,,"0","Minimal","202229-999-Influenza A"
"202502","2","01/05/2025","01/11/2025","2024-2025","Influenza B","10","Racine Ave PS","2025","0",,"0","Minimal","202502-10-Influenza B"
"202350","50","12/10/2023","12/16/2023","2023-2024","SARS-CoV-2","6","West Pullman/Roseland","2023","786,862.5","11.89589884836","21.3","Very High","202350-6-SARS-CoV-2"
"202220","20","05/15/2022","05/21/2022","2021-2022","Influenza B","5","Chicago Lawn/Ashburn","2022",,,"0","Minimal","202220-5-Influenza B"
"202419","19","05/05/2024","05/11/2024","2023-2024","RSV","4","Austin/Montclare","2024","2,100","9.32221929473","1","Minimal","202419-4-RSV"
"202507","7","02/09/2025","02/15/2025","2024-2025","SARS-CoV-2","11","125th St PS","2025","119,400","11.07700432679","6.5","High","202507-11-SARS-CoV-2"
"202352","52","12/24/2023","12/30/2023","2023-2024","SARS-CoV-2","5","Chicago Lawn/Ashburn","2023","524,100","11.7194141597","7.7","High","202352-5-SARS-CoV-2"
"202311","11","03/12/2023","03/18/2023","2022-2023","RSV","8","Little Village","2023","4,050","9.60745502321","1","Minimal","202311-8-RSV"
"202502","2","01/05/2025","01/11/2025","2024-2025","Influenza B","999","All sites","2025","562.5","8.75012252678","0","Minimal","202502-999-Influenza B"
"202518","18","04/27/2025","05/03/2025","2024-2025","SARS-CoV-2","6","West Pullman/Roseland","2025","33,562.5","10.52585430304","2.5","Low","202518-6-SARS-CoV-2"
"202341","41","10/08/2023","10/14/2023","2023-2024","RSV","5","Chicago Lawn/Ashburn","2023","29,737.5","10.47330445505","4.4","Low","202341-5-RSV"
"202243","43","10/23/2022","10/29/2022","2022-2023","Influenza A","5","Chicago Lawn/Ashburn","2022","32,287.5","10.50903441918","4.3","Low","202243-5-Influenza A"
"202539","39","09/21/2025","09/27/2025","2024-2025","Influenza A","5","Chicago Lawn/Ashburn","2025","0",,"0","Minimal","202539-5-Influenza A"
"202516","16","04/13/2025","04/19/2025","2024-2025","Influenza B","5","Chicago Lawn/Ashburn","2025","0",,"0","Minimal","202516-5-Influenza B"
"202433","33","08/11/2024","08/17/2024","2023-2024","Influenza A","10","Racine Ave PS","2024","4,762.5","9.67783498868","1.9","Minimal","202433-10-Influenza A"
"202213","13","03/27/2022","04/02/2022","2021-2022","Influenza B","6","West Pullman/Roseland","2022",,,"0","Minimal","202213-6-Influenza B"
"202530","30","07/20/2025","07/26/2025","2024-2025","RSV","9","North Branch PS","2025","0",,"0","Minimal","202530-9-RSV"
"202308","8","02/19/2023","02/25/2023","2022-2023","RSV","5","Chicago Lawn/Ashburn","2023",,,"0","Minimal","202308-5-RSV"
"202431","31","07/28/2024","08/03/2024","2023-2024","SARS-CoV-2","11","125th St PS","2024","95,550","10.98023069139","5.5","High","202431-11-SARS-CoV-2"
"202328","28","07/09/2023","07/15/2023","2022-2023","RSV","11","125th St PS","2023","0",,"0","Minimal","202328-11-RSV"
"202327","27","07/02/2023","07/08/2023","2022-2023","SARS-CoV-2","5","Chicago Lawn/Ashburn","2023","24,150","10.38291713509","1.2","Minimal","202327-5-SARS-CoV-2"
"202422","22","05/26/2024","06/01/2024","2023-2024","SARS-CoV-2","9","North Branch PS","2024","68,625","10.83648235746","1.5","Minimal","202422-9-SARS-CoV-2"
"202339","39","09/24/2023","09/30/2023","2022-2023","SARS-CoV-2","5","Chicago Lawn/Ashburn","2023","203,737.5","11.30907097276","4.8","Moderate","202339-5-SARS-CoV-2"
"202230","30","07/24/2022","07/30/2022","2021-2022","SARS-CoV-2","5","Chicago Lawn/Ashburn","2022","166,725","11.22200072609","4.2","Moderate","202230-5-SARS-CoV-2"
"202223","23","06/05/2022","06/11/2022","2021-2022","Influenza A","5","Chicago Lawn/Ashburn","2022",,,"0","Minimal","202223-5-Influenza A"
"202314","14","04/02/2023","04/08/2023","2022-2023","Influenza B","4","Austin/Montclare","2023","3,900","9.59106460703","2.3","Minimal","202314-4-Influenza B"
"202539","39","09/21/2025","09/27/2025","2024-2025","Influenza B","9","North Branch PS","2025","0",,"0","Minimal","202539-9-Influenza B"
"202247","47","11/20/2022","11/26/2022","2022-2023","Influenza A","4","Austin/Montclare","2022","2,223,487.5","12.34703469228","83.6","Very High","202247-4-Influenza A"
"202344","44","10/29/2023","11/04/2023","2023-2024","SARS-CoV-2","10","Racine Ave PS","2023","78,262.5","10.89355371679","2.5","Low","202344-10-SARS-CoV-2"
"202403","3","01/14/2024","01/20/2024","2023-2024","Influenza B","6","West Pullman/Roseland","2024","20,100","10.30319605742","4.7","Low","202403-6-Influenza B"
"202409","9","02/25/2024","03/02/2024","2023-2024","RSV","999","All sites","2024","90,369.6428571429","10.95602256594","11.4","Very High","202409-999-RSV"
"202419","19","05/05/2024","05/11/2024","2023-2024","Influenza B","11","125th St PS","2024","0",,"0","Minimal","202419-11-Influenza B"
"202325","25","06/18/2023","06/24/2023","2022-2023","Influenza A","11","125th St PS","2023","0",,"0","Minimal","202325-11-Influenza A"
"202347","47","11/19/2023","11/25/2023","2023-2024","Influenza A","5","Chicago Lawn/Ashburn","2023","39,637.5","10.59810625504","5.1","Low","202347-5-Influenza A"
"202447","47","11/17/2024","11/23/2024","2024-2025","Influenza A","6","West Pullman/Roseland","2024","0",,"0","Minimal","202447-6-Influenza A"
"202442","42","10/13/2024","10/19/2024","2024-2025","SARS-CoV-2","8","Little Village","2024","38,587.5","10.58644664249","2.2","Low","202442-8-SARS-CoV-2"
"202223","23","06/05/2022","06/11/2022","2021-2022","Influenza A","4","Austin/Montclare","2022",,,"0","Minimal","202223-4-Influenza A"
"202535","35","08/24/2025","08/30/2025","2024-2025","Influenza B","6","West Pullman/Roseland","2025","0",,"0","Minimal","202535-6-Influenza B"
"202424","24","06/09/2024","06/15/2024","2023-2024","SARS-CoV-2","5","Chicago Lawn/Ashburn","2024","53,550","10.72875947517","2","Minimal","202424-5-SARS-CoV-2"
"202501","1","12/29/2024","01/04/2025","2024-2025","SARS-CoV-2","5","Chicago Lawn/Ashburn","2025","178,462.5","11.25154697253","4.3","Moderate","202501-5-SARS-CoV-2"
"202602","2","01/11/2026","01/17/2026","2025-2026","SARS-CoV-2","9","North Branch PS","2026","119,132.625","11.07603071125","2.3","Low","202602-9-SARS-CoV-2"
"202445","45","11/03/2024","11/09/2024","2024-2025","Influenza B","9","North Branch PS","2024","0",,"0","Minimal","202445-9-Influenza B"
"202544","44","10/26/2025","11/01/2025","2025-2026","Influenza B","5","Chicago Lawn/Ashburn","2025","0",,"0","Minimal","202544-5-Influenza B"
"202427","27","06/30/2024","07/06/2024","2023-2024","RSV","9","North Branch PS","2024","0",,"0","Minimal","202427-9-RSV"
"202234","34","08/21/2022","08/27/2022","2021-2022","Influenza B","5","Chicago Lawn/Ashburn","2022",,,"0","Minimal","202234-5-Influenza B"
"202420","20","05/12/2024","05/18/2024","2023-2024","RSV","9","North Branch PS","2024","1,987.5","9.29830713733","1","Minimal","202420-9-RSV"
"202416","16","04/14/2024","04/20/2024","2023-2024","SARS-CoV-2","4","Austin/Montclare","2024","165,375","11.2184698572","3.4","Low","202416-4-SARS-CoV-2"
"202423","23","06/02/2024","06/08/2024","2023-2024","SARS-CoV-2","5","Chicago Lawn/Ashburn","2024","73,837.5","10.86827698387","2.5","Low","202423-5-SARS-CoV-2"
"202408","8","02/18/2024","02/24/2024","2023-2024","RSV","6","West Pullman/Roseland","2024","51,412.5","10.71106872252","14.9","Very High","202408-6-RSV"
"202213","13","03/27/2022","04/02/2022","2021-2022","Influenza B","4","Austin/Montclare","2022",,,"0","Minimal","202213-4-Influenza B"
"202308","8","02/19/2023","02/25/2023","2022-2023","SARS-CoV-2","999","All sites","2023","619,659.375","11.79215302464","11.3","Very High","202308-999-SARS-CoV-2"
"202424","24","06/09/2024","06/15/2024","2023-2024","Influenza B","10","Racine Ave PS","2024","0",,"0","Minimal","202424-10-Influenza B"
"202425","25","06/16/2024","06/22/2024","2023-2024","Influenza B","10","Racine Ave PS","2024","0",,"0","Minimal","202425-10-Influenza B"
"202302","2","01/08/2023","01/14/2023","2022-2023","RSV","4","Austin/Montclare","2023",,,"0","Minimal","202302-4-RSV"
"202319","19","05/07/2023","05/13/2023","2022-2023","Influenza A","5","Chicago Lawn/Ashburn","2023","2,512.5","9.40010607043","1.2","Minimal","202319-5-Influenza A"
"202326","26","06/25/2023","07/01/2023","2022-2023","SARS-CoV-2","999","All sites","2023","32,341.0714285714","10.50975440357","1.7","Minimal","202326-999-SARS-CoV-2"
"202427","27","06/30/2024","07/06/2024","2023-2024","Influenza B","999","All sites","2024","0",,"0","Minimal","202427-999-Influenza B"
"202302","2","01/08/2023","01/14/2023","2022-2023","RSV","6","West Pullman/Roseland","2023",,,"0","Minimal","202302-6-RSV"
"202533","33","08/10/2025","08/16/2025","2024-2025","Influenza A","6","West Pullman/Roseland","2025","0",,"0","Minimal","202533-6-Influenza A"
"202505","5","01/26/2025","02/01/2025","2024-2025","Influenza B","6","West Pullman/Roseland","2025","0",,"0","Minimal","202505-6-Influenza B"
"202327","27","07/02/2023","07/08/2023","2022-2023","Influenza B","999","All sites","2023","0",,"0","Minimal","202327-999-Influenza B"
"202537","37","09/07/2025","09/13/2025","2024-2025","RSV","4","Austin/Montclare","2025","1,837.5","9.26422734776","0.9","Minimal","202537-4-RSV"
"202542","42","10/12/2025","10/18/2025","2025-2026","RSV","6","West Pullman/Roseland","2025","0",,"0","Minimal","202542-6-RSV"
"202538","38","09/14/2025","09/20/2025","2024-2025","SARS-CoV-2","999","All sites","2025","86,582.1428571429","10.93742833014","2.7","Low","202538-999-SARS-CoV-2"
"202529","29","07/13/2025","07/19/2025","2024-2025","RSV","6","West Pullman/Roseland","2025","0",,"0","Minimal","202529-6-RSV"
"202414","14","03/31/2024","04/06/2024","2023-2024","Influenza B","5","Chicago Lawn/Ashburn","2024","35,850","10.55448916","6.3","Moderate","202414-5-Influenza B"
"202315","15","04/09/2023","04/15/2023","2022-2023","Influenza B","5","Chicago Lawn/Ashburn","2023","0",,"0","Minimal","202315-5-Influenza B"
"202219","19","05/08/2022","05/14/2022","2021-2022","RSV","999","All sites","2022",,,"0","Minimal","202219-999-RSV"
"202402","2","01/07/2024","01/13/2024","2023-2024","Influenza A","4","Austin/Montclare","2024","51,225","10.70948196707","6.2","Low","202402-4-Influenza A"
"202347","47","11/19/2023","11/25/2023","2023-2024","Influenza B","10","Racine Ave PS","2023","0",,"0","Minimal","202347-10-Influenza B"
"202335","35","08/27/2023","09/02/2023","2022-2023","SARS-CoV-2","10","Racine Ave PS","2023","43,125","10.63472910808","1.5","Minimal","202335-10-SARS-CoV-2"
"202410","10","03/03/2024","03/09/2024","2023-2024","Influenza A","10","Racine Ave PS","2024","25,200","10.40140054078","4","Low","202410-10-Influenza A"
"202537","37","09/07/2025","09/13/2025","2024-2025","RSV","5","Chicago Lawn/Ashburn","2025","0",,"0","Minimal","202537-5-RSV"
"202212","12","03/20/2022","03/26/2022","2021-2022","SARS-CoV-2","4","Austin/Montclare","2022","5,200","9.71600334363","0.6","Minimal","202212-4-SARS-CoV-2"
"202511","11","03/09/2025","03/15/2025","2024-2025","Influenza A","11","125th St PS","2025","51,262.5","10.7097997823","6.9","Moderate","202511-11-Influenza A"
"202323","23","06/04/2023","06/10/2023","2022-2023","RSV","9","North Branch PS","2023","1,950","9.29003461136","1","Minimal","202323-9-RSV"
"202440","40","09/29/2024","10/05/2024","2024-2025","SARS-CoV-2","11","125th St PS","2024","18,825","10.27473498487","1.8","Minimal","202440-11-SARS-CoV-2"
"202543","43","10/19/2025","10/25/2025","2025-2026","SARS-CoV-2","8","Little Village","2025","7,575","9.87938263717","0.4","Minimal","202543-8-SARS-CoV-2"
"202245","45","11/06/2022","11/12/2022","2022-2023","SARS-CoV-2","8","Little Village","2022","107,925","11.03312205733","4.7","Moderate","202245-8-SARS-CoV-2"
"202537","37","09/07/2025","09/13/2025","2024-2025","Influenza A","8","Little Village","2025","0",,"0","Minimal","202537-8-Influenza A"
"202420","20","05/12/2024","05/18/2024","2023-2024","RSV","8","Little Village","2024","0",,"0","Minimal","202420-8-RSV"
"202406","6","02/04/2024","02/10/2024","2023-2024","Influenza A","6","West Pullman/Roseland","2024","25,987.5","10.41476450234","7.7","Moderate","202406-6-Influenza A"
"202442","42","10/13/2024","10/19/2024","2024-2025","SARS-CoV-2","4","Austin/Montclare","2024","4,462.5","9.64957822912","0.3","Minimal","202442-4-SARS-CoV-2"
"202442","42","10/13/2024","10/19/2024","2024-2025","Influenza A","6","West Pullman/Roseland","2024","0",,"0","Minimal","202442-6-Influenza A"
"202337","37","09/10/2023","09/16/2023","2022-2023","Influenza A","6","West Pullman/Roseland","2023","0",,"0","Minimal","202337-6-Influenza A"
"202534","34","08/17/2025","08/23/2025","2024-2025","RSV","8","Little Village","2025","0",,"0","Minimal","202534-8-RSV"
"202231","31","07/31/2022","08/06/2022","2021-2022","RSV","999","All sites","2022",,,"0","Minimal","202231-999-RSV"
"202504","4","01/19/2025","01/25/2025","2024-2025","Influenza A","5","Chicago Lawn/Ashburn","2025","219,450","11.34133558518","18.1","Very High","202504-5-Influenza A"
"202237","37","09/11/2022","09/17/2022","2021-2022","Influenza A","5","Chicago Lawn/Ashburn","2022",,,"0","Minimal","202237-5-Influenza A"
"202213","13","03/27/2022","04/02/2022","2021-2022","Influenza A","6","West Pullman/Roseland","2022",,,"0","Minimal","202213-6-Influenza A"
"202545","45","11/02/2025","11/08/2025","2025-2026","RSV","10","Racine Ave PS","2025","0",,"0","Minimal","202545-10-RSV"
"202418","18","04/28/2024","05/04/2024","2023-2024","SARS-CoV-2","4","Austin/Montclare","2024","43,875","10.64221712947","1.5","Minimal","202418-4-SARS-CoV-2"
"202235","35","08/28/2022","09/03/2022","2021-2022","Influenza A","999","All sites","2022",,,"0","Minimal","202235-999-Influenza A"
"202539","39","09/21/2025","09/27/2025","2024-2025","RSV","9","North Branch PS","2025","0",,"0","Minimal","202539-9-RSV"
"202441","41","10/06/2024","10/12/2024","2024-2025","Influenza A","5","Chicago Lawn/Ashburn","2024","0",,"0","Minimal","202441-5-Influenza A"
"202505","5","01/26/2025","02/01/2025","2024-2025","RSV","10","Racine Ave PS","2025","55,275","10.74252875125","8","Moderate","202505-10-RSV"
"202305","5","01/29/2023","02/04/2023","2022-2023","Influenza A","999","All sites","2023","19,828.125","10.29728164811","0","Minimal","202305-999-Influenza A"
"202508","8","02/16/2025","02/22/2025","2024-2025","Influenza B","10","Racine Ave PS","2025","22,312.5","10.34854823346","7.1","Moderate","202508-10-Influenza B"
"202420","20","05/12/2024","05/18/2024","2023-2024","RSV","4","Austin/Montclare","2024","1,987.5","9.29830713733","1","Minimal","202420-4-RSV"
"202234","34","08/21/2022","08/27/2022","2021-2022","SARS-CoV-2","4","Austin/Montclare","2022","399,937.5","11.60199212751","6.1","High","202234-4-SARS-CoV-2"
"202403","3","01/14/2024","01/20/2024","2023-2024","SARS-CoV-2","11","125th St PS","2024","1,377,750","12.1391704197","35.8","Very High","202403-11-SARS-CoV-2"
"202513","13","03/23/2025","03/29/2025","2024-2025","SARS-CoV-2","4","Austin/Montclare","2025","227,700","11.35736303062","4.3","Moderate","202513-4-SARS-CoV-2"
"202402","2","01/07/2024","01/13/2024","2023-2024","SARS-CoV-2","5","Chicago Lawn/Ashburn","2024","850,425","11.92963601869","10.9","Very High","202402-5-SARS-CoV-2"
"202320","20","05/14/2023","05/20/2023","2022-2023","Influenza A","4","Austin/Montclare","2023","5,887.5","9.76993092014","1.3","Minimal","202320-4-Influenza A"
"202526","26","06/22/2025","06/28/2025","2024-2025","Influenza A","11","125th St PS","2025","0",,"0","Minimal","202526-11-Influenza A"
"202526","26","06/22/2025","06/28/2025","2024-2025","Influenza B","9","North Branch PS","2025","1,987.5","9.29830713733","1","Minimal","202526-9-Influenza B"
"202517","17","04/20/2025","04/26/2025","2024-2025","SARS-CoV-2","8","Little Village","2025","136,912.5","11.13644310068","3.4","Low","202517-8-SARS-CoV-2"
"202414","14","03/31/2024","04/06/2024","2023-2024","SARS-CoV-2","10","Racine Ave PS","2024","679,350","11.83209357974","9.2","Very High","202414-10-SARS-CoV-2"
"202506","6","02/02/2025","02/08/2025","2024-2025","SARS-CoV-2","8","Little Village","2025","913,875","11.96088679691","12.5","Very High","202506-8-SARS-CoV-2"
"202439","39","09/22/2024","09/28/2024","2023-2024","Influenza B","8","Little Village","2024","0",,"0","Minimal","202439-8-Influenza B"
"202441","41","10/06/2024","10/12/2024","2024-2025","RSV","5","Chicago Lawn/Ashburn","2024","0",,"0","Minimal","202441-5-RSV"
"202233","33","08/14/2022","08/20/2022","2021-2022","Influenza B","6","West Pullman/Roseland","2022",,,"0","Minimal","202233-6-Influenza B"
"202344","44","10/29/2023","11/04/2023","2023-2024","Influenza A","4","Austin/Montclare","2023","5,962.5","9.77542839205","1.3","Minimal","202344-4-Influenza A"
"202333","33","08/13/2023","08/19/2023","2022-2023","RSV","8","Little Village","2023","1,950","9.29003461136","1","Minimal","202333-8-RSV"
"202414","14","03/31/2024","04/06/2024","2023-2024","Influenza B","11","125th St PS","2024","12,000","10.07918124605","8.4","Moderate","202414-11-Influenza B"
"202303","3","01/15/2023","01/21/2023","2022-2023","Influenza A","8","Little Village","2023","10,462.5","10.019635471","3.5","Low","202303-8-Influenza A"
"202319","19","05/07/2023","05/13/2023","2022-2023","RSV","4","Austin/Montclare","2023","2,025","9.30642502755","1","Minimal","202319-4-RSV"
"202221","21","05/22/2022","05/28/2022","2021-2022","Influenza A","999","All sites","2022",,,"0","Minimal","202221-999-Influenza A"
"202427","27","06/30/2024","07/06/2024","2023-2024","RSV","5","Chicago Lawn/Ashburn","2024","0",,"0","Minimal","202427-5-RSV"
"202325","25","06/18/2023","06/24/2023","2022-2023","Influenza B","8","Little Village","2023","0",,"0","Minimal","202325-8-Influenza B"
"202440","40","09/29/2024","10/05/2024","2024-2025","Influenza A","999","All sites","2024","573.21428571429","8.7583170054","0","Minimal","202440-999-Influenza A"
"202215","15","04/10/2022","04/16/2022","2021-2022","SARS-CoV-2","5","Chicago Lawn/Ashburn","2022","37,631.25","10.57554864455","1.6","Minimal","202215-5-SARS-CoV-2"
"202423","23","06/02/2024","06/08/2024","2023-2024","SARS-CoV-2","10","Racine Ave PS","2024","2,308,987.5","12.36342158181","20.4","Very High","202423-10-SARS-CoV-2"
"202405","5","01/28/2024","02/03/2024","2023-2024","SARS-CoV-2","6","West Pullman/Roseland","2024","222,300","11.3469394627","9.2","Very High","202405-6-SARS-CoV-2"
"202537","37","09/07/2025","09/13/2025","2024-2025","Influenza A","11","125th St PS","2025","0",,"0","Minimal","202537-11-Influenza A"
"202432","32","08/04/2024","08/10/2024","2023-2024","SARS-CoV-2","9","North Branch PS","2024","324,337.5","11.51099716484","4.5","Moderate","202432-9-SARS-CoV-2"
"202236","36","09/04/2022","09/10/2022","2021-2022","Influenza A","4","Austin/Montclare","2022",,,"0","Minimal","202236-4-Influenza A"
"202507","7","02/09/2025","02/15/2025","2024-2025","SARS-CoV-2","5","Chicago Lawn/Ashburn","2025","323,812.5","11.51029360963","6.4","High","202507-5-SARS-CoV-2"
"202441","41","10/06/2024","10/12/2024","2024-2025","SARS-CoV-2","10","Racine Ave PS","2024","16,125","10.20749972331","0.9","Minimal","202441-10-SARS-CoV-2"
"202348","48","11/26/2023","12/02/2023","2023-2024","Influenza B","4","Austin/Montclare","2023","2,025","9.30642502755","1","Minimal","202348-4-Influenza B"
"202603","3","01/18/2026","01/24/2026","2025-2026","Influenza B","5","Chicago Lawn/Ashburn","2026","0",,"0","Minimal","202603-5-Influenza B"
"202416","16","04/14/2024","04/20/2024","2023-2024","RSV","9","North Branch PS","2024","0",,"0","Minimal","202416-9-RSV"
"202347","47","11/19/2023","11/25/2023","2023-2024","Influenza A","999","All sites","2023","24,776.7857142857","10.39404496479","5.2","Low","202347-999-Influenza A"
"202442","42","10/13/2024","10/19/2024","2024-2025","RSV","10","Racine Ave PS","2024","0",,"0","Minimal","202442-10-RSV"
"202519","19","05/04/2025","05/10/2025","2024-2025","SARS-CoV-2","9","North Branch PS","2025","69,037.5","10.83908505623","1.5","Minimal","202519-9-SARS-CoV-2"
"202452","52","12/22/2024","12/28/2024","2024-2025","Influenza A","6","West Pullman/Roseland","2024","10,387.5","10.01651103679","6","Low","202452-6-Influenza A"
"202306","6","02/05/2023","02/11/2023","2022-2023","Influenza A","8","Little Village","2023","63,600","10.80345711565","8","Moderate","202306-8-Influenza A"
"202342","42","10/15/2023","10/21/2023","2023-2024","RSV","5","Chicago Lawn/Ashburn","2023","36,600","10.56348108539","8.6","High","202342-5-RSV"
"202322","22","05/28/2023","06/03/2023","2022-2023","RSV","10","Racine Ave PS","2023","0",,"0","Minimal","202322-10-RSV"
"202521","21","05/18/2025","05/24/2025","2024-2025","SARS-CoV-2","6","West Pullman/Roseland","2025","104,400","11.01870049867","5.3","Moderate","202521-6-SARS-CoV-2"
"202343","43","10/22/2023","10/28/2023","2023-2024","RSV","5","Chicago Lawn/Ashburn","2023","12,037.5","10.08053630013","2.2","Minimal","202343-5-RSV"
"202522","22","05/25/2025","05/31/2025","2024-2025","Influenza B","8","Little Village","2025","0",,"0","Minimal","202522-8-Influenza B"
"202317","17","04/23/2023","04/29/2023","2022-2023","RSV","999","All sites","2023","0",,"0","Minimal","202317-999-RSV"
"202343","43","10/22/2023","10/28/2023","2023-2024","RSV","8","Little Village","2023","18,037.5","10.2561763441","3.1","Low","202343-8-RSV"
"202242","42","10/16/2022","10/22/2022","2022-2023","Influenza A","4","Austin/Montclare","2022","3,975","9.59933713299","1","Minimal","202242-4-Influenza A"
"202345","45","11/05/2023","11/11/2023","2023-2024","SARS-CoV-2","4","Austin/Montclare","2023","890,400","11.94958515133","10.1","Very High","202345-4-SARS-CoV-2"
"202348","48","11/26/2023","12/02/2023","2023-2024","Influenza B","9","North Branch PS","2023","10,237.5","10.01019391477","2.5","Minimal","202348-9-Influenza B"
"202236","36","09/04/2022","09/10/2022","2021-2022","Influenza B","5","Chicago Lawn/Ashburn","2022",,,"0","Minimal","202236-5-Influenza B"
"202435","35","08/25/2024","08/31/2024","2023-2024","Influenza A","8","Little Village","2024","54,300","10.73479982959","7.3","Moderate","202435-8-Influenza A"
"202401","1","12/31/2023","01/06/2024","2023-2024","Influenza A","8","Little Village","2024","162,787.5","11.21162105357","15.9","High","202401-8-Influenza A"
"202424","24","06/09/2024","06/15/2024","2023-2024","Influenza A","5","Chicago Lawn/Ashburn","2024","2,062.5","9.31439395722","1","Minimal","202424-5-Influenza A"
"202526","26","06/22/2025","06/28/2025","2024-2025","Influenza A","10","Racine Ave PS","2025","1,987.5","9.29830713733","1","Minimal","202526-10-Influenza A"
"202345","45","11/05/2023","11/11/2023","2023-2024","Influenza B","10","Racine Ave PS","2023","0",,"0","Minimal","202345-10-Influenza B"
"202345","45","11/05/2023","11/11/2023","2023-2024","SARS-CoV-2","5","Chicago Lawn/Ashburn","2023","228,300","11.35850591149","5.2","Moderate","202345-5-SARS-CoV-2"
"202315","15","04/09/2023","04/15/2023","2022-2023","Influenza B","999","All sites","2023","1,509.375","9.17879715243","0","Minimal","202315-999-Influenza B"
"202345","45","11/05/2023","11/11/2023","2023-2024","Influenza B","6","West Pullman/Roseland","2023","0",,"0","Minimal","202345-6-Influenza B"
"202236","36","09/04/2022","09/10/2022","2021-2022","Influenza B","6","West Pullman/Roseland","2022",,,"0","Minimal","202236-6-Influenza B"
"202415","15","04/07/2024","04/13/2024","2023-2024","SARS-CoV-2","4","Austin/Montclare","2024","278,400","11.44466923094","4.7","Moderate","202415-4-SARS-CoV-2"
"202512","12","03/16/2025","03/22/2025","2024-2025","SARS-CoV-2","6","West Pullman/Roseland","2025","3,710,325","12.56941195261","52","Very High","202512-6-SARS-CoV-2"
"202528","28","07/06/2025","07/12/2025","2024-2025","Influenza A","11","125th St PS","2025","0",,"0","Minimal","202528-11-Influenza A"
"202522","22","05/25/2025","05/31/2025","2024-2025","Influenza A","4","Austin/Montclare","2025","0",,"0","Minimal","202522-4-Influenza A"
"202510","10","03/02/2025","03/08/2025","2024-2025","SARS-CoV-2","8","Little Village","2025","1,320,000","12.12057393121","17.3","Very High","202510-8-SARS-CoV-2"
"202348","48","11/26/2023","12/02/2023","2023-2024","Influenza A","5","Chicago Lawn/Ashburn","2023","28,275","10.4514026136","4","Low","202348-5-Influenza A"
"202302","2","01/08/2023","01/14/2023","2022-2023","Influenza B","8","Little Village","2023","0",,"0","Minimal","202302-8-Influenza B"
"202427","27","06/30/2024","07/06/2024","2023-2024","RSV","4","Austin/Montclare","2024","0",,"0","Minimal","202427-4-RSV"
"202508","8","02/16/2025","02/22/2025","2024-2025","Influenza B","4","Austin/Montclare","2025","4,462.5","9.64957822912","1.2","Minimal","202508-4-Influenza B"
"202233","33","08/14/2022","08/20/2022","2021-2022","RSV","5","Chicago Lawn/Ashburn","2022",,,"0","Minimal","202233-5-RSV"
"202301","1","01/01/2023","01/07/2023","2022-2023","SARS-CoV-2","6","West Pullman/Roseland","2023","161,700","11.20871001991","7.5","High","202301-6-SARS-CoV-2"
"202421","21","05/19/2024","05/25/2024","2023-2024","Influenza A","8","Little Village","2024","0",,"0","Minimal","202421-8-Influenza A"
"202224","24","06/12/2022","06/18/2022","2021-2022","Influenza B","4","Austin/Montclare","2022",,,"0","Minimal","202224-4-Influenza B"
"202401","1","12/31/2023","01/06/2024","2023-2024","SARS-CoV-2","999","All sites","2024","1,347,760.71428571","12.12961279302","18.8","Very High","202401-999-SARS-CoV-2"
"202310","10","03/05/2023","03/11/2023","2022-2023","SARS-CoV-2","5","Chicago Lawn/Ashburn","2023","268,650","11.4291868449","5.7","High","202310-5-SARS-CoV-2"
"202350","50","12/10/2023","12/16/2023","2023-2024","Influenza B","11","125th St PS","2023","0",,"0","Minimal","202350-11-Influenza B"
"202231","31","07/31/2022","08/06/2022","2021-2022","RSV","5","Chicago Lawn/Ashburn","2022",,,"0","Minimal","202231-5-RSV"
"202519","19","05/04/2025","05/10/2025","2024-2025","RSV","11","125th St PS","2025","0",,"0","Minimal","202519-11-RSV"
"202517","17","04/20/2025","04/26/2025","2024-2025","RSV","5","Chicago Lawn/Ashburn","2025","1,950","9.29003461136","1","Minimal","202517-5-RSV"
"202520","20","05/11/2025","05/17/2025","2024-2025","Influenza B","10","Racine Ave PS","2025","1,987.5","9.29830713733","1","Minimal","202520-10-Influenza B"
"202521","21","05/18/2025","05/24/2025","2024-2025","SARS-CoV-2","5","Chicago Lawn/Ashburn","2025","2,164,837.5","12.33542530231","20.1","Very High","202521-5-SARS-CoV-2"
"202317","17","04/23/2023","04/29/2023","2022-2023","Influenza A","4","Austin/Montclare","2023","0",,"0","Minimal","202317-4-Influenza A"
"202544","44","10/26/2025","11/01/2025","2025-2026","SARS-CoV-2","6","West Pullman/Roseland","2025","1,800","9.2552725051","0.6","Minimal","202544-6-SARS-CoV-2"
"202537","37","09/07/2025","09/13/2025","2024-2025","Influenza A","6","West Pullman/Roseland","2025","0",,"0","Minimal","202537-6-Influenza A"
"202513","13","03/23/2025","03/29/2025","2024-2025","Influenza B","9","North Branch PS","2025","7,987.5","9.90241087117","3.9","Low","202513-9-Influenza B"
"202529","29","07/13/2025","07/19/2025","2024-2025","RSV","999","All sites","2025","0",,"0","Minimal","202529-999-RSV"
"202535","35","08/24/2025","08/30/2025","2024-2025","SARS-CoV-2","5","Chicago Lawn/Ashburn","2025","60,225","10.77977680867","2.2","Low","202535-5-SARS-CoV-2"
"202232","32","08/07/2022","08/13/2022","2021-2022","RSV","6","West Pullman/Roseland","2022",,,"0","Minimal","202232-6-RSV"
"202306","6","02/05/2023","02/11/2023","2022-2023","RSV","999","All sites","2023",,,"0","Minimal","202306-999-RSV"
"202522","22","05/25/2025","05/31/2025","2024-2025","Influenza B","999","All sites","2025","1,130.35714285714","9.05321568301","0","Minimal","202522-999-Influenza B"
"202532","32","08/03/2025","08/09/2025","2024-2025","Influenza B","9","North Branch PS","2025","0",,"0","Minimal","202532-9-Influenza B"
"202603","3","01/18/2026","01/24/2026","2025-2026","Influenza B","6","West Pullman/Roseland","2026","0",,"0","Minimal","202603-6-Influenza B"
"202209","9","02/27/2022","03/05/2022","2021-2022","SARS-CoV-2","5","Chicago Lawn/Ashburn","2022","11,675","10.06725688924","0.8","Minimal","202209-5-SARS-CoV-2"
"202404","4","01/21/2024","01/27/2024","2023-2024","Influenza B","5","Chicago Lawn/Ashburn","2024","31,837.5","10.50293895797","5.9","Low","202404-5-Influenza B"
"202436","36","09/01/2024","09/07/2024","2023-2024","SARS-CoV-2","11","125th St PS","2024","85,612.5","10.93253717922","5.1","Moderate","202436-11-SARS-CoV-2"
"202540","40","09/28/2025","10/04/2025","2025-2026","SARS-CoV-2","6","West Pullman/Roseland","2025","22,462.5","10.35145809012","3.2","Low","202540-6-SARS-CoV-2"
"202408","8","02/18/2024","02/24/2024","2023-2024","SARS-CoV-2","9","North Branch PS","2024","417,075","11.62021415847","6.1","High","202408-9-SARS-CoV-2"
"202512","12","03/16/2025","03/22/2025","2024-2025","Influenza B","10","Racine Ave PS","2025","0",,"0","Minimal","202512-10-Influenza B"
"202227","27","07/03/2022","07/09/2022","2021-2022","RSV","5","Chicago Lawn/Ashburn","2022",,,"0","Minimal","202227-5-RSV"
"202424","24","06/09/2024","06/15/2024","2023-2024","RSV","10","Racine Ave PS","2024","0",,"0","Minimal","202424-10-RSV"
"202212","12","03/20/2022","03/26/2022","2021-2022","Influenza B","999","All sites","2022",,,"0","Minimal","202212-999-Influenza B"
"202413","13","03/24/2024","03/30/2024","2023-2024","Influenza A","10","Racine Ave PS","2024","108,187.5","11.03417708522","11","Moderate","202413-10-Influenza A"
"202540","40","09/28/2025","10/04/2025","2025-2026","Influenza B","5","Chicago Lawn/Ashburn","2025","0",,"0","Minimal","202540-5-Influenza B"
"202228","28","07/10/2022","07/16/2022","2021-2022","Influenza B","999","All sites","2022",,,"0","Minimal","202228-999-Influenza B"
"202309","9","02/26/2023","03/04/2023","2022-2023","Influenza B","8","Little Village","2023","1,950","9.29003461136","1","Minimal","202309-8-Influenza B"
"202452","52","12/22/2024","12/28/2024","2024-2025","SARS-CoV-2","6","West Pullman/Roseland","2024","36,300","10.55990662504","2.8","Low","202452-6-SARS-CoV-2"
"202326","26","06/25/2023","07/01/2023","2022-2023","Influenza A","11","125th St PS","2023","0",,"0","Minimal","202326-11-Influenza A"
"202601","1","01/04/2026","01/10/2026","2025-2026","Influenza A","9","North Branch PS","2026","95,388.947047721","10.97949805485","12","High","202601-9-Influenza A"
"202447","47","11/17/2024","11/23/2024","2024-2025","Influenza B","5","Chicago Lawn/Ashburn","2024","1,950","9.29003461136","1","Minimal","202447-5-Influenza B"
"202403","3","01/14/2024","01/20/2024","2023-2024","RSV","4","Austin/Montclare","2024","117,300","11.06929801212","11.8","Very High","202403-4-RSV"
"202533","33","08/10/2025","08/16/2025","2024-2025","Influenza A","10","Racine Ave PS","2025","1,987.5","9.29830713733","1","Minimal","202533-10-Influenza A"
"202530","30","07/20/2025","07/26/2025","2024-2025","Influenza A","4","Austin/Montclare","2025","0",,"0","Minimal","202530-4-Influenza A"
"202218","18","05/01/2022","05/07/2022","2021-2022","Influenza B","4","Austin/Montclare","2022",,,"0","Minimal","202218-4-Influenza B"
"202532","32","08/03/2025","08/09/2025","2024-2025","RSV","9","North Branch PS","2025","0",,"0","Minimal","202532-9-RSV"
"202513","13","03/23/2025","03/29/2025","2024-2025","Influenza A","9","North Branch PS","2025","2,662.5","9.42528961645","1.3","Minimal","202513-9-Influenza A"
"202215","15","04/10/2022","04/16/2022","2021-2022","Influenza A","6","West Pullman/Roseland","2022",,,"0","Minimal","202215-6-Influenza A"
"202329","29","07/16/2023","07/22/2023","2022-2023","Influenza B","999","All sites","2023","0",,"0","Minimal","202329-999-Influenza B"
"202548","48","11/23/2025","11/29/2025","2025-2026","Influenza B","10","Racine Ave PS","2025","0",,"0","Minimal","202548-10-Influenza B"
"202243","43","10/23/2022","10/29/2022","2022-2023","RSV","6","West Pullman/Roseland","2022",,,"0","Minimal","202243-6-RSV"
"202442","42","10/13/2024","10/19/2024","2024-2025","Influenza A","5","Chicago Lawn/Ashburn","2024","0",,"0","Minimal","202442-5-Influenza A"
"202517","17","04/20/2025","04/26/2025","2024-2025","RSV","10","Racine Ave PS","2025","7,912.5","9.89831372303","1.7","Minimal","202517-10-RSV"
"202343","43","10/22/2023","10/28/2023","2023-2024","Influenza A","999","All sites","2023","4,558.92857142857","9.6588627878","1.5","Minimal","202343-999-Influenza A"
"202412","12","03/17/2024","03/23/2024","2023-2024","Influenza B","11","125th St PS","2024","6,075","9.78354628227","3.7","Low","202412-11-Influenza B"
"202329","29","07/16/2023","07/22/2023","2022-2023","RSV","10","Racine Ave PS","2023","6,037.5","9.78085714376","1.4","Minimal","202329-10-RSV"
"202445","45","11/03/2024","11/09/2024","2024-2025","Influenza A","11","125th St PS","2024","1,987.5","9.29830713733","1","Minimal","202445-11-Influenza A"
"202409","9","02/25/2024","03/02/2024","2023-2024","Influenza B","999","All sites","2024","32,110.7142857143","10.50664996632","0","Minimal","202409-999-Influenza B"
"202426","26","06/23/2024","06/29/2024","2023-2024","RSV","8","Little Village","2024","0",,"0","Minimal","202426-8-RSV"
"202436","36","09/01/2024","09/07/2024","2023-2024","Influenza B","999","All sites","2024","0",,"0","Minimal","202436-999-Influenza B"
"202245","45","11/06/2022","11/12/2022","2022-2023","RSV","5","Chicago Lawn/Ashburn","2022",,,"0","Minimal","202245-5-RSV"
"202449","49","12/01/2024","12/07/2024","2024-2025","RSV","9","North Branch PS","2024","5,962.5","9.77542839205","2.3","Minimal","202449-9-RSV"
"202431","31","07/28/2024","08/03/2024","2023-2024","SARS-CoV-2","9","North Branch PS","2024","146,400","11.16554107672","2.6","Low","202431-9-SARS-CoV-2"
"202434","34","08/18/2024","08/24/2024","2023-2024","Influenza A","11","125th St PS","2024","3,975","9.59933713299","1.7","Minimal","202434-11-Influenza A"
"202424","24","06/09/2024","06/15/2024","2023-2024","RSV","6","West Pullman/Roseland","2024","0",,"0","Minimal","202424-6-RSV"
"202428","28","07/07/2024","07/13/2024","2023-2024","SARS-CoV-2","5","Chicago Lawn/Ashburn","2024","494,737.5","11.69437483017","7.8","High","202428-5-SARS-CoV-2"
"202329","29","07/16/2023","07/22/2023","2022-2023","RSV","4","Austin/Montclare","2023","0",,"0","Minimal","202329-4-RSV"
"202243","43","10/23/2022","10/29/2022","2022-2023","Influenza B","5","Chicago Lawn/Ashburn","2022","0",,"0","Minimal","202243-5-Influenza B"
"202550","50","12/07/2025","12/13/2025","2025-2026","Influenza A","4","Austin/Montclare","2025","26,025","10.41539073818","3.9","Low","202550-4-Influenza A"
"202343","43","10/22/2023","10/28/2023","2023-2024","RSV","10","Racine Ave PS","2023","35,475","10.54992240413","5.7","Moderate","202343-10-RSV"
"202553","53","12/28/2025","01/03/2026","2025-2026","RSV","9","North Branch PS","2025","43,919.6558479425","10.64265892835","5.8","Moderate","202553-9-RSV"
"202252","52","12/25/2022","12/31/2022","2022-2023","Influenza B","4","Austin/Montclare","2022","0",,"0","Minimal","202252-4-Influenza B"
"202219","19","05/08/2022","05/14/2022","2021-2022","Influenza B","6","West Pullman/Roseland","2022",,,"0","Minimal","202219-6-Influenza B"
"202412","12","03/17/2024","03/23/2024","2023-2024","SARS-CoV-2","5","Chicago Lawn/Ashburn","2024","337,462.5","11.52822551954","6.2","High","202412-5-SARS-CoV-2"
"202523","23","06/01/2025","06/07/2025","2024-2025","Influenza A","11","125th St PS","2025","0",,"0","Minimal","202523-11-Influenza A"
"202548","48","11/23/2025","11/29/2025","2025-2026","Influenza B","8","Little Village","2025","0",,"0","Minimal","202548-8-Influenza B"
"202346","46","11/12/2023","11/18/2023","2023-2024","Influenza A","6","West Pullman/Roseland","2023","2,025","9.30642502755","1","Minimal","202346-6-Influenza A"
"202245","45","11/06/2022","11/12/2022","2022-2023","Influenza A","999","All sites","2022","15,525","10.19103160885","3.8","Low","202245-999-Influenza A"
"202233","33","08/14/2022","08/20/2022","2021-2022","Influenza B","4","Austin/Montclare","2022",,,"0","Minimal","202233-4-Influenza B"
"202444","44","10/27/2024","11/02/2024","2024-2025","Influenza B","5","Chicago Lawn/Ashburn","2024","0",,"0","Minimal","202444-5-Influenza B"
"202418","18","04/28/2024","05/04/2024","2023-2024","RSV","11","125th St PS","2024","3,975","9.59933713299","1.8","Minimal","202418-11-RSV"
"202410","10","03/03/2024","03/09/2024","2023-2024","RSV","11","125th St PS","2024","24,562.5","10.39027256772","8.5","High","202410-11-RSV"
"202602","2","01/11/2026","01/17/2026","2025-2026","RSV","9","North Branch PS","2026","15,825.156829604","10.19934802263","4.7","Low","202602-9-RSV"
"202408","8","02/18/2024","02/24/2024","2023-2024","Influenza B","6","West Pullman/Roseland","2024","67,875","10.8317098426","28.5","Very High","202408-6-Influenza B"
"202529","29","07/13/2025","07/19/2025","2024-2025","SARS-CoV-2","5","Chicago Lawn/Ashburn","2025","9,787.5","9.99067177507","0.7","Minimal","202529-5-SARS-CoV-2"
"202234","34","08/21/2022","08/27/2022","2021-2022","Influenza A","999","All sites","2022",,,"0","Minimal","202234-999-Influenza A"
"202208","8","02/20/2022","02/26/2022","2021-2022","Influenza A","6","West Pullman/Roseland","2022",,,"0","Minimal","202208-6-Influenza A"
"202231","31","07/31/2022","08/06/2022","2021-2022","Influenza B","5","Chicago Lawn/Ashburn","2022",,,"0","Minimal","202231-5-Influenza B"
"202424","24","06/09/2024","06/15/2024","2023-2024","Influenza A","11","125th St PS","2024","0",,"0","Minimal","202424-11-Influenza A"
"202250","50","12/11/2022","12/17/2022","2022-2023","Influenza A","999","All sites","2022","138,318.75","11.14088105552","14.4","High","202250-999-Influenza A"
"202509","9","02/23/2025","03/01/2025","2024-2025","Influenza B","5","Chicago Lawn/Ashburn","2025","50,100","10.69983772587","15.9","High","202509-5-Influenza B"
"202236","36","09/04/2022","09/10/2022","2021-2022","RSV","5","Chicago Lawn/Ashburn","2022",,,"0","Minimal","202236-5-RSV"
"202434","34","08/18/2024","08/24/2024","2023-2024","Influenza B","999","All sites","2024","289.28571428571","8.46132698754","0","Minimal","202434-999-Influenza B"
"202430","30","07/21/2024","07/27/2024","2023-2024","RSV","999","All sites","2024","0",,"0","Minimal","202430-999-RSV"
"202336","36","09/03/2023","09/09/2023","2022-2023","Influenza A","9","North Branch PS","2023","2,100","9.32221929473","1","Minimal","202336-9-Influenza A"
"202340","40","10/01/2023","10/07/2023","2023-2024","SARS-CoV-2","9","North Branch PS","2023","447,862.5","11.65114470003","6.2","High","202340-9-SARS-CoV-2"
"202343","43","10/22/2023","10/28/2023","2023-2024","Influenza B","9","North Branch PS","2023","0",,"0","Minimal","202343-9-Influenza B"
"202450","50","12/08/2024","12/14/2024","2024-2025","RSV","8","Little Village","2024","11,962.5","10.07782195078","2.3","Minimal","202450-8-RSV"
"202224","24","06/12/2022","06/18/2022","2021-2022","RSV","4","Austin/Montclare","2022",,,"0","Minimal","202224-4-RSV"
"202320","20","05/14/2023","05/20/2023","2022-2023","Influenza B","10","Racine Ave PS","2023","0",,"0","Minimal","202320-10-Influenza B"
"202439","39","09/22/2024","09/28/2024","2023-2024","RSV","11","125th St PS","2024","4,012.5","9.60341504541","1.8","Minimal","202439-11-RSV"
"202414","14","03/31/2024","04/06/2024","2023-2024","Influenza B","6","West Pullman/Roseland","2024","3,975","9.59933713299","1.9","Minimal","202414-6-Influenza B"
"202550","50","12/07/2025","12/13/2025","2025-2026","Influenza B","6","West Pullman/Roseland","2025","0",,"0","Minimal","202550-6-Influenza B"
"202309","9","02/26/2023","03/04/2023","2022-2023","Influenza B","5","Chicago Lawn/Ashburn","2023","0",,"0","Minimal","202309-5-Influenza B"
"202235","35","08/28/2022","09/03/2022","2021-2022","RSV","999","All sites","2022",,,"0","Minimal","202235-999-RSV"
"202250","50","12/11/2022","12/17/2022","2022-2023","Influenza A","4","Austin/Montclare","2022","189,900","11.27852496474","15.9","High","202250-4-Influenza A"
"202415","15","04/07/2024","04/13/2024","2023-2024","SARS-CoV-2","6","West Pullman/Roseland","2024","49,537.5","10.69493408534","3.2","Low","202415-6-SARS-CoV-2"
"202525","25","06/15/2025","06/21/2025","2024-2025","SARS-CoV-2","9","North Branch PS","2025","87,637.5","10.94268998012","1.8","Minimal","202525-9-SARS-CoV-2"
"202339","39","09/24/2023","09/30/2023","2022-2023","SARS-CoV-2","10","Racine Ave PS","2023","179,700","11.25454807711","4.3","Moderate","202339-10-SARS-CoV-2"
"202504","4","01/19/2025","01/25/2025","2024-2025","Influenza B","6","West Pullman/Roseland","2025","0",,"0","Minimal","202504-6-Influenza B"
"202238","38","09/18/2022","09/24/2022","2021-2022","SARS-CoV-2","999","All sites","2022","147,850","11.16982132886","4","Moderate","202238-999-SARS-CoV-2"
"202409","9","02/25/2024","03/02/2024","2023-2024","RSV","4","Austin/Montclare","2024","49,425","10.69394667799","6.2","Moderate","202409-4-RSV"
"202525","25","06/15/2025","06/21/2025","2024-2025","RSV","999","All sites","2025","1,130.35714285714","9.05321568301","0","Minimal","202525-999-RSV"
"202314","14","04/02/2023","04/08/2023","2022-2023","Influenza B","8","Little Village","2023","1,987.5","9.29830713733","1","Minimal","202314-8-Influenza B"
"202530","30","07/20/2025","07/26/2025","2024-2025","Influenza A","5","Chicago Lawn/Ashburn","2025","0",,"0","Minimal","202530-5-Influenza A"
"202313","13","03/26/2023","04/01/2023","2022-2023","RSV","999","All sites","2023","1,978.125","9.2962537317","0","Minimal","202313-999-RSV"
"202501","1","12/29/2024","01/04/2025","2024-2025","SARS-CoV-2","8","Little Village","2025","267,412.5","11.42718170418","5.2","Moderate","202501-8-SARS-CoV-2"
"202416","16","04/14/2024","04/20/2024","2023-2024","SARS-CoV-2","10","Racine Ave PS","2024","311,962.5","11.49410239203","6.2","High","202416-10-SARS-CoV-2"
"202346","46","11/12/2023","11/18/2023","2023-2024","RSV","6","West Pullman/Roseland","2023","21,450","10.33142729652","7.2","Moderate","202346-6-RSV"
"202337","37","09/10/2023","09/16/2023","2022-2023","Influenza B","11","125th St PS","2023","1,950","9.29003461136","1","Minimal","202337-11-Influenza B"
"202207","7","02/13/2022","02/19/2022","2021-2022","RSV","6","West Pullman/Roseland","2022",,,"0","Minimal","202207-6-RSV"
"202325","25","06/18/2023","06/24/2023","2022-2023","SARS-CoV-2","5","Chicago Lawn/Ashburn","2023","336,337.5","11.52677529174","6.3","High","202325-5-SARS-CoV-2"
"202409","9","02/25/2024","03/02/2024","2023-2024","RSV","6","West Pullman/Roseland","2024","31,875","10.50345019344","5.4","Moderate","202409-6-RSV"
"202329","29","07/16/2023","07/22/2023","2022-2023","Influenza A","6","West Pullman/Roseland","2023","0",,"0","Minimal","202329-6-Influenza A"
"202211","11","03/13/2022","03/19/2022","2021-2022","Influenza B","4","Austin/Montclare","2022",,,"0","Minimal","202211-4-Influenza B"
"202323","23","06/04/2023","06/10/2023","2022-2023","Influenza A","6","West Pullman/Roseland","2023","0",,"0","Minimal","202323-6-Influenza A"
"202246","46","11/13/2022","11/19/2022","2022-2023","RSV","5","Chicago Lawn/Ashburn","2022",,,"0","Minimal","202246-5-RSV"
"202437","37","09/08/2024","09/14/2024","2023-2024","Influenza B","5","Chicago Lawn/Ashburn","2024","0",,"0","Minimal","202437-5-Influenza B"
"202302","2","01/08/2023","01/14/2023","2022-2023","SARS-CoV-2","4","Austin/Montclare","2023","2,263,875","12.35485244358","18.3","Very High","202302-4-SARS-CoV-2"
"202405","5","01/28/2024","02/03/2024","2023-2024","Influenza A","5","Chicago Lawn/Ashburn","2024","16,387.5","10.2145127047","2.8","Low","202405-5-Influenza A"
"202511","11","03/09/2025","03/15/2025","2024-2025","Influenza B","999","All sites","2025","9,032.14285714286","9.955790798","0","Minimal","202511-999-Influenza B"
"202252","52","12/25/2022","12/31/2022","2022-2023","RSV","6","West Pullman/Roseland","2022",,,"0","Minimal","202252-6-RSV"
"202548","48","11/23/2025","11/29/2025","2025-2026","Influenza A","5","Chicago Lawn/Ashburn","2025","11,512.5","10.0611696432","2","Minimal","202548-5-Influenza A"
"202513","13","03/23/2025","03/29/2025","2024-2025","SARS-CoV-2","999","All sites","2025","121,730.357142857","11.08539889619","3.3","Low","202513-999-SARS-CoV-2"
"202541","41","10/05/2025","10/11/2025","2025-2026","SARS-CoV-2","11","125th St PS","2025","9,037.5","9.9560483103","1.7","Minimal","202541-11-SARS-CoV-2"
"202303","3","01/15/2023","01/21/2023","2022-2023","Influenza A","999","All sites","2023","8,737.5","9.94138718875","2.2","Minimal","202303-999-Influenza A"
"202342","42","10/15/2023","10/21/2023","2023-2024","Influenza A","4","Austin/Montclare","2023","2,025","9.30642502755","1","Minimal","202342-4-Influenza A"
"202502","2","01/05/2025","01/11/2025","2024-2025","RSV","10","Racine Ave PS","2025","61,612.5","10.78966883116","8.8","High","202502-10-RSV"
"202449","49","12/01/2024","12/07/2024","2024-2025","RSV","11","125th St PS","2024","15,900","10.20139712432","3.2","Low","202449-11-RSV"
"202247","47","11/20/2022","11/26/2022","2022-2023","Influenza B","999","All sites","2022","0",,"0","Minimal","202247-999-Influenza B"
"202523","23","06/01/2025","06/07/2025","2024-2025","SARS-CoV-2","999","All sites","2025","59,839.2857142857","10.77698640083","2.1","Low","202523-999-SARS-CoV-2"
"202251","51","12/18/2022","12/24/2022","2022-2023","Influenza A","8","Little Village","2022","234,900","11.37088301678","22.4","Very High","202251-8-Influenza A"
"202547","47","11/16/2025","11/22/2025","2025-2026","Influenza A","11","125th St PS","2025","1,875","9.27300127206","1","Minimal","202547-11-Influenza A"
"202349","49","12/03/2023","12/09/2023","2023-2024","Influenza A","11","125th St PS","2023","3,937.5","9.5952205668","1","Minimal","202349-11-Influenza A"
"202522","22","05/25/2025","05/31/2025","2024-2025","RSV","8","Little Village","2025","0",,"0","Minimal","202522-8-RSV"
"202530","30","07/20/2025","07/26/2025","2024-2025","SARS-CoV-2","4","Austin/Montclare","2025","49,650","10.69591925283","1.6","Minimal","202530-4-SARS-CoV-2"
"202320","20","05/14/2023","05/20/2023","2022-2023","Influenza B","4","Austin/Montclare","2023","11,775","10.0709609158","4.1","Low","202320-4-Influenza B"
"202339","39","09/24/2023","09/30/2023","2022-2023","Influenza A","5","Chicago Lawn/Ashburn","2023","1,950","9.29003461136","1","Minimal","202339-5-Influenza A"
"202528","28","07/06/2025","07/12/2025","2024-2025","SARS-CoV-2","9","North Branch PS","2025","49,575","10.69526272288","1.2","Minimal","202528-9-SARS-CoV-2"
"202303","3","01/15/2023","01/21/2023","2022-2023","Influenza B","5","Chicago Lawn/Ashburn","2023","0",,"0","Minimal","202303-5-Influenza B"
"202448","48","11/24/2024","11/30/2024","2024-2025","RSV","9","North Branch PS","2024","9,975","9.99891290436","2","Minimal","202448-9-RSV"
"202429","29","07/14/2024","07/20/2024","2023-2024","SARS-CoV-2","999","All sites","2024","191,089.285714286","11.28123633705","4.3","Moderate","202429-999-SARS-CoV-2"
"202222","22","05/29/2022","06/04/2022","2021-2022","RSV","4","Austin/Montclare","2022",,,"0","Minimal","202222-4-RSV"
"202505","5","01/26/2025","02/01/2025","2024-2025","Influenza A","6","West Pullman/Roseland","2025","25,350","10.40397796367","7.5","Moderate","202505-6-Influenza A"
"202604","4","01/25/2026","01/31/2026","2025-2026","RSV","8","Little Village","2026","59,894.1078285324","10.77738410013","7.1","Moderate","202604-8-RSV"
"202338","38","09/17/2023","09/23/2023","2022-2023","SARS-CoV-2","4","Austin/Montclare","2023","788,325","11.89670529948","8.5","Very High","202338-4-SARS-CoV-2"
"202232","32","08/07/2022","08/13/2022","2021-2022","Influenza A","6","West Pullman/Roseland","2022",,,"0","Minimal","202232-6-Influenza A"
"202535","35","08/24/2025","08/30/2025","2024-2025","Influenza B","10","Racine Ave PS","2025","0",,"0","Minimal","202535-10-Influenza B"
"202510","10","03/02/2025","03/08/2025","2024-2025","Influenza A","8","Little Village","2025","128,325","11.10831127293","14.1","High","202510-8-Influenza A"
"202446","46","11/10/2024","11/16/2024","2024-2025","Influenza A","8","Little Village","2024","1,987.5","9.29830713733","1","Minimal","202446-8-Influenza A"
"202227","27","07/03/2022","07/09/2022","2021-2022","Influenza A","5","Chicago Lawn/Ashburn","2022",,,"0","Minimal","202227-5-Influenza A"
"202428","28","07/07/2024","07/13/2024","2023-2024","Influenza A","10","Racine Ave PS","2024","10,200","10.00860017176","2","Minimal","202428-10-Influenza A"
"202420","20","05/12/2024","05/18/2024","2023-2024","SARS-CoV-2","6","West Pullman/Roseland","2024","28,087.5","10.44851308543","2.3","Low","202420-6-SARS-CoV-2"
"202520","20","05/11/2025","05/17/2025","2024-2025","SARS-CoV-2","8","Little Village","2025","67,575","10.82978605437","2","Minimal","202520-8-SARS-CoV-2"
"202243","43","10/23/2022","10/29/2022","2022-2023","Influenza A","4","Austin/Montclare","2022","15,862.5","10.2003716351","4.5","Low","202243-4-Influenza A"
"202411","11","03/10/2024","03/16/2024","2023-2024","RSV","999","All sites","2024","13,451.7857142857","10.12877994043","0","Minimal","202411-999-RSV"
"202423","23","06/02/2024","06/08/2024","2023-2024","RSV","10","Racine Ave PS","2024","0",,"0","Minimal","202423-10-RSV"
"202520","20","05/11/2025","05/17/2025","2024-2025","Influenza B","9","North Branch PS","2025","0",,"0","Minimal","202520-9-Influenza B"
"202243","43","10/23/2022","10/29/2022","2022-2023","Influenza B","999","All sites","2022","0",,"0","Minimal","202243-999-Influenza B"
"202422","22","05/26/2024","06/01/2024","2023-2024","Influenza A","999","All sites","2024","4,558.92857142857","9.6588627878","0","Minimal","202422-999-Influenza A"
"202450","50","12/08/2024","12/14/2024","2024-2025","RSV","4","Austin/Montclare","2024","119,062.5","11.07577499736","11.8","Very High","202450-4-RSV"
"202443","43","10/20/2024","10/26/2024","2024-2025","SARS-CoV-2","6","West Pullman/Roseland","2024","1,987.5","9.29830713733","0.6","Minimal","202443-6-SARS-CoV-2"
"202533","33","08/10/2025","08/16/2025","2024-2025","SARS-CoV-2","9","North Branch PS","2025","77,775","10.89084001978","1.6","Minimal","202533-9-SARS-CoV-2"
"202517","17","04/20/2025","04/26/2025","2024-2025","Influenza A","8","Little Village","2025","37,500","10.57403126773","5.4","Low","202517-8-Influenza A"
"202404","4","01/21/2024","01/27/2024","2023-2024","RSV","6","West Pullman/Roseland","2024","6,037.5","9.78085714376","1.4","Minimal","202404-6-RSV"
"202440","40","09/29/2024","10/05/2024","2024-2025","RSV","10","Racine Ave PS","2024","0",,"0","Minimal","202440-10-RSV"
"202532","32","08/03/2025","08/09/2025","2024-2025","SARS-CoV-2","11","125th St PS","2025","21,787.5","10.33820740012","1.9","Minimal","202532-11-SARS-CoV-2"
"202405","5","01/28/2024","02/03/2024","2023-2024","Influenza B","5","Chicago Lawn/Ashburn","2024","6,112.5","9.78621887213","1.4","Minimal","202405-5-Influenza B"
"202444","44","10/27/2024","11/02/2024","2024-2025","SARS-CoV-2","10","Racine Ave PS","2024","29,962.5","10.47657804704","1.3","Minimal","202444-10-SARS-CoV-2"
"202409","9","02/25/2024","03/02/2024","2023-2024","Influenza B","11","125th St PS","2024","10,050","10.00216606176","3","Low","202409-11-Influenza B"
"202308","8","02/19/2023","02/25/2023","2022-2023","Influenza B","8","Little Village","2023","5,925","9.77268835468","1.7","Minimal","202308-8-Influenza B"
"202304","4","01/22/2023","01/28/2023","2022-2023","RSV","6","West Pullman/Roseland","2023",,,"0","Minimal","202304-6-RSV"
"202553","53","12/28/2025","01/03/2026","2025-2026","Influenza B","6","West Pullman/Roseland","2025","0",,"0","Minimal","202553-6-Influenza B"
"202443","43","10/20/2024","10/26/2024","2024-2025","RSV","8","Little Village","2024","0",,"0","Minimal","202443-8-RSV"
"202349","49","12/03/2023","12/09/2023","2023-2024","RSV","10","Racine Ave PS","2023","36,225","10.55900839414","5.3","Moderate","202349-10-RSV"
"202539","39","09/21/2025","09/27/2025","2024-2025","RSV","6","West Pullman/Roseland","2025","0",,"0","Minimal","202539-6-RSV"
"202320","20","05/14/2023","05/20/2023","2022-2023","SARS-CoV-2","6","West Pullman/Roseland","2023","165,112.5","11.21777995319","7.2","High","202320-6-SARS-CoV-2"
"202417","17","04/21/2024","04/27/2024","2023-2024","RSV","10","Racine Ave PS","2024","4,012.5","9.60341504541","1.7","Minimal","202417-10-RSV"
"202446","46","11/10/2024","11/16/2024","2024-2025","SARS-CoV-2","11","125th St PS","2024","25,350","10.40397796367","2.1","Low","202446-11-SARS-CoV-2"
"202545","45","11/02/2025","11/08/2025","2025-2026","RSV","4","Austin/Montclare","2025","0",,"0","Minimal","202545-4-RSV"
"202508","8","02/16/2025","02/22/2025","2024-2025","RSV","10","Racine Ave PS","2025","18,187.5","10.25977300633","3.3","Low","202508-10-RSV"
"202521","21","05/18/2025","05/24/2025","2024-2025","Influenza B","9","North Branch PS","2025","0",,"0","Minimal","202521-9-Influenza B"
"202501","1","12/29/2024","01/04/2025","2024-2025","Influenza A","10","Racine Ave PS","2025","133,237.5","11.12462647522","13.9","High","202501-10-Influenza A"
"202431","31","07/28/2024","08/03/2024","2023-2024","RSV","8","Little Village","2024","0",,"0","Minimal","202431-8-RSV"
"202252","52","12/25/2022","12/31/2022","2022-2023","RSV","5","Chicago Lawn/Ashburn","2022",,,"0","Minimal","202252-5-RSV"
"202508","8","02/16/2025","02/22/2025","2024-2025","Influenza A","9","North Branch PS","2025","45,712.5","10.66003497335","6.7","Moderate","202508-9-Influenza A"
"202521","21","05/18/2025","05/24/2025","2024-2025","SARS-CoV-2","8","Little Village","2025","21,937.5","10.34118713381","0.8","Minimal","202521-8-SARS-CoV-2"
"202524","24","06/08/2025","06/14/2025","2024-2025","Influenza A","8","Little Village","2025","2,100","9.32221929473","1","Minimal","202524-8-Influenza A"
"202525","25","06/15/2025","06/21/2025","2024-2025","Influenza A","6","West Pullman/Roseland","2025","0",,"0","Minimal","202525-6-Influenza A"
"202520","20","05/11/2025","05/17/2025","2024-2025","SARS-CoV-2","6","West Pullman/Roseland","2025","35,400","10.54900326203","2.7","Low","202520-6-SARS-CoV-2"
"202218","18","05/01/2022","05/07/2022","2021-2022","RSV","999","All sites","2022",,,"0","Minimal","202218-999-RSV"
"202505","5","01/26/2025","02/01/2025","2024-2025","RSV","11","125th St PS","2025","11,550","10.06258198423","2.5","Minimal","202505-11-RSV"
"202243","43","10/23/2022","10/29/2022","2022-2023","Influenza A","8","Little Village","2022","0",,"0","Minimal","202243-8-Influenza A"
"202542","42","10/12/2025","10/18/2025","2025-2026","Influenza A","11","125th St PS","2025","0",,"0","Minimal","202542-11-Influenza A"
"202330","30","07/23/2023","07/29/2023","2022-2023","Influenza A","4","Austin/Montclare","2023","2,025","9.30642502755","1","Minimal","202330-4-Influenza A"
"202519","19","05/04/2025","05/10/2025","2024-2025","RSV","9","North Branch PS","2025","0",,"0","Minimal","202519-9-RSV"
"202239","39","09/25/2022","10/01/2022","2021-2022","Influenza B","6","West Pullman/Roseland","2022",,,"0","Minimal","202239-6-Influenza B"
"202601","1","01/04/2026","01/10/2026","2025-2026","Influenza A","11","125th St PS","2026","60,677.0558545605","10.78302449998","7.8","Moderate","202601-11-Influenza A"
"202415","15","04/07/2024","04/13/2024","2023-2024","RSV","999","All sites","2024","15,678.5714285714","10.1953064889","3","Low","202415-999-RSV"
"202549","49","11/30/2025","12/06/2025","2025-2026","Influenza A","4","Austin/Montclare","2025","15,000","10.17609125906","2.6","Minimal","202549-4-Influenza A"
"202240","40","10/02/2022","10/08/2022","2022-2023","SARS-CoV-2","6","West Pullman/Roseland","2022","18,000","10.2552725051","1.7","Minimal","202240-6-SARS-CoV-2"
"202306","6","02/05/2023","02/11/2023","2022-2023","SARS-CoV-2","5","Chicago Lawn/Ashburn","2023","3,053,625","12.48481570252","24.9","Very High","202306-5-SARS-CoV-2"
"202503","3","01/12/2025","01/18/2025","2024-2025","SARS-CoV-2","999","All sites","2025","727,928.571428571","11.86208876591","10.1","Very High","202503-999-SARS-CoV-2"
"202540","40","09/28/2025","10/04/2025","2025-2026","SARS-CoV-2","8","Little Village","2025","22,650","10.35506820635","0.9","Minimal","202540-8-SARS-CoV-2"
"202417","17","04/21/2024","04/27/2024","2023-2024","Influenza B","8","Little Village","2024","11,962.5","10.07782195078","4.3","Low","202417-8-Influenza B"
"202351","51","12/17/2023","12/23/2023","2023-2024","Influenza A","5","Chicago Lawn/Ashburn","2023","84,037.5","10.92447312426","8.9","Moderate","202351-5-Influenza A"
"202348","48","11/26/2023","12/02/2023","2023-2024","Influenza B","8","Little Village","2023","0",,"0","Minimal","202348-8-Influenza B"
"202303","3","01/15/2023","01/21/2023","2022-2023","SARS-CoV-2","4","Austin/Montclare","2023","1,140,825","12.05721902973","11.7","Very High","202303-4-SARS-CoV-2"
"202505","5","01/26/2025","02/01/2025","2024-2025","Influenza A","4","Austin/Montclare","2025","328,237.5","11.5161881962","24","Very High","202505-4-Influenza A"
"202442","42","10/13/2024","10/19/2024","2024-2025","RSV","8","Little Village","2024","0",,"0","Minimal","202442-8-RSV"
"202218","18","05/01/2022","05/07/2022","2021-2022","Influenza B","999","All sites","2022",,,"0","Minimal","202218-999-Influenza B"
"202324","24","06/11/2023","06/17/2023","2022-2023","Influenza B","6","West Pullman/Roseland","2023","0",,"0","Minimal","202324-6-Influenza B"
"202541","41","10/05/2025","10/11/2025","2025-2026","Influenza A","9","North Branch PS","2025","0",,"0","Minimal","202541-9-Influenza A"
"202552","52","12/21/2025","12/27/2025","2025-2026","RSV","8","Little Village","2025","3,675","9.56525734342","0.9","Minimal","202552-8-RSV"
"202411","11","03/10/2024","03/16/2024","2023-2024","Influenza B","11","125th St PS","2024","34,350","10.5359267414","12.8","High","202411-11-Influenza B"
"202529","29","07/13/2025","07/19/2025","2024-2025","SARS-CoV-2","6","West Pullman/Roseland","2025","3,975","9.59933713299","0.6","Minimal","202529-6-SARS-CoV-2"
"202528","28","07/06/2025","07/12/2025","2024-2025","Influenza A","10","Racine Ave PS","2025","11,812.5","10.07234182152","2.3","Minimal","202528-10-Influenza A"
"202526","26","06/22/2025","06/28/2025","2024-2025","Influenza A","4","Austin/Montclare","2025","0",,"0","Minimal","202526-4-Influenza A"
"202343","43","10/22/2023","10/28/2023","2023-2024","SARS-CoV-2","4","Austin/Montclare","2023","147,675","11.16930697953","3.3","Low","202343-4-SARS-CoV-2"
"202434","34","08/18/2024","08/24/2024","2023-2024","RSV","11","125th St PS","2024","0",,"0","Minimal","202434-11-RSV"
"202434","34","08/18/2024","08/24/2024","2023-2024","SARS-CoV-2","4","Austin/Montclare","2024","211,687.5","11.32569521399","4.1","Moderate","202434-4-SARS-CoV-2"
"202523","23","06/01/2025","06/07/2025","2024-2025","SARS-CoV-2","8","Little Village","2025","47,137.5","10.67336654541","1.5","Minimal","202523-8-SARS-CoV-2"
"202350","50","12/10/2023","12/16/2023","2023-2024","SARS-CoV-2","11","125th St PS","2023","42,637.5","10.62979173242","3.1","Low","202350-11-SARS-CoV-2"
"202503","3","01/12/2025","01/18/2025","2024-2025","SARS-CoV-2","8","Little Village","2025","2,572,875","12.41041868705","27.2","Very High","202503-8-SARS-CoV-2"
"202426","26","06/23/2024","06/29/2024","2023-2024","Influenza B","9","North Branch PS","2024","0",,"0","Minimal","202426-9-Influenza B"
"202228","28","07/10/2022","07/16/2022","2021-2022","SARS-CoV-2","6","West Pullman/Roseland","2022","661,612.5","11.82060370185","19.3","Very High","202228-6-SARS-CoV-2"
"202337","37","09/10/2023","09/16/2023","2022-2023","Influenza B","10","Racine Ave PS","2023","0",,"0","Minimal","202337-10-Influenza B"
"202451","51","12/15/2024","12/21/2024","2024-2025","SARS-CoV-2","11","125th St PS","2024","79,425","10.8999572235","4.9","Moderate","202451-11-SARS-CoV-2"
"202310","10","03/05/2023","03/11/2023","2022-2023","RSV","6","West Pullman/Roseland","2023","0",,"0","Minimal","202310-6-RSV"
"202244","44","10/30/2022","11/05/2022","2022-2023","SARS-CoV-2","4","Austin/Montclare","2022","503,175","11.70171905527","7.2","High","202244-4-SARS-CoV-2"
"202503","3","01/12/2025","01/18/2025","2024-2025","Influenza B","4","Austin/Montclare","2025","4,537.5","9.65681663804","1.2","Minimal","202503-4-Influenza B"
"202336","36","09/03/2023","09/09/2023","2022-2023","Influenza A","5","Chicago Lawn/Ashburn","2023","0",,"0","Minimal","202336-5-Influenza A"
"202334","34","08/20/2023","08/26/2023","2022-2023","Influenza A","6","West Pullman/Roseland","2023","0",,"0","Minimal","202334-6-Influenza A"
"202231","31","07/31/2022","08/06/2022","2021-2022","Influenza B","4","Austin/Montclare","2022",,,"0","Minimal","202231-4-Influenza B"
"202549","49","11/30/2025","12/06/2025","2025-2026","SARS-CoV-2","6","West Pullman/Roseland","2025","49,275","10.69262663295","3.4","Low","202549-6-SARS-CoV-2"
"202242","42","10/16/2022","10/22/2022","2022-2023","Influenza A","999","All sites","2022","993.75","8.99727714166","0","Minimal","202242-999-Influenza A"
"202543","43","10/19/2025","10/25/2025","2025-2026","Influenza A","6","West Pullman/Roseland","2025","0",,"0","Minimal","202543-6-Influenza A"
"202212","12","03/20/2022","03/26/2022","2021-2022","RSV","4","Austin/Montclare","2022",,,"0","Minimal","202212-4-RSV"
"202232","32","08/07/2022","08/13/2022","2021-2022","SARS-CoV-2","4","Austin/Montclare","2022","296,325","11.47176829307","4.7","Moderate","202232-4-SARS-CoV-2"
"202402","2","01/07/2024","01/13/2024","2023-2024","SARS-CoV-2","9","North Branch PS","2024","357,712.5","11.55353411652","4.8","Moderate","202402-9-SARS-CoV-2"
"202450","50","12/08/2024","12/14/2024","2024-2025","Influenza A","5","Chicago Lawn/Ashburn","2024","1,950","9.29003461136","1","Minimal","202450-5-Influenza A"
"202328","28","07/09/2023","07/15/2023","2022-2023","SARS-CoV-2","10","Racine Ave PS","2023","11,625","10.06539296156","0.7","Minimal","202328-10-SARS-CoV-2"
"202511","11","03/09/2025","03/15/2025","2024-2025","Influenza B","6","West Pullman/Roseland","2025","0",,"0","Minimal","202511-6-Influenza B"
"202243","43","10/23/2022","10/29/2022","2022-2023","Influenza A","6","West Pullman/Roseland","2022","0",,"0","Minimal","202243-6-Influenza A"
"202407","7","02/11/2024","02/17/2024","2023-2024","RSV","5","Chicago Lawn/Ashburn","2024","79,800","10.90200289135","9.2","High","202407-5-RSV"
"202516","16","04/13/2025","04/19/2025","2024-2025","Influenza B","8","Little Village","2025","7,912.5","9.89831372303","2.5","Minimal","202516-8-Influenza B"
"202341","41","10/08/2023","10/14/2023","2023-2024","SARS-CoV-2","10","Racine Ave PS","2023","58,875","10.76993092014","2","Minimal","202341-10-SARS-CoV-2"
"202435","35","08/25/2024","08/31/2024","2023-2024","SARS-CoV-2","5","Chicago Lawn/Ashburn","2024","57,112.5","10.75673117106","2.1","Low","202435-5-SARS-CoV-2"
"202221","21","05/22/2022","05/28/2022","2021-2022","Influenza B","5","Chicago Lawn/Ashburn","2022",,,"0","Minimal","202221-5-Influenza B"
"202603","3","01/18/2026","01/24/2026","2025-2026","SARS-CoV-2","999","All sites","2026","327,213.986428571","11.51483185887","6.5","High","202603-999-SARS-CoV-2"
"202339","39","09/24/2023","09/30/2023","2022-2023","Influenza B","999","All sites","2023","283.92857142857","8.45320909731","0","Minimal","202339-999-Influenza B"
"202440","40","09/29/2024","10/05/2024","2024-2025","RSV","4","Austin/Montclare","2024","1,950","9.29003461136","1","Minimal","202440-4-RSV"
"202438","38","09/15/2024","09/21/2024","2023-2024","Influenza A","9","North Branch PS","2024","0",,"0","Minimal","202438-9-Influenza A"
"202414","14","03/31/2024","04/06/2024","2023-2024","Influenza A","11","125th St PS","2024","1,987.5","9.29830713733","1","Minimal","202414-11-Influenza A"
"202328","28","07/09/2023","07/15/2023","2022-2023","Influenza B","6","West Pullman/Roseland","2023","0",,"0","Minimal","202328-6-Influenza B"
"202408","8","02/18/2024","02/24/2024","2023-2024","SARS-CoV-2","10","Racine Ave PS","2024","3,578,025","12.5536433707","29.5","Very High","202408-10-SARS-CoV-2"
"202549","49","11/30/2025","12/06/2025","2025-2026","Influenza B","999","All sites","2025","2,848.21428571429","9.45457266039","0","Minimal","202549-999-Influenza B"
"202410","10","03/03/2024","03/09/2024","2023-2024","Influenza B","5","Chicago Lawn/Ashburn","2024","35,287.5","10.54762089116","6.4","Moderate","202410-5-Influenza B"
"202504","4","01/19/2025","01/25/2025","2024-2025","SARS-CoV-2","6","West Pullman/Roseland","2025","8,775","9.94324712514","1.1","Minimal","202504-6-SARS-CoV-2"
"202308","8","02/19/2023","02/25/2023","2022-2023","Influenza A","999","All sites","2023","1,996.875","9.30035087984","0","Minimal","202308-999-Influenza A"
"202551","51","12/14/2025","12/20/2025","2025-2026","SARS-CoV-2","5","Chicago Lawn/Ashburn","2025","137,016.893333333","11.13677411627","3.7","Moderate","202551-5-SARS-CoV-2"
"202510","10","03/02/2025","03/08/2025","2024-2025","Influenza A","999","All sites","2025","105,112.5","11.02165436549","13","High","202510-999-Influenza A"
"202553","53","12/28/2025","01/03/2026","2025-2026","SARS-CoV-2","8","Little Village","2025","317,130.06","11.50123740971","6.2","High","202553-8-SARS-CoV-2"
"202538","38","09/14/2025","09/20/2025","2024-2025","RSV","5","Chicago Lawn/Ashburn","2025","0",,"0","Minimal","202538-5-RSV"
"202333","33","08/13/2023","08/19/2023","2022-2023","Influenza B","6","West Pullman/Roseland","2023","0",,"0","Minimal","202333-6-Influenza B"
"202349","49","12/03/2023","12/09/2023","2023-2024","Influenza A","4","Austin/Montclare","2023","29,775","10.47385177015","4.2","Low","202349-4-Influenza A"
"202334","34","08/20/2023","08/26/2023","2022-2023","Influenza B","8","Little Village","2023","0",,"0","Minimal","202334-8-Influenza B"
"202441","41","10/06/2024","10/12/2024","2024-2025","Influenza A","4","Austin/Montclare","2024","2,100","9.32221929473","1","Minimal","202441-4-Influenza A"
"202516","16","04/13/2025","04/19/2025","2024-2025","SARS-CoV-2","6","West Pullman/Roseland","2025","164,775","11.21689132031","7.6","High","202516-6-SARS-CoV-2"
"202418","18","04/28/2024","05/04/2024","2023-2024","RSV","4","Austin/Montclare","2024","0",,"0","Minimal","202418-4-RSV"
"202553","53","12/28/2025","01/03/2026","2025-2026","RSV","11","125th St PS","2025","0",,"0","Minimal","202553-11-RSV"
"202233","33","08/14/2022","08/20/2022","2021-2022","Influenza A","4","Austin/Montclare","2022",,,"0","Minimal","202233-4-Influenza A"
"202438","38","09/15/2024","09/21/2024","2023-2024","Influenza B","5","Chicago Lawn/Ashburn","2024","0",,"0","Minimal","202438-5-Influenza B"
"202508","8","02/16/2025","02/22/2025","2024-2025","SARS-CoV-2","9","North Branch PS","2025","892,875","11.95079066313","11","Very High","202508-9-SARS-CoV-2"
"202324","24","06/11/2023","06/17/2023","2022-2023","RSV","5","Chicago Lawn/Ashburn","2023","1,950","9.29003461136","1","Minimal","202324-5-RSV"
"202422","22","05/26/2024","06/01/2024","2023-2024","Influenza B","999","All sites","2024","1,987.5","9.29830713733","0","Minimal","202422-999-Influenza B"
"202451","51","12/15/2024","12/21/2024","2024-2025","Influenza B","6","West Pullman/Roseland","2024","0",,"0","Minimal","202451-6-Influenza B"
"202601","1","01/04/2026","01/10/2026","2025-2026","SARS-CoV-2","6","West Pullman/Roseland","2026","400,501.12","11.60260373493","13.7","Very High","202601-6-SARS-CoV-2"
"202447","47","11/17/2024","11/23/2024","2024-2025","SARS-CoV-2","6","West Pullman/Roseland","2024","1,987.5","9.29830713733","0.6","Minimal","202447-6-SARS-CoV-2"
"202527","27","06/29/2025","07/05/2025","2024-2025","SARS-CoV-2","11","125th St PS","2025","1,950","9.29003461136","0.6","Minimal","202527-11-SARS-CoV-2"
"202318","18","04/30/2023","05/06/2023","2022-2023","RSV","6","West Pullman/Roseland","2023","0",,"0","Minimal","202318-6-RSV"
"202348","48","11/26/2023","12/02/2023","2023-2024","SARS-CoV-2","9","North Branch PS","2023","1,917,825","12.28280897562","18.5","Very High","202348-9-SARS-CoV-2"
"202317","17","04/23/2023","04/29/2023","2022-2023","RSV","5","Chicago Lawn/Ashburn","2023","0",,"0","Minimal","202317-5-RSV"
"202523","23","06/01/2025","06/07/2025","2024-2025","Influenza B","9","North Branch PS","2025","2,700","9.43136376416","1.3","Minimal","202523-9-Influenza B"
"202311","11","03/12/2023","03/18/2023","2022-2023","SARS-CoV-2","5","Chicago Lawn/Ashburn","2023","377,325","11.57671558072","7.1","High","202311-5-SARS-CoV-2"
"202450","50","12/08/2024","12/14/2024","2024-2025","Influenza B","10","Racine Ave PS","2024","0",,"0","Minimal","202450-10-Influenza B"
"202411","11","03/10/2024","03/16/2024","2023-2024","Influenza A","4","Austin/Montclare","2024","40,275","10.60503554909","5.1","Low","202411-4-Influenza A"
"202306","6","02/05/2023","02/11/2023","2022-2023","Influenza A","5","Chicago Lawn/Ashburn","2023","2,025","9.30642502755","1","Minimal","202306-5-Influenza A"
"202434","34","08/18/2024","08/24/2024","2023-2024","Influenza A","9","North Branch PS","2024","0",,"0","Minimal","202434-9-Influenza A"
"202325","25","06/18/2023","06/24/2023","2022-2023","Influenza B","11","125th St PS","2023","1,950","9.29003461136","1","Minimal","202325-11-Influenza B"
"202338","38","09/17/2023","09/23/2023","2022-2023","Influenza A","5","Chicago Lawn/Ashburn","2023","0",,"0","Minimal","202338-5-Influenza A"
"202322","22","05/28/2023","06/03/2023","2022-2023","RSV","6","West Pullman/Roseland","2023","0",,"0","Minimal","202322-6-RSV"
"202537","37","09/07/2025","09/13/2025","2024-2025","RSV","9","North Branch PS","2025","0",,"0","Minimal","202537-9-RSV"
"202506","6","02/02/2025","02/08/2025","2024-2025","SARS-CoV-2","6","West Pullman/Roseland","2025","11,925","10.07645838771","1.3","Minimal","202506-6-SARS-CoV-2"
"202312","12","03/19/2023","03/25/2023","2022-2023","SARS-CoV-2","999","All sites","2023","695,193.75","11.84210585902","11.1","Very High","202312-999-SARS-CoV-2"
"202410","10","03/03/2024","03/09/2024","2023-2024","SARS-CoV-2","11","125th St PS","2024","360,000","11.55630250077","14","Very High","202410-11-SARS-CoV-2"
"202337","37","09/10/2023","09/16/2023","2022-2023","SARS-CoV-2","4","Austin/Montclare","2023","210,225","11.32268436115","4.1","Moderate","202337-4-SARS-CoV-2"
"202316","16","04/16/2023","04/22/2023","2022-2023","RSV","8","Little Village","2023","3,937.5","9.5952205668","1.7","Minimal","202316-8-RSV"
"202319","19","05/07/2023","05/13/2023","2022-2023","Influenza B","8","Little Village","2023","0",,"0","Minimal","202319-8-Influenza B"
"202530","30","07/20/2025","07/26/2025","2024-2025","SARS-CoV-2","9","North Branch PS","2025","374,887.5","11.57390095984","5.3","Moderate","202530-9-SARS-CoV-2"
"202541","41","10/05/2025","10/11/2025","2025-2026","Influenza A","8","Little Village","2025","0",,"0","Minimal","202541-8-Influenza A"
"202519","19","05/04/2025","05/10/2025","2024-2025","SARS-CoV-2","999","All sites","2025","107,732.142857143","11.03234529831","3.1","Low","202519-999-SARS-CoV-2"
"202439","39","09/22/2024","09/28/2024","2023-2024","Influenza A","999","All sites","2024","2,041.07142857143","9.30985820339","0","Minimal","202439-999-Influenza A"
"202518","18","04/27/2025","05/03/2025","2024-2025","RSV","6","West Pullman/Roseland","2025","0",,"0","Minimal","202518-6-RSV"
"202418","18","04/28/2024","05/04/2024","2023-2024","Influenza A","9","North Branch PS","2024","4,087.5","9.61145776567","1","Minimal","202418-9-Influenza A"
"202551","51","12/14/2025","12/20/2025","2025-2026","SARS-CoV-2","9","North Branch PS","2025","202,403.445","11.30621790012","3.5","Moderate","202551-9-SARS-CoV-2"
"202230","30","07/24/2022","07/30/2022","2021-2022","Influenza A","4","Austin/Montclare","2022",,,"0","Minimal","202230-4-Influenza A"
"202445","45","11/03/2024","11/09/2024","2024-2025","Influenza B","8","Little Village","2024","0",,"0","Minimal","202445-8-Influenza B"
"202406","6","02/04/2024","02/10/2024","2023-2024","RSV","4","Austin/Montclare","2024","83,100","10.91960102378","8.9","High","202406-4-RSV"
"202333","33","08/13/2023","08/19/2023","2022-2023","RSV","4","Austin/Montclare","2023","2,025","9.30642502755","1","Minimal","202333-4-RSV"
"202250","50","12/11/2022","12/17/2022","2022-2023","RSV","5","Chicago Lawn/Ashburn","2022",,,"0","Minimal","202250-5-RSV"
"202531","31","07/27/2025","08/02/2025","2024-2025","Influenza A","8","Little Village","2025","0",,"0","Minimal","202531-8-Influenza A"
"202434","34","08/18/2024","08/24/2024","2023-2024","Influenza B","8","Little Village","2024","0",,"0","Minimal","202434-8-Influenza B"
"202537","37","09/07/2025","09/13/2025","2024-2025","Influenza B","5","Chicago Lawn/Ashburn","2025","1,950","9.29003461136","1","Minimal","202537-5-Influenza B"
"202324","24","06/11/2023","06/17/2023","2022-2023","Influenza A","8","Little Village","2023","2,025","9.30642502755","1","Minimal","202324-8-Influenza A"
"202443","43","10/20/2024","10/26/2024","2024-2025","SARS-CoV-2","8","Little Village","2024","9,900","9.9956351946","0.5","Minimal","202443-8-SARS-CoV-2"
"202326","26","06/25/2023","07/01/2023","2022-2023","SARS-CoV-2","8","Little Village","2023","13,950","10.14457420761","0.6","Minimal","202326-8-SARS-CoV-2"
"202244","44","10/30/2022","11/05/2022","2022-2023","SARS-CoV-2","5","Chicago Lawn/Ashburn","2022","130,575","11.11586003451","3.6","Moderate","202244-5-SARS-CoV-2"
"202534","34","08/17/2025","08/23/2025","2024-2025","SARS-CoV-2","11","125th St PS","2025","0",,"0","Minimal","202534-11-SARS-CoV-2"
"202208","8","02/20/2022","02/26/2022","2021-2022","RSV","6","West Pullman/Roseland","2022",,,"0","Minimal","202208-6-RSV"
"202325","25","06/18/2023","06/24/2023","2022-2023","RSV","4","Austin/Montclare","2023","4,050","9.60745502321","1.7","Minimal","202325-4-RSV"
"202341","41","10/08/2023","10/14/2023","2023-2024","RSV","11","125th St PS","2023","0",,"0","Minimal","202341-11-RSV"
"202431","31","07/28/2024","08/03/2024","2023-2024","SARS-CoV-2","10","Racine Ave PS","2024","160,687.5","11.20598209399","4","Moderate","202431-10-SARS-CoV-2"
"202520","20","05/11/2025","05/17/2025","2024-2025","Influenza B","4","Austin/Montclare","2025","0",,"0","Minimal","202520-4-Influenza B"
"202436","36","09/01/2024","09/07/2024","2023-2024","RSV","8","Little Village","2024","0",,"0","Minimal","202436-8-RSV"
"202222","22","05/29/2022","06/04/2022","2021-2022","SARS-CoV-2","4","Austin/Montclare","2022","71,925","10.85687987056","2.1","Low","202222-4-SARS-CoV-2"
"202539","39","09/21/2025","09/27/2025","2024-2025","Influenza A","10","Racine Ave PS","2025","3,750","9.57403126773","1.6","Minimal","202539-10-Influenza A"
"202533","33","08/10/2025","08/16/2025","2024-2025","Influenza B","6","West Pullman/Roseland","2025","0",,"0","Minimal","202533-6-Influenza B"
"202423","23","06/02/2024","06/08/2024","2023-2024","Influenza A","10","Racine Ave PS","2024","2,025","9.30642502755","1","Minimal","202423-10-Influenza A"
"202226","26","06/26/2022","07/02/2022","2021-2022","Influenza B","4","Austin/Montclare","2022",,,"0","Minimal","202226-4-Influenza B"
"202402","2","01/07/2024","01/13/2024","2023-2024","SARS-CoV-2","8","Little Village","2024","608,625","11.78434978755","9.3","Very High","202402-8-SARS-CoV-2"
"202317","17","04/23/2023","04/29/2023","2022-2023","RSV","6","West Pullman/Roseland","2023","0",,"0","Minimal","202317-6-RSV"
"202411","11","03/10/2024","03/16/2024","2023-2024","Influenza B","4","Austin/Montclare","2024","33,937.5","10.53067984693","14.2","High","202411-4-Influenza B"
"202412","12","03/17/2024","03/23/2024","2023-2024","Influenza A","6","West Pullman/Roseland","2024","0",,"0","Minimal","202412-6-Influenza A"
"202319","19","05/07/2023","05/13/2023","2022-2023","Influenza A","999","All sites","2023","9,289.28571428571","9.96798232085","0","Minimal","202319-999-Influenza A"
"202320","20","05/14/2023","05/20/2023","2022-2023","SARS-CoV-2","8","Little Village","2023","119,137.5","11.07604848255","3","Low","202320-8-SARS-CoV-2"
"202545","45","11/02/2025","11/08/2025","2025-2026","RSV","8","Little Village","2025","0",,"0","Minimal","202545-8-RSV"
"202401","1","12/31/2023","01/06/2024","2023-2024","SARS-CoV-2","5","Chicago Lawn/Ashburn","2024","1,519,462.5","12.18168998626","16.6","Very High","202401-5-SARS-CoV-2"
"202550","50","12/07/2025","12/13/2025","2025-2026","RSV","999","All sites","2025","3,492.85714285714","9.54318082345","0","Minimal","202550-999-RSV"
"202346","46","11/12/2023","11/18/2023","2023-2024","SARS-CoV-2","999","All sites","2023","583,537.5","11.76606877044","9.9","Very High","202346-999-SARS-CoV-2"
"202403","3","01/14/2024","01/20/2024","2023-2024","Influenza B","10","Racine Ave PS","2024","0",,"0","Minimal","202403-10-Influenza B"
"202338","38","09/17/2023","09/23/2023","2022-2023","Influenza A","9","North Branch PS","2023","0",,"0","Minimal","202338-9-Influenza A"
"202233","33","08/14/2022","08/20/2022","2021-2022","Influenza A","6","West Pullman/Roseland","2022",,,"0","Minimal","202233-6-Influenza A"
"202349","49","12/03/2023","12/09/2023","2023-2024","Influenza A","999","All sites","2023","35,469.6428571429","10.54985681559","6.7","Moderate","202349-999-Influenza A"
"202534","34","08/17/2025","08/23/2025","2024-2025","SARS-CoV-2","8","Little Village","2025","25,762.5","10.41098800479","1","Minimal","202534-8-SARS-CoV-2"
"202239","39","09/25/2022","10/01/2022","2021-2022","Influenza B","4","Austin/Montclare","2022",,,"0","Minimal","202239-4-Influenza B"
"202526","26","06/22/2025","06/28/2025","2024-2025","RSV","8","Little Village","2025","0",,"0","Minimal","202526-8-RSV"
"202548","48","11/23/2025","11/29/2025","2025-2026","RSV","8","Little Village","2025","0",,"0","Minimal","202548-8-RSV"
"202240","40","10/02/2022","10/08/2022","2022-2023","RSV","6","West Pullman/Roseland","2022",,,"0","Minimal","202240-6-RSV"
"202336","36","09/03/2023","09/09/2023","2022-2023","RSV","9","North Branch PS","2023","6,075","9.78354628227","1.4","Minimal","202336-9-RSV"
"202516","16","04/13/2025","04/19/2025","2024-2025","Influenza A","8","Little Village","2025","625,875","11.79648760441","42.1","Very High","202516-8-Influenza A"
"202433","33","08/11/2024","08/17/2024","2023-2024","SARS-CoV-2","5","Chicago Lawn/Ashburn","2024","502,050","11.70074697141","7","High","202433-5-SARS-CoV-2"
"202525","25","06/15/2025","06/21/2025","2024-2025","Influenza A","4","Austin/Montclare","2025","0",,"0","Minimal","202525-4-Influenza A"
"202421","21","05/19/2024","05/25/2024","2023-2024","RSV","9","North Branch PS","2024","0",,"0","Minimal","202421-9-RSV"
"202420","20","05/12/2024","05/18/2024","2023-2024","RSV","5","Chicago Lawn/Ashburn","2024","0",,"0","Minimal","202420-5-RSV"
"202536","36","08/31/2025","09/06/2025","2024-2025","SARS-CoV-2","5","Chicago Lawn/Ashburn","2025","127,687.5","11.10614838398","3.1","Low","202536-5-SARS-CoV-2"
"202536","36","08/31/2025","09/06/2025","2024-2025","RSV","10","Racine Ave PS","2025","0",,"0","Minimal","202536-10-RSV"
"202408","8","02/18/2024","02/24/2024","2023-2024","RSV","5","Chicago Lawn/Ashburn","2024","52,162.5","10.71735839772","6.7","Moderate","202408-5-RSV"
"202311","11","03/12/2023","03/18/2023","2022-2023","Influenza B","4","Austin/Montclare","2023","0",,"0","Minimal","202311-4-Influenza B"
"202218","18","05/01/2022","05/07/2022","2021-2022","SARS-CoV-2","4","Austin/Montclare","2022","30,225","10.48036630953","1.1","Minimal","202218-4-SARS-CoV-2"
"202526","26","06/22/2025","06/28/2025","2024-2025","SARS-CoV-2","999","All sites","2025","40,564.2857142857","10.60814383301","1.3","Minimal","202526-999-SARS-CoV-2"
"202422","22","05/26/2024","06/01/2024","2023-2024","RSV","9","North Branch PS","2024","0",,"0","Minimal","202422-9-RSV"
"202430","30","07/21/2024","07/27/2024","2023-2024","Influenza A","4","Austin/Montclare","2024","4,050","9.60745502321","1.7","Minimal","202430-4-Influenza A"
"202416","16","04/14/2024","04/20/2024","2023-2024","Influenza A","8","Little Village","2024","5,925","9.77268835468","2.3","Minimal","202416-8-Influenza A"
"202503","3","01/12/2025","01/18/2025","2024-2025","Influenza B","999","All sites","2025","1,500","9.17609125906","0","Minimal","202503-999-Influenza B"
"202344","44","10/29/2023","11/04/2023","2023-2024","RSV","8","Little Village","2023","214,725","11.33188261141","17.8","Very High","202344-8-RSV"
"202528","28","07/06/2025","07/12/2025","2024-2025","Influenza B","4","Austin/Montclare","2025","0",,"0","Minimal","202528-4-Influenza B"
"202515","15","04/06/2025","04/12/2025","2024-2025","SARS-CoV-2","9","North Branch PS","2025","493,012.5","11.69285793066","6.4","High","202515-9-SARS-CoV-2"
"202550","50","12/07/2025","12/13/2025","2025-2026","RSV","5","Chicago Lawn/Ashburn","2025","0",,"0","Minimal","202550-5-RSV"
"202525","25","06/15/2025","06/21/2025","2024-2025","RSV","8","Little Village","2025","1,987.5","9.29830713733","1","Minimal","202525-8-RSV"
"202320","20","05/14/2023","05/20/2023","2022-2023","RSV","8","Little Village","2023","0",,"0","Minimal","202320-8-RSV"
"202346","46","11/12/2023","11/18/2023","2023-2024","SARS-CoV-2","11","125th St PS","2023","203,150","11.30781682666","12.3","Very High","202346-11-SARS-CoV-2"
"202321","21","05/21/2023","05/27/2023","2022-2023","SARS-CoV-2","11","125th St PS","2023","203,137.5","11.30779010331","9.4","Very High","202321-11-SARS-CoV-2"
"202527","27","06/29/2025","07/05/2025","2024-2025","RSV","8","Little Village","2025","0",,"0","Minimal","202527-8-RSV"
"202534","34","08/17/2025","08/23/2025","2024-2025","RSV","11","125th St PS","2025","0",,"0","Minimal","202534-11-RSV"
"202249","49","12/04/2022","12/10/2022","2022-2023","Influenza A","999","All sites","2022","192,721.875","11.28493101228","17.8","Very High","202249-999-Influenza A"
"202434","34","08/18/2024","08/24/2024","2023-2024","RSV","5","Chicago Lawn/Ashburn","2024","0",,"0","Minimal","202434-5-RSV"
"202331","31","07/30/2023","08/05/2023","2022-2023","Influenza B","9","North Branch PS","2023","0",,"0","Minimal","202331-9-Influenza B"
"202425","25","06/16/2024","06/22/2024","2023-2024","RSV","5","Chicago Lawn/Ashburn","2024","0",,"0","Minimal","202425-5-RSV"
"202252","52","12/25/2022","12/31/2022","2022-2023","Influenza B","999","All sites","2022","1,012.5","9.00539503189","0","Minimal","202252-999-Influenza B"
"202249","49","12/04/2022","12/10/2022","2022-2023","SARS-CoV-2","4","Austin/Montclare","2022","1,350,112.5","12.13036995819","13.3","Very High","202249-4-SARS-CoV-2"
"202225","25","06/19/2022","06/25/2022","2021-2022","Influenza B","5","Chicago Lawn/Ashburn","2022",,,"0","Minimal","202225-5-Influenza B"
"202428","28","07/07/2024","07/13/2024","2023-2024","RSV","9","North Branch PS","2024","0",,"0","Minimal","202428-9-RSV"
"202327","27","07/02/2023","07/08/2023","2022-2023","RSV","10","Racine Ave PS","2023","0",,"0","Minimal","202327-10-RSV"
"202349","49","12/03/2023","12/09/2023","2023-2024","Influenza B","6","West Pullman/Roseland","2023","2,025","9.30642502755","1","Minimal","202349-6-Influenza B"
"202245","45","11/06/2022","11/12/2022","2022-2023","SARS-CoV-2","6","West Pullman/Roseland","2022","65,400","10.81557774832","4","Moderate","202245-6-SARS-CoV-2"
"202401","1","12/31/2023","01/06/2024","2023-2024","Influenza B","8","Little Village","2024","7,800","9.89209460269","6","Low","202401-8-Influenza B"
"202215","15","04/10/2022","04/16/2022","2021-2022","RSV","4","Austin/Montclare","2022",,,"0","Minimal","202215-4-RSV"
"202335","35","08/27/2023","09/02/2023","2022-2023","SARS-CoV-2","999","All sites","2023","170,737.071428571","11.2323278279","3.9","Moderate","202335-999-SARS-CoV-2"
"202405","5","01/28/2024","02/03/2024","2023-2024","SARS-CoV-2","999","All sites","2024","391,371.428571429","11.59258911752","7.8","High","202405-999-SARS-CoV-2"
"202501","1","12/29/2024","01/04/2025","2024-2025","Influenza A","4","Austin/Montclare","2025","75,937.5","10.88045629528","8.3","Moderate","202501-4-Influenza A"
"202536","36","08/31/2025","09/06/2025","2024-2025","Influenza B","10","Racine Ave PS","2025","0",,"0","Minimal","202536-10-Influenza B"
"202426","26","06/23/2024","06/29/2024","2023-2024","Influenza B","999","All sites","2024","0",,"0","Minimal","202426-999-Influenza B"
"202521","21","05/18/2025","05/24/2025","2024-2025","Influenza B","11","125th St PS","2025","0",,"0","Minimal","202521-11-Influenza B"
"202308","8","02/19/2023","02/25/2023","2022-2023","RSV","999","All sites","2023",,,"0","Minimal","202308-999-RSV"
"202448","48","11/24/2024","11/30/2024","2024-2025","Influenza B","9","North Branch PS","2024","0",,"0","Minimal","202448-9-Influenza B"
"202301","1","01/01/2023","01/07/2023","2022-2023","SARS-CoV-2","999","All sites","2023","1,128,862.5","12.05264104633","14","Very High","202301-999-SARS-CoV-2"
"202514","14","03/30/2025","04/05/2025","2024-2025","Influenza B","10","Racine Ave PS","2025","1,987.5","9.29830713733","1","Minimal","202514-10-Influenza B"
"202508","8","02/16/2025","02/22/2025","2024-2025","SARS-CoV-2","10","Racine Ave PS","2025","514,912.5","11.71173343487","8.8","Very High","202508-10-SARS-CoV-2"
"202406","6","02/04/2024","02/10/2024","2023-2024","Influenza B","11","125th St PS","2024","26,137.5","10.41726404583","10","Moderate","202406-11-Influenza B"
"202352","52","12/24/2023","12/30/2023","2023-2024","RSV","4","Austin/Montclare","2023","234,375","11.36991128507","19.3","Very High","202352-4-RSV"
"202503","3","01/12/2025","01/18/2025","2024-2025","RSV","11","125th St PS","2025","169,950","11.23032116892","23","Very High","202503-11-RSV"
"202522","22","05/25/2025","05/31/2025","2024-2025","RSV","5","Chicago Lawn/Ashburn","2025","0",,"0","Minimal","202522-5-RSV"
"202534","34","08/17/2025","08/23/2025","2024-2025","SARS-CoV-2","999","All sites","2025","20,094.6428571429","10.30308029186","0","Minimal","202534-999-SARS-CoV-2"
"202313","13","03/26/2023","04/01/2023","2022-2023","Influenza B","999","All sites","2023","2,475","9.39357520327","0","Minimal","202313-999-Influenza B"
"202306","6","02/05/2023","02/11/2023","2022-2023","Influenza B","999","All sites","2023","1,996.875","9.30035087984","0","Minimal","202306-999-Influenza B"
"202433","33","08/11/2024","08/17/2024","2023-2024","RSV","5","Chicago Lawn/Ashburn","2024","0",,"0","Minimal","202433-5-RSV"
"202323","23","06/04/2023","06/10/2023","2022-2023","Influenza B","11","125th St PS","2023","2,025","9.30642502755","1","Minimal","202323-11-Influenza B"
"202512","12","03/16/2025","03/22/2025","2024-2025","Influenza A","10","Racine Ave PS","2025","59,512.5","10.77460819448","7.5","Moderate","202512-10-Influenza A"
"202530","30","07/20/2025","07/26/2025","2024-2025","Influenza A","8","Little Village","2025","0",,"0","Minimal","202530-8-Influenza A"
"202246","46","11/13/2022","11/19/2022","2022-2023","RSV","6","West Pullman/Roseland","2022",,,"0","Minimal","202246-6-RSV"
"202407","7","02/11/2024","02/17/2024","2023-2024","SARS-CoV-2","4","Austin/Montclare","2024","2,555,625","12.4074971279","20.3","Very High","202407-4-SARS-CoV-2"
"202511","11","03/09/2025","03/15/2025","2024-2025","SARS-CoV-2","10","Racine Ave PS","2025","693,975","11.84134382556","10.9","Very High","202511-10-SARS-CoV-2"
"202325","25","06/18/2023","06/24/2023","2022-2023","RSV","6","West Pullman/Roseland","2023","1,950","9.29003461136","1","Minimal","202325-6-RSV"
"202517","17","04/20/2025","04/26/2025","2024-2025","RSV","999","All sites","2025","2,887.5","9.4605219929","0","Minimal","202517-999-RSV"
"202327","27","07/02/2023","07/08/2023","2022-2023","SARS-CoV-2","8","Little Village","2023","0",,"0","Minimal","202327-8-SARS-CoV-2"
"202328","28","07/09/2023","07/15/2023","2022-2023","SARS-CoV-2","5","Chicago Lawn/Ashburn","2023","84,637.5","10.92756282681","2.7","Low","202328-5-SARS-CoV-2"
"202528","28","07/06/2025","07/12/2025","2024-2025","SARS-CoV-2","6","West Pullman/Roseland","2025","24,075","10.3815662958","1.9","Minimal","202528-6-SARS-CoV-2"
"202329","29","07/16/2023","07/22/2023","2022-2023","Influenza B","9","North Branch PS","2023","0",,"0","Minimal","202329-9-Influenza B"
"202339","39","09/24/2023","09/30/2023","2022-2023","Influenza B","9","North Branch PS","2023","0",,"0","Minimal","202339-9-Influenza B"
"202229","29","07/17/2022","07/23/2022","2021-2022","Influenza B","999","All sites","2022",,,"0","Minimal","202229-999-Influenza B"
"202449","49","12/01/2024","12/07/2024","2024-2025","RSV","4","Austin/Montclare","2024","15,637.5","10.1941673227","2.7","Low","202449-4-RSV"
"202542","42","10/12/2025","10/18/2025","2025-2026","Influenza A","6","West Pullman/Roseland","2025","0",,"0","Minimal","202542-6-Influenza A"
"202528","28","07/06/2025","07/12/2025","2024-2025","SARS-CoV-2","5","Chicago Lawn/Ashburn","2025","24,000","10.38021124171","1.1","Minimal","202528-5-SARS-CoV-2"
"202331","31","07/30/2023","08/05/2023","2022-2023","Influenza A","999","All sites","2023","1,167.85714285714","9.06738972132","0","Minimal","202331-999-Influenza A"
"202218","18","05/01/2022","05/07/2022","2021-2022","Influenza A","4","Austin/Montclare","2022",,,"0","Minimal","202218-4-Influenza A"
"202552","52","12/21/2025","12/27/2025","2025-2026","Influenza A","10","Racine Ave PS","2025","246,600","11.39199307226","22.6","Very High","202552-10-Influenza A"
"202431","31","07/28/2024","08/03/2024","2023-2024","RSV","6","West Pullman/Roseland","2024","0",,"0","Minimal","202431-6-RSV"
"202552","52","12/21/2025","12/27/2025","2025-2026","RSV","11","125th St PS","2025","8,100","9.90848501888","1.8","Minimal","202552-11-RSV"
"202420","20","05/12/2024","05/18/2024","2023-2024","Influenza A","4","Austin/Montclare","2024","0",,"0","Minimal","202420-4-Influenza A"
"202420","20","05/12/2024","05/18/2024","2023-2024","Influenza A","8","Little Village","2024","1,950","9.29003461136","1","Minimal","202420-8-Influenza A"
"202213","13","03/27/2022","04/02/2022","2021-2022","RSV","999","All sites","2022",,,"0","Minimal","202213-999-RSV"
"202436","36","09/01/2024","09/07/2024","2023-2024","Influenza B","4","Austin/Montclare","2024","0",,"0","Minimal","202436-4-Influenza B"
"202445","45","11/03/2024","11/09/2024","2024-2025","SARS-CoV-2","999","All sites","2024","62,110.7142857143","10.79316652375","2.2","Low","202445-999-SARS-CoV-2"
"202513","13","03/23/2025","03/29/2025","2024-2025","Influenza A","8","Little Village","2025","16,012.5","10.20445914275","2.9","Low","202513-8-Influenza A"
"202331","31","07/30/2023","08/05/2023","2022-2023","SARS-CoV-2","9","North Branch PS","2023","166,237.5","11.22072899903","3","Low","202331-9-SARS-CoV-2"
"202437","37","09/08/2024","09/14/2024","2023-2024","RSV","5","Chicago Lawn/Ashburn","2024","0",,"0","Minimal","202437-5-RSV"
"202442","42","10/13/2024","10/19/2024","2024-2025","Influenza B","5","Chicago Lawn/Ashburn","2024","0",,"0","Minimal","202442-5-Influenza B"
"202333","33","08/13/2023","08/19/2023","2022-2023","Influenza A","4","Austin/Montclare","2023","2,025","9.30642502755","1","Minimal","202333-4-Influenza A"
"202413","13","03/24/2024","03/30/2024","2023-2024","Influenza A","11","125th St PS","2024","1,987.5","9.29830713733","1","Minimal","202413-11-Influenza A"
"202424","24","06/09/2024","06/15/2024","2023-2024","Influenza A","6","West Pullman/Roseland","2024","0",,"0","Minimal","202424-6-Influenza A"
"202449","49","12/01/2024","12/07/2024","2024-2025","RSV","10","Racine Ave PS","2024","21,900","10.34044411484","3.9","Low","202449-10-RSV"
"202307","7","02/12/2023","02/18/2023","2022-2023","Influenza B","4","Austin/Montclare","2023","0",,"0","Minimal","202307-4-Influenza B"
"202441","41","10/06/2024","10/12/2024","2024-2025","SARS-CoV-2","5","Chicago Lawn/Ashburn","2024","0",,"0","Minimal","202441-5-SARS-CoV-2"
"202417","17","04/21/2024","04/27/2024","2023-2024","Influenza A","6","West Pullman/Roseland","2024","1,987.5","9.29830713733","1","Minimal","202417-6-Influenza A"
"202331","31","07/30/2023","08/05/2023","2022-2023","Influenza B","11","125th St PS","2023","0",,"0","Minimal","202331-11-Influenza B"
"202512","12","03/16/2025","03/22/2025","2024-2025","SARS-CoV-2","11","125th St PS","2025","142,200","11.15289959639","7","High","202512-11-SARS-CoV-2"
"202343","43","10/22/2023","10/28/2023","2023-2024","RSV","6","West Pullman/Roseland","2023","3,900","9.59106460703","1.8","Minimal","202343-6-RSV"
"202538","38","09/14/2025","09/20/2025","2024-2025","Influenza B","10","Racine Ave PS","2025","0",,"0","Minimal","202538-10-Influenza B"
"202313","13","03/26/2023","04/01/2023","2022-2023","SARS-CoV-2","5","Chicago Lawn/Ashburn","2023","150,862.5","11.1785813003","3.9","Moderate","202313-5-SARS-CoV-2"
"202338","38","09/17/2023","09/23/2023","2022-2023","RSV","5","Chicago Lawn/Ashburn","2023","6,075","9.78354628227","1.4","Minimal","202338-5-RSV"
"202432","32","08/04/2024","08/10/2024","2023-2024","RSV","10","Racine Ave PS","2024","0",,"0","Minimal","202432-10-RSV"
"202335","35","08/27/2023","09/02/2023","2022-2023","RSV","5","Chicago Lawn/Ashburn","2023","0",,"0","Minimal","202335-5-RSV"
"202521","21","05/18/2025","05/24/2025","2024-2025","SARS-CoV-2","11","125th St PS","2025","248,550","11.39541376748","9.6","Very High","202521-11-SARS-CoV-2"
"202518","18","04/27/2025","05/03/2025","2024-2025","Influenza A","11","125th St PS","2025","0",,"0","Minimal","202518-11-Influenza A"
"202535","35","08/24/2025","08/30/2025","2024-2025","Influenza B","5","Chicago Lawn/Ashburn","2025","0",,"0","Minimal","202535-5-Influenza B"
"202328","28","07/09/2023","07/15/2023","2022-2023","Influenza A","8","Little Village","2023","13,950","10.14457420761","4.4","Low","202328-8-Influenza A"
"202428","28","07/07/2024","07/13/2024","2023-2024","Influenza A","11","125th St PS","2024","2,662.5","9.42528961645","1.2","Minimal","202428-11-Influenza A"
"202333","33","08/13/2023","08/19/2023","2022-2023","Influenza B","9","North Branch PS","2023","0",,"0","Minimal","202333-9-Influenza B"
"202436","36","09/01/2024","09/07/2024","2023-2024","SARS-CoV-2","4","Austin/Montclare","2024","174,600","11.24204423937","3.6","Moderate","202436-4-SARS-CoV-2"
"202445","45","11/03/2024","11/09/2024","2024-2025","RSV","999","All sites","2024","2,271.42857142857","9.35629908431","0","Minimal","202445-999-RSV"
"202324","24","06/11/2023","06/17/2023","2022-2023","Influenza B","9","North Branch PS","2023","0",,"0","Minimal","202324-9-Influenza B"
"202319","19","05/07/2023","05/13/2023","2022-2023","Influenza B","5","Chicago Lawn/Ashburn","2023","0",,"0","Minimal","202319-5-Influenza B"
"202335","35","08/27/2023","09/02/2023","2022-2023","Influenza B","5","Chicago Lawn/Ashburn","2023","0",,"0","Minimal","202335-5-Influenza B"
"202536","36","08/31/2025","09/06/2025","2024-2025","RSV","11","125th St PS","2025","0",,"0","Minimal","202536-11-RSV"
"202350","50","12/10/2023","12/16/2023","2023-2024","Influenza A","11","125th St PS","2023","4,050","9.60745502321","1","Minimal","202350-11-Influenza A"
"202428","28","07/07/2024","07/13/2024","2023-2024","RSV","4","Austin/Montclare","2024","0",,"0","Minimal","202428-4-RSV"
"202247","47","11/20/2022","11/26/2022","2022-2023","SARS-CoV-2","8","Little Village","2022","186,075","11.26968802766","4","Moderate","202247-8-SARS-CoV-2"
"202401","1","12/31/2023","01/06/2024","2023-2024","SARS-CoV-2","10","Racine Ave PS","2024","542,850","11.73467984216","7.9","Very High","202401-10-SARS-CoV-2"
"202418","18","04/28/2024","05/04/2024","2023-2024","RSV","5","Chicago Lawn/Ashburn","2024","0",,"0","Minimal","202418-5-RSV"
"202524","24","06/08/2025","06/14/2025","2024-2025","RSV","999","All sites","2025","0",,"0","Minimal","202524-999-RSV"
"202411","11","03/10/2024","03/16/2024","2023-2024","SARS-CoV-2","4","Austin/Montclare","2024","547,612.5","11.73847335294","7.7","High","202411-4-SARS-CoV-2"
"202527","27","06/29/2025","07/05/2025","2024-2025","Influenza B","8","Little Village","2025","0",,"0","Minimal","202527-8-Influenza B"
"202449","49","12/01/2024","12/07/2024","2024-2025","Influenza B","11","125th St PS","2024","0",,"0","Minimal","202449-11-Influenza B"
"202520","20","05/11/2025","05/17/2025","2024-2025","Influenza A","999","All sites","2025","34,783.9285714286","10.54137863059","0","Minimal","202520-999-Influenza A"
"202423","23","06/02/2024","06/08/2024","2023-2024","Influenza A","6","West Pullman/Roseland","2024","0",,"0","Minimal","202423-6-Influenza A"
"202350","50","12/10/2023","12/16/2023","2023-2024","Influenza B","999","All sites","2023","2,866.07142857143","9.45728700973","0","Minimal","202350-999-Influenza B"
"202325","25","06/18/2023","06/24/2023","2022-2023","RSV","8","Little Village","2023","0",,"0","Minimal","202325-8-RSV"
"202448","48","11/24/2024","11/30/2024","2024-2025","RSV","10","Racine Ave PS","2024","12,000","10.07918124605","2.4","Minimal","202448-10-RSV"
"202515","15","04/06/2025","04/12/2025","2024-2025","Influenza B","5","Chicago Lawn/Ashburn","2025","0",,"0","Minimal","202515-5-Influenza B"
"202232","32","08/07/2022","08/13/2022","2021-2022","Influenza A","5","Chicago Lawn/Ashburn","2022",,,"0","Minimal","202232-5-Influenza A"
"202442","42","10/13/2024","10/19/2024","2024-2025","Influenza A","10","Racine Ave PS","2024","0",,"0","Minimal","202442-10-Influenza A"
"202439","39","09/22/2024","09/28/2024","2023-2024","SARS-CoV-2","999","All sites","2024","74,983.9285714286","10.87496819032","2.5","Low","202439-999-SARS-CoV-2"
"202324","24","06/11/2023","06/17/2023","2022-2023","RSV","8","Little Village","2023","1,912.5","9.28160144383","1","Minimal","202324-8-RSV"
"202425","25","06/16/2024","06/22/2024","2023-2024","RSV","10","Racine Ave PS","2024","0",,"0","Minimal","202425-10-RSV"
"202413","13","03/24/2024","03/30/2024","2023-2024","SARS-CoV-2","11","125th St PS","2024","65,700","10.81756536956","4.2","Moderate","202413-11-SARS-CoV-2"
"202413","13","03/24/2024","03/30/2024","2023-2024","SARS-CoV-2","999","All sites","2024","136,275","11.1344161907","3.8","Moderate","202413-999-SARS-CoV-2"
"202338","38","09/17/2023","09/23/2023","2022-2023","Influenza A","11","125th St PS","2023","0",,"0","Minimal","202338-11-Influenza A"
"202436","36","09/01/2024","09/07/2024","2023-2024","Influenza B","10","Racine Ave PS","2024","0",,"0","Minimal","202436-10-Influenza B"
"202415","15","04/07/2024","04/13/2024","2023-2024","Influenza A","6","West Pullman/Roseland","2024","5,925","9.77268835468","3.3","Low","202415-6-Influenza A"
"202412","12","03/17/2024","03/23/2024","2023-2024","Influenza B","999","All sites","2024","17,335.7142857143","10.23894174065","5.6","Low","202412-999-Influenza B"
"202527","27","06/29/2025","07/05/2025","2024-2025","Influenza A","5","Chicago Lawn/Ashburn","2025","0",,"0","Minimal","202527-5-Influenza A"
"202523","23","06/01/2025","06/07/2025","2024-2025","SARS-CoV-2","4","Austin/Montclare","2025","56,775","10.75415714289","1.7","Minimal","202523-4-SARS-CoV-2"
"202342","42","10/15/2023","10/21/2023","2023-2024","SARS-CoV-2","9","North Branch PS","2023","32,325","10.50953853355","0.9","Minimal","202342-9-SARS-CoV-2"
"202242","42","10/16/2022","10/22/2022","2022-2023","Influenza B","6","West Pullman/Roseland","2022","0",,"0","Minimal","202242-6-Influenza B"
"202602","2","01/11/2026","01/17/2026","2025-2026","Influenza A","5","Chicago Lawn/Ashburn","2026","44,168.1300247423","10.64510901264","5.6","Low","202602-5-Influenza A"
"202441","41","10/06/2024","10/12/2024","2024-2025","Influenza B","10","Racine Ave PS","2024","0",,"0","Minimal","202441-10-Influenza B"
"202432","32","08/04/2024","08/10/2024","2023-2024","Influenza A","10","Racine Ave PS","2024","1,987.5","9.29830713733","1","Minimal","202432-10-Influenza A"
"202242","42","10/16/2022","10/22/2022","2022-2023","RSV","8","Little Village","2022",,,"0","Minimal","202242-8-RSV"
"202331","31","07/30/2023","08/05/2023","2022-2023","RSV","10","Racine Ave PS","2023","0",,"0","Minimal","202331-10-RSV"
"202523","23","06/01/2025","06/07/2025","2024-2025","Influenza B","999","All sites","2025","1,794.64285714286","9.25397803475","0","Minimal","202523-999-Influenza B"
"202545","45","11/02/2025","11/08/2025","2025-2026","SARS-CoV-2","4","Austin/Montclare","2025","11,025","10.04237859814","0.6","Minimal","202545-4-SARS-CoV-2"
"202409","9","02/25/2024","03/02/2024","2023-2024","SARS-CoV-2","10","Racine Ave PS","2024","1,773,000","12.2487087356","20.5","Very High","202409-10-SARS-CoV-2"
"202537","37","09/07/2025","09/13/2025","2024-2025","SARS-CoV-2","11","125th St PS","2025","44,062.5","10.64406913434","3.1","Low","202537-11-SARS-CoV-2"
"202428","28","07/07/2024","07/13/2024","2023-2024","SARS-CoV-2","6","West Pullman/Roseland","2024","120,375","11.08053630013","5.2","Moderate","202428-6-SARS-CoV-2"
"202540","40","09/28/2025","10/04/2025","2025-2026","RSV","8","Little Village","2025","0",,"0","Minimal","202540-8-RSV"
"202304","4","01/22/2023","01/28/2023","2022-2023","Influenza A","8","Little Village","2023","185,512.5","11.26837317809","18.7","Very High","202304-8-Influenza A"
"202413","13","03/24/2024","03/30/2024","2023-2024","Influenza A","9","North Branch PS","2024","9,862.5","9.99398701622","2","Minimal","202413-9-Influenza A"
"202540","40","09/28/2025","10/04/2025","2025-2026","Influenza A","999","All sites","2025","1,617.85714285714","9.20894017067","0","Minimal","202540-999-Influenza A"
"202431","31","07/28/2024","08/03/2024","2023-2024","RSV","5","Chicago Lawn/Ashburn","2024","0",,"0","Minimal","202431-5-RSV"
"202447","47","11/17/2024","11/23/2024","2024-2025","RSV","5","Chicago Lawn/Ashburn","2024","0",,"0","Minimal","202447-5-RSV"
"202425","25","06/16/2024","06/22/2024","2023-2024","Influenza A","9","North Branch PS","2024","2,100","9.32221929473","1","Minimal","202425-9-Influenza A"
"202526","26","06/22/2025","06/28/2025","2024-2025","RSV","11","125th St PS","2025","0",,"0","Minimal","202526-11-RSV"
"202221","21","05/22/2022","05/28/2022","2021-2022","SARS-CoV-2","5","Chicago Lawn/Ashburn","2022","85,775","10.93336072673","3.6","Moderate","202221-5-SARS-CoV-2"
"202517","17","04/20/2025","04/26/2025","2024-2025","RSV","6","West Pullman/Roseland","2025","2,212.5","9.34488327937","1.1","Minimal","202517-6-RSV"
"202452","52","12/22/2024","12/28/2024","2024-2025","RSV","11","125th St PS","2024","2,062.5","9.31439395722","1","Minimal","202452-11-RSV"
"202438","38","09/15/2024","09/21/2024","2023-2024","RSV","5","Chicago Lawn/Ashburn","2024","0",,"0","Minimal","202438-5-RSV"
"202547","47","11/16/2025","11/22/2025","2025-2026","Influenza A","5","Chicago Lawn/Ashburn","2025","3,750","9.57403126773","1","Minimal","202547-5-Influenza A"
"202352","52","12/24/2023","12/30/2023","2023-2024","Influenza B","6","West Pullman/Roseland","2023","6,075","9.78354628227","1.5","Minimal","202352-6-Influenza B"
"202316","16","04/16/2023","04/22/2023","2022-2023","SARS-CoV-2","5","Chicago Lawn/Ashburn","2023","89,362.5","10.95115531007","2.8","Low","202316-5-SARS-CoV-2"
"202412","12","03/17/2024","03/23/2024","2023-2024","RSV","9","North Branch PS","2024","5,925","9.77268835468","1.3","Minimal","202412-9-RSV"
"202342","42","10/15/2023","10/21/2023","2023-2024","RSV","11","125th St PS","2023","9,862.5","9.99398701622","2.2","Minimal","202342-11-RSV"
"202439","39","09/22/2024","09/28/2024","2023-2024","SARS-CoV-2","5","Chicago Lawn/Ashburn","2024","56,662.5","10.75329573207","2","Minimal","202439-5-SARS-CoV-2"
"202217","17","04/24/2022","04/30/2022","2021-2022","RSV","5","Chicago Lawn/Ashburn","2022",,,"0","Minimal","202217-5-RSV"
"202404","4","01/21/2024","01/27/2024","2023-2024","Influenza B","999","All sites","2024","9,235.71428571429","9.9654704892","2.3","Minimal","202404-999-Influenza B"
"202340","40","10/01/2023","10/07/2023","2023-2024","RSV","11","125th St PS","2023","0",,"0","Minimal","202340-11-RSV"
"202552","52","12/21/2025","12/27/2025","2025-2026","Influenza A","6","West Pullman/Roseland","2025","135,675","11.13249983025","46.2","Very High","202552-6-Influenza A"
"202405","5","01/28/2024","02/03/2024","2023-2024","RSV","999","All sites","2024","29,351.7857142857","10.46763452815","4.8","Low","202405-999-RSV"
"202446","46","11/10/2024","11/16/2024","2024-2025","Influenza B","6","West Pullman/Roseland","2024","0",,"0","Minimal","202446-6-Influenza B"
"202221","21","05/22/2022","05/28/2022","2021-2022","Influenza B","6","West Pullman/Roseland","2022",,,"0","Minimal","202221-6-Influenza B"
"202401","1","12/31/2023","01/06/2024","2023-2024","RSV","8","Little Village","2024","211,650","11.32561827281","18.5","Very High","202401-8-RSV"
"202551","51","12/14/2025","12/20/2025","2025-2026","Influenza A","11","125th St PS","2025","28,232.325196298","10.45074664784","4.1","Low","202551-11-Influenza A"
"202331","31","07/30/2023","08/05/2023","2022-2023","RSV","4","Austin/Montclare","2023","4,087.5","9.61145776567","1.7","Minimal","202331-4-RSV"
"202413","13","03/24/2024","03/30/2024","2023-2024","Influenza A","5","Chicago Lawn/Ashburn","2024","1,987.5","9.29830713733","1","Minimal","202413-5-Influenza A"
"202411","11","03/10/2024","03/16/2024","2023-2024","Influenza B","999","All sites","2024","23,528.5714285714","10.37159555916","7.5","Moderate","202411-999-Influenza B"
"202511","11","03/09/2025","03/15/2025","2024-2025","Influenza A","4","Austin/Montclare","2025","115,837.5","11.06384917603","11","Moderate","202511-4-Influenza A"
"202533","33","08/10/2025","08/16/2025","2024-2025","Influenza A","8","Little Village","2025","0",,"0","Minimal","202533-8-Influenza A"
"202407","7","02/11/2024","02/17/2024","2023-2024","Influenza B","6","West Pullman/Roseland","2024","43,762.5","10.64110212377","18.8","Very High","202407-6-Influenza B"
"202418","18","04/28/2024","05/04/2024","2023-2024","SARS-CoV-2","10","Racine Ave PS","2024","85,462.5","10.93177559291","2.6","Low","202418-10-SARS-CoV-2"
"202352","52","12/24/2023","12/30/2023","2023-2024","RSV","999","All sites","2023","117,385.714285714","11.06961524696","12.5","Very High","202352-999-RSV"
"202549","49","11/30/2025","12/06/2025","2025-2026","Influenza B","4","Austin/Montclare","2025","0",,"0","Minimal","202549-4-Influenza B"
"202342","42","10/15/2023","10/21/2023","2023-2024","Influenza B","5","Chicago Lawn/Ashburn","2023","0",,"0","Minimal","202342-5-Influenza B"
"202501","1","12/29/2024","01/04/2025","2024-2025","RSV","999","All sites","2025","42,787.5","10.63131691215","5.7","Moderate","202501-999-RSV"
"202518","18","04/27/2025","05/03/2025","2024-2025","Influenza B","999","All sites","2025","4,542.85714285714","9.65732907997","0","Minimal","202518-999-Influenza B"
"202418","18","04/28/2024","05/04/2024","2023-2024","Influenza A","8","Little Village","2024","2,025","9.30642502755","1","Minimal","202418-8-Influenza A"
"202417","17","04/21/2024","04/27/2024","2023-2024","SARS-CoV-2","5","Chicago Lawn/Ashburn","2024","61,425","10.78834516515","2.2","Low","202417-5-SARS-CoV-2"
"202307","7","02/12/2023","02/18/2023","2022-2023","SARS-CoV-2","5","Chicago Lawn/Ashburn","2023","1,719,225","12.23533271779","17.2","Very High","202307-5-SARS-CoV-2"
"202520","20","05/11/2025","05/17/2025","2024-2025","Influenza A","11","125th St PS","2025","0",,"0","Minimal","202520-11-Influenza A"
"202319","19","05/07/2023","05/13/2023","2022-2023","Influenza B","4","Austin/Montclare","2023","6,037.5","9.78085714376","1.7","Minimal","202319-4-Influenza B"
"202321","21","05/21/2023","05/27/2023","2022-2023","RSV","8","Little Village","2023","0",,"0","Minimal","202321-8-RSV"
"202602","2","01/11/2026","01/17/2026","2025-2026","Influenza A","8","Little Village","2026","114,234.964601625","11.05779905145","12.9","High","202602-8-Influenza A"
"202538","38","09/14/2025","09/20/2025","2024-2025","Influenza B","999","All sites","2025","0",,"0","Minimal","202538-999-Influenza B"
"202508","8","02/16/2025","02/22/2025","2024-2025","SARS-CoV-2","8","Little Village","2025","239,625","11.37953212589","5.1","Moderate","202508-8-SARS-CoV-2"
"202234","34","08/21/2022","08/27/2022","2021-2022","Influenza B","6","West Pullman/Roseland","2022",,,"0","Minimal","202234-6-Influenza B"
"202423","23","06/02/2024","06/08/2024","2023-2024","RSV","9","North Branch PS","2024","0",,"0","Minimal","202423-9-RSV"
"202545","45","11/02/2025","11/08/2025","2025-2026","Influenza A","4","Austin/Montclare","2025","0",,"0","Minimal","202545-4-Influenza A"
"202407","7","02/11/2024","02/17/2024","2023-2024","Influenza A","4","Austin/Montclare","2024","25,987.5","10.41476450234","3.8","Low","202407-4-Influenza A"
"202402","2","01/07/2024","01/13/2024","2023-2024","RSV","9","North Branch PS","2024","159,787.5","11.20354280193","14.3","Very High","202402-9-RSV"
"202527","27","06/29/2025","07/05/2025","2024-2025","Influenza A","9","North Branch PS","2025","2,025","9.30642502755","1","Minimal","202527-9-Influenza A"
"202241","41","10/09/2022","10/15/2022","2022-2023","RSV","999","All sites","2022",,,"0","Minimal","202241-999-RSV"
"202534","34","08/17/2025","08/23/2025","2024-2025","Influenza B","8","Little Village","2025","0",,"0","Minimal","202534-8-Influenza B"
"202338","38","09/17/2023","09/23/2023","2022-2023","Influenza B","4","Austin/Montclare","2023","0",,"0","Minimal","202338-4-Influenza B"
"202439","39","09/22/2024","09/28/2024","2023-2024","Influenza A","6","West Pullman/Roseland","2024","0",,"0","Minimal","202439-6-Influenza A"
"202222","22","05/29/2022","06/04/2022","2021-2022","Influenza B","6","West Pullman/Roseland","2022",,,"0","Minimal","202222-6-Influenza B"
"202407","7","02/11/2024","02/17/2024","2023-2024","SARS-CoV-2","6","West Pullman/Roseland","2024","255,300","11.4070508148","9.9","Very High","202407-6-SARS-CoV-2"
"202210","10","03/06/2022","03/12/2022","2021-2022","SARS-CoV-2","999","All sites","2022","6,911.11111111111","9.83954787525","0","Minimal","202210-999-SARS-CoV-2"
"202320","20","05/14/2023","05/20/2023","2022-2023","SARS-CoV-2","999","All sites","2023","230,453.571428571","11.36258344294","5.7","High","202320-999-SARS-CoV-2"
"202519","19","05/04/2025","05/10/2025","2024-2025","Influenza A","999","All sites","2025","55,485.7142857143","10.74418118122","0","Minimal","202519-999-Influenza A"
"202528","28","07/06/2025","07/12/2025","2024-2025","Influenza A","6","West Pullman/Roseland","2025","0",,"0","Minimal","202528-6-Influenza A"
"202452","52","12/22/2024","12/28/2024","2024-2025","SARS-CoV-2","8","Little Village","2024","53,625","10.72936730519","1.7","Minimal","202452-8-SARS-CoV-2"
"202550","50","12/07/2025","12/13/2025","2025-2026","Influenza B","10","Racine Ave PS","2025","0",,"0","Minimal","202550-10-Influenza B"
"202523","23","06/01/2025","06/07/2025","2024-2025","RSV","999","All sites","2025","0",,"0","Minimal","202523-999-RSV"
"202349","49","12/03/2023","12/09/2023","2023-2024","Influenza A","6","West Pullman/Roseland","2023","18,300","10.26245108973","5.3","Low","202349-6-Influenza A"
"202424","24","06/09/2024","06/15/2024","2023-2024","SARS-CoV-2","4","Austin/Montclare","2024","122,137.5","11.08684902629","2.9","Low","202424-4-SARS-CoV-2"
"202303","3","01/15/2023","01/21/2023","2022-2023","Influenza A","4","Austin/Montclare","2023","10,237.5","10.01019391477","2","Minimal","202303-4-Influenza A"
"202324","24","06/11/2023","06/17/2023","2022-2023","SARS-CoV-2","8","Little Village","2023","15,525","10.19103160885","0.7","Minimal","202324-8-SARS-CoV-2"
"202235","35","08/28/2022","09/03/2022","2021-2022","Influenza A","4","Austin/Montclare","2022",,,"0","Minimal","202235-4-Influenza A"
"202228","28","07/10/2022","07/16/2022","2021-2022","Influenza B","6","West Pullman/Roseland","2022",,,"0","Minimal","202228-6-Influenza B"
"202215","15","04/10/2022","04/16/2022","2021-2022","Influenza A","4","Austin/Montclare","2022",,,"0","Minimal","202215-4-Influenza A"
"202405","5","01/28/2024","02/03/2024","2023-2024","Influenza A","11","125th St PS","2024","16,837.5","10.22627760873","2.9","Low","202405-11-Influenza A"
"202505","5","01/26/2025","02/01/2025","2024-2025","RSV","4","Austin/Montclare","2025","35,962.5","10.5558498749","4.9","Low","202505-4-RSV"
"202548","48","11/23/2025","11/29/2025","2025-2026","RSV","11","125th St PS","2025","0",,"0","Minimal","202548-11-RSV"
"202450","50","12/08/2024","12/14/2024","2024-2025","Influenza A","999","All sites","2024","16,114.2857142857","10.20721105963","2.7","Minimal","202450-999-Influenza A"
"202547","47","11/16/2025","11/22/2025","2025-2026","Influenza B","8","Little Village","2025","0",,"0","Minimal","202547-8-Influenza B"
"202434","34","08/18/2024","08/24/2024","2023-2024","SARS-CoV-2","11","125th St PS","2024","195,600","11.29136885045","9.1","Very High","202434-11-SARS-CoV-2"
"202314","14","04/02/2023","04/08/2023","2022-2023","RSV","5","Chicago Lawn/Ashburn","2023","9,825","9.99233255905","3.3","Low","202314-5-RSV"
"202437","37","09/08/2024","09/14/2024","2023-2024","SARS-CoV-2","4","Austin/Montclare","2024","283,425","11.45243815531","5","Moderate","202437-4-SARS-CoV-2"
"202336","36","09/03/2023","09/09/2023","2022-2023","SARS-CoV-2","5","Chicago Lawn/Ashburn","2023","209,400","11.32097667734","4.8","Moderate","202336-5-SARS-CoV-2"
"202338","38","09/17/2023","09/23/2023","2022-2023","RSV","10","Racine Ave PS","2023","0",,"0","Minimal","202338-10-RSV"
"202601","1","01/04/2026","01/10/2026","2025-2026","SARS-CoV-2","11","125th St PS","2026","167,497.205","11.22400756443","8.2","Very High","202601-11-SARS-CoV-2"
"202448","48","11/24/2024","11/30/2024","2024-2025","RSV","6","West Pullman/Roseland","2024","2,062.5","9.31439395722","1","Minimal","202448-6-RSV"
"202249","49","12/04/2022","12/10/2022","2022-2023","RSV","6","West Pullman/Roseland","2022",,,"0","Minimal","202249-6-RSV"
"202425","25","06/16/2024","06/22/2024","2023-2024","SARS-CoV-2","10","Racine Ave PS","2024","71,550","10.8546096381","3.8","Moderate","202425-10-SARS-CoV-2"
"202408","8","02/18/2024","02/24/2024","2023-2024","RSV","9","North Branch PS","2024","73,350","10.86540011818","8.8","High","202408-9-RSV"
"202501","1","12/29/2024","01/04/2025","2024-2025","Influenza B","999","All sites","2025","0",,"0","Minimal","202501-999-Influenza B"
"202450","50","12/08/2024","12/14/2024","2024-2025","RSV","10","Racine Ave PS","2024","90,187.5","10.95514634844","11.7","Very High","202450-10-RSV"
"202336","36","09/03/2023","09/09/2023","2022-2023","Influenza A","999","All sites","2023","2,008.92857142857","9.30296449544","0","Minimal","202336-999-Influenza A"
"202450","50","12/08/2024","12/14/2024","2024-2025","Influenza A","6","West Pullman/Roseland","2024","1,987.5","9.29830713733","1","Minimal","202450-6-Influenza A"
"202404","4","01/21/2024","01/27/2024","2023-2024","SARS-CoV-2","10","Racine Ave PS","2024","3,032,250","12.48176500473","27.2","Very High","202404-10-SARS-CoV-2"
"202228","28","07/10/2022","07/16/2022","2021-2022","RSV","4","Austin/Montclare","2022",,,"0","Minimal","202228-4-RSV"
"202553","53","12/28/2025","01/03/2026","2025-2026","Influenza A","6","West Pullman/Roseland","2025","92,475","10.96602433999","30.7","Very High","202553-6-Influenza A"
"202301","1","01/01/2023","01/07/2023","2022-2023","SARS-CoV-2","4","Austin/Montclare","2023","2,022,000","12.30578115126","17.9","Very High","202301-4-SARS-CoV-2"
"202414","14","03/31/2024","04/06/2024","2023-2024","Influenza A","4","Austin/Montclare","2024","16,200","10.20951501454","2.7","Minimal","202414-4-Influenza A"
"202224","24","06/12/2022","06/18/2022","2021-2022","Influenza A","4","Austin/Montclare","2022",,,"0","Minimal","202224-4-Influenza A"
"202318","18","04/30/2023","05/06/2023","2022-2023","SARS-CoV-2","9","North Branch PS","2023","799,500","11.90281846808","10.1","Very High","202318-9-SARS-CoV-2"
"202518","18","04/27/2025","05/03/2025","2024-2025","RSV","5","Chicago Lawn/Ashburn","2025","1,950","9.29003461136","1","Minimal","202518-5-RSV"
"202348","48","11/26/2023","12/02/2023","2023-2024","RSV","5","Chicago Lawn/Ashburn","2023","181,950","11.25995205992","16.6","Very High","202348-5-RSV"
"202318","18","04/30/2023","05/06/2023","2022-2023","Influenza B","5","Chicago Lawn/Ashburn","2023","0",,"0","Minimal","202318-5-Influenza B"
"202217","17","04/24/2022","04/30/2022","2021-2022","Influenza A","5","Chicago Lawn/Ashburn","2022",,,"0","Minimal","202217-5-Influenza A"
"202515","15","04/06/2025","04/12/2025","2024-2025","Influenza A","4","Austin/Montclare","2025","16,425","10.21550537823","2.8","Low","202515-4-Influenza A"
"202438","38","09/15/2024","09/21/2024","2023-2024","SARS-CoV-2","8","Little Village","2024","119,212.5","11.07632179564","3","Low","202438-8-SARS-CoV-2"
"202531","31","07/27/2025","08/02/2025","2024-2025","Influenza B","10","Racine Ave PS","2025","0",,"0","Minimal","202531-10-Influenza B"
"202418","18","04/28/2024","05/04/2024","2023-2024","RSV","999","All sites","2024","567.85714285714","8.75423909298","0","Minimal","202418-999-RSV"
"202534","34","08/17/2025","08/23/2025","2024-2025","RSV","999","All sites","2025","0",,"0","Minimal","202534-999-RSV"
"202430","30","07/21/2024","07/27/2024","2023-2024","Influenza A","11","125th St PS","2024","0",,"0","Minimal","202430-11-Influenza A"
"202329","29","07/16/2023","07/22/2023","2022-2023","RSV","11","125th St PS","2023","0",,"0","Minimal","202329-11-RSV"
"202502","2","01/05/2025","01/11/2025","2024-2025","Influenza A","6","West Pullman/Roseland","2025","31,687.5","10.50088797668","9.7","Moderate","202502-6-Influenza A"
"202323","23","06/04/2023","06/10/2023","2022-2023","Influenza A","9","North Branch PS","2023","0",,"0","Minimal","202323-9-Influenza A"
"202430","30","07/21/2024","07/27/2024","2023-2024","Influenza B","11","125th St PS","2024","0",,"0","Minimal","202430-11-Influenza B"
"202341","41","10/08/2023","10/14/2023","2023-2024","RSV","6","West Pullman/Roseland","2023","0",,"0","Minimal","202341-6-RSV"
"202348","48","11/26/2023","12/02/2023","2023-2024","RSV","4","Austin/Montclare","2023","286,575","11.45723830108","21.9","Very High","202348-4-RSV"
"202530","30","07/20/2025","07/26/2025","2024-2025","SARS-CoV-2","10","Racine Ave PS","2025","25,312.5","10.40333504056","1.2","Minimal","202530-10-SARS-CoV-2"
"202603","3","01/18/2026","01/24/2026","2025-2026","RSV","999","All sites","2026","26,839.4286922204","10.42877326714","4.1","Low","202603-999-RSV"
"202438","38","09/15/2024","09/21/2024","2023-2024","Influenza B","10","Racine Ave PS","2024","0",,"0","Minimal","202438-10-Influenza B"
"202529","29","07/13/2025","07/19/2025","2024-2025","Influenza B","999","All sites","2025","278.57142857143","8.44493657135","0","Minimal","202529-999-Influenza B"
"202441","41","10/06/2024","10/12/2024","2024-2025","RSV","999","All sites","2024","283.92857142857","8.45320909731","0","Minimal","202441-999-RSV"
"202602","2","01/11/2026","01/17/2026","2025-2026","SARS-CoV-2","8","Little Village","2026","285,069.335","11.45495050263","5.7","High","202602-8-SARS-CoV-2"
"202425","25","06/16/2024","06/22/2024","2023-2024","RSV","999","All sites","2024","289.28571428571","8.46132698754","0","Minimal","202425-999-RSV"
"202239","39","09/25/2022","10/01/2022","2021-2022","Influenza B","5","Chicago Lawn/Ashburn","2022",,,"0","Minimal","202239-5-Influenza B"
"202546","46","11/09/2025","11/15/2025","2025-2026","RSV","10","Racine Ave PS","2025","0",,"0","Minimal","202546-10-RSV"
"202215","15","04/10/2022","04/16/2022","2021-2022","SARS-CoV-2","999","All sites","2022","32,456.25","10.51129833994","1.7","Minimal","202215-999-SARS-CoV-2"
"202317","17","04/23/2023","04/29/2023","2022-2023","Influenza B","999","All sites","2023","1,481.25","9.17062836335","0","Minimal","202317-999-Influenza B"
"202222","22","05/29/2022","06/04/2022","2021-2022","Influenza A","999","All sites","2022",,,"0","Minimal","202222-999-Influenza A"
"202540","40","09/28/2025","10/04/2025","2025-2026","SARS-CoV-2","10","Racine Ave PS","2025","31,837.5","10.50293895797","1.3","Minimal","202540-10-SARS-CoV-2"
"202420","20","05/12/2024","05/18/2024","2023-2024","Influenza A","11","125th St PS","2024","0",,"0","Minimal","202420-11-Influenza A"
"202405","5","01/28/2024","02/03/2024","2023-2024","Influenza A","999","All sites","2024","20,683.9285714286","10.31563302934","3.3","Low","202405-999-Influenza A"
"202544","44","10/26/2025","11/01/2025","2025-2026","Influenza A","999","All sites","2025","1,066.07142857143","9.02778630412","0","Minimal","202544-999-Influenza A"
"202241","41","10/09/2022","10/15/2022","2022-2023","SARS-CoV-2","5","Chicago Lawn/Ashburn","2022","71,400","10.85369821178","2.4","Low","202241-5-SARS-CoV-2"
"202336","36","09/03/2023","09/09/2023","2022-2023","SARS-CoV-2","9","North Branch PS","2023","211,312.5","11.32492518811","3.4","Low","202336-9-SARS-CoV-2"
"202503","3","01/12/2025","01/18/2025","2024-2025","RSV","6","West Pullman/Roseland","2025","3,975","9.59933713299","1","Minimal","202503-6-RSV"
"202308","8","02/19/2023","02/25/2023","2022-2023","Influenza A","4","Austin/Montclare","2023","0",,"0","Minimal","202308-4-Influenza A"
"202503","3","01/12/2025","01/18/2025","2024-2025","Influenza A","6","West Pullman/Roseland","2025","15,825","10.19934371869","4.5","Low","202503-6-Influenza A"
"202412","12","03/17/2024","03/23/2024","2023-2024","Influenza A","8","Little Village","2024","1,950","9.29003461136","1","Minimal","202412-8-Influenza A"
"202539","39","09/21/2025","09/27/2025","2024-2025","RSV","999","All sites","2025","0",,"0","Minimal","202539-999-RSV"
"202522","22","05/25/2025","05/31/2025","2024-2025","SARS-CoV-2","4","Austin/Montclare","2025","25,462.5","10.40590104201","1","Minimal","202522-4-SARS-CoV-2"
"202546","46","11/09/2025","11/15/2025","2025-2026","SARS-CoV-2","10","Racine Ave PS","2025","112,237.5","11.05013798457","3","Low","202546-10-SARS-CoV-2"
"202507","7","02/09/2025","02/15/2025","2024-2025","Influenza B","8","Little Village","2025","3,975","9.59933713299","2.5","Minimal","202507-8-Influenza B"
"202232","32","08/07/2022","08/13/2022","2021-2022","Influenza B","6","West Pullman/Roseland","2022",,,"0","Minimal","202232-6-Influenza B"
"202534","34","08/17/2025","08/23/2025","2024-2025","SARS-CoV-2","10","Racine Ave PS","2025","25,650","10.40908736945","1.1","Minimal","202534-10-SARS-CoV-2"
"202541","41","10/05/2025","10/11/2025","2025-2026","SARS-CoV-2","4","Austin/Montclare","2025","14,362.5","10.1572300417","1.1","Minimal","202541-4-SARS-CoV-2"
"202511","11","03/09/2025","03/15/2025","2024-2025","SARS-CoV-2","9","North Branch PS","2025","434,062.5","11.63755226742","6.1","High","202511-9-SARS-CoV-2"
"202306","6","02/05/2023","02/11/2023","2022-2023","Influenza B","6","West Pullman/Roseland","2023","0",,"0","Minimal","202306-6-Influenza B"
"202308","8","02/19/2023","02/25/2023","2022-2023","Influenza A","5","Chicago Lawn/Ashburn","2023","0",,"0","Minimal","202308-5-Influenza A"
"202443","43","10/20/2024","10/26/2024","2024-2025","Influenza A","999","All sites","2024","1,430.35714285714","9.15544448908","0","Minimal","202443-999-Influenza A"
"202513","13","03/23/2025","03/29/2025","2024-2025","Influenza B","10","Racine Ave PS","2025","1,987.5","9.29830713733","1","Minimal","202513-10-Influenza B"
"202328","28","07/09/2023","07/15/2023","2022-2023","SARS-CoV-2","6","West Pullman/Roseland","2023","44,250","10.64591327503","3.1","Low","202328-6-SARS-CoV-2"
"202411","11","03/10/2024","03/16/2024","2023-2024","Influenza A","5","Chicago Lawn/Ashburn","2024","8,287.5","9.91842354141","1.7","Minimal","202411-5-Influenza A"
"202505","5","01/26/2025","02/01/2025","2024-2025","RSV","5","Chicago Lawn/Ashburn","2025","142,312.5","11.15324304796","13.5","Very High","202505-5-RSV"
"202310","10","03/05/2023","03/11/2023","2022-2023","RSV","4","Austin/Montclare","2023","2,100","9.32221929473","1","Minimal","202310-4-RSV"
"202329","29","07/16/2023","07/22/2023","2022-2023","Influenza B","6","West Pullman/Roseland","2023","0",,"0","Minimal","202329-6-Influenza B"
"202210","10","03/06/2022","03/12/2022","2021-2022","RSV","4","Austin/Montclare","2022",,,"0","Minimal","202210-4-RSV"
"202451","51","12/15/2024","12/21/2024","2024-2025","Influenza B","9","North Branch PS","2024","0",,"0","Minimal","202451-9-Influenza B"
"202340","40","10/01/2023","10/07/2023","2023-2024","SARS-CoV-2","4","Austin/Montclare","2023","445,125","11.64848198668","6.7","High","202340-4-SARS-CoV-2"
"202308","8","02/19/2023","02/25/2023","2022-2023","Influenza B","5","Chicago Lawn/Ashburn","2023","1,987.5","9.29830713733","1","Minimal","202308-5-Influenza B"
"202321","21","05/21/2023","05/27/2023","2022-2023","Influenza A","5","Chicago Lawn/Ashburn","2023","0",,"0","Minimal","202321-5-Influenza A"
"202401","1","12/31/2023","01/06/2024","2023-2024","Influenza B","9","North Branch PS","2024","4,012.5","9.60341504541","2","Minimal","202401-9-Influenza B"
"202553","53","12/28/2025","01/03/2026","2025-2026","SARS-CoV-2","6","West Pullman/Roseland","2025","103,987.5","11.01698113731","5.4","High","202553-6-SARS-CoV-2"
"202531","31","07/27/2025","08/02/2025","2024-2025","RSV","9","North Branch PS","2025","0",,"0","Minimal","202531-9-RSV"
"202413","13","03/24/2024","03/30/2024","2023-2024","Influenza B","999","All sites","2024","11,271.4285714286","10.0519789632","3.2","Low","202413-999-Influenza B"
"202521","21","05/18/2025","05/24/2025","2024-2025","RSV","11","125th St PS","2025","0",,"0","Minimal","202521-11-RSV"
"202307","7","02/12/2023","02/18/2023","2022-2023","Influenza A","6","West Pullman/Roseland","2023","11,962.5","10.07782195078","7","Moderate","202307-6-Influenza A"
"202528","28","07/06/2025","07/12/2025","2024-2025","Influenza B","11","125th St PS","2025","0",,"0","Minimal","202528-11-Influenza B"
"202334","34","08/20/2023","08/26/2023","2022-2023","RSV","11","125th St PS","2023","4,012.5","9.60341504541","1.8","Minimal","202334-11-RSV"
"202524","24","06/08/2025","06/14/2025","2024-2025","Influenza B","6","West Pullman/Roseland","2025","1,950","9.29003461136","1","Minimal","202524-6-Influenza B"
"202411","11","03/10/2024","03/16/2024","2023-2024","Influenza A","10","Racine Ave PS","2024","47,925","10.68056212155","6.5","Moderate","202411-10-Influenza A"
"202512","12","03/16/2025","03/22/2025","2024-2025","RSV","9","North Branch PS","2025","3,975","9.59933713299","1","Minimal","202512-9-RSV"
"202535","35","08/24/2025","08/30/2025","2024-2025","RSV","4","Austin/Montclare","2025","0",,"0","Minimal","202535-4-RSV"
"202421","21","05/19/2024","05/25/2024","2023-2024","RSV","6","West Pullman/Roseland","2024","0",,"0","Minimal","202421-6-RSV"
"202422","22","05/26/2024","06/01/2024","2023-2024","Influenza A","11","125th St PS","2024","2,025","9.30642502755","1","Minimal","202422-11-Influenza A"
"202234","34","08/21/2022","08/27/2022","2021-2022","Influenza A","5","Chicago Lawn/Ashburn","2022",,,"0","Minimal","202234-5-Influenza A"
"202540","40","09/28/2025","10/04/2025","2025-2026","RSV","11","125th St PS","2025","0",,"0","Minimal","202540-11-RSV"
"202525","25","06/15/2025","06/21/2025","2024-2025","Influenza B","9","North Branch PS","2025","17,925","10.25345916434","4.4","Low","202525-9-Influenza B"
"202218","18","05/01/2022","05/07/2022","2021-2022","RSV","4","Austin/Montclare","2022",,,"0","Minimal","202218-4-RSV"
"202310","10","03/05/2023","03/11/2023","2022-2023","RSV","8","Little Village","2023","2,025","9.30642502755","1","Minimal","202310-8-RSV"
"202548","48","11/23/2025","11/29/2025","2025-2026","SARS-CoV-2","11","125th St PS","2025","24,862.5","10.39554479613","2.2","Low","202548-11-SARS-CoV-2"
"202447","47","11/17/2024","11/23/2024","2024-2025","RSV","10","Racine Ave PS","2024","9,937.5","9.99727714166","3.6","Low","202447-10-RSV"
"202506","6","02/02/2025","02/08/2025","2024-2025","Influenza B","999","All sites","2025","3,117.85714285714","9.49385621236","0","Minimal","202506-999-Influenza B"
"202536","36","08/31/2025","09/06/2025","2024-2025","Influenza A","10","Racine Ave PS","2025","3,900","9.59106460703","1","Minimal","202536-10-Influenza A"
"202545","45","11/02/2025","11/08/2025","2025-2026","RSV","5","Chicago Lawn/Ashburn","2025","0",,"0","Minimal","202545-5-RSV"
"202207","7","02/13/2022","02/19/2022","2021-2022","Influenza B","999","All sites","2022",,,"0","Minimal","202207-999-Influenza B"
"202335","35","08/27/2023","09/02/2023","2022-2023","Influenza A","8","Little Village","2023","0",,"0","Minimal","202335-8-Influenza A"
"202550","50","12/07/2025","12/13/2025","2025-2026","Influenza A","999","All sites","2025","38,073.2142857143","10.58061954316","9.4","Moderate","202550-999-Influenza A"
"202419","19","05/05/2024","05/11/2024","2023-2024","Influenza A","999","All sites","2024","1,703.57142857143","9.2313603477","0","Minimal","202419-999-Influenza A"
"202507","7","02/09/2025","02/15/2025","2024-2025","SARS-CoV-2","4","Austin/Montclare","2025","371,025","11.56940317376","5.7","High","202507-4-SARS-CoV-2"
"202329","29","07/16/2023","07/22/2023","2022-2023","Influenza B","8","Little Village","2023","0",,"0","Minimal","202329-8-Influenza B"
"202542","42","10/12/2025","10/18/2025","2025-2026","SARS-CoV-2","11","125th St PS","2025","11,362.5","10.05547389623","2","Minimal","202542-11-SARS-CoV-2"
"202221","21","05/22/2022","05/28/2022","2021-2022","SARS-CoV-2","999","All sites","2022","148,691.666666667","11.17228662944","5.3","Moderate","202221-999-SARS-CoV-2"
"202446","46","11/10/2024","11/16/2024","2024-2025","SARS-CoV-2","9","North Branch PS","2024","71,100","10.85186960073","1.6","Minimal","202446-9-SARS-CoV-2"
"202401","1","12/31/2023","01/06/2024","2023-2024","RSV","4","Austin/Montclare","2024","170,737.5","11.23232891804","15.5","Very High","202401-4-RSV"
"202433","33","08/11/2024","08/17/2024","2023-2024","SARS-CoV-2","999","All sites","2024","226,992.857142857","11.35601219132","4.8","Moderate","202433-999-SARS-CoV-2"
"202404","4","01/21/2024","01/27/2024","2023-2024","Influenza B","4","Austin/Montclare","2024","3,975","9.59933713299","1","Minimal","202404-4-Influenza B"
"202325","25","06/18/2023","06/24/2023","2022-2023","SARS-CoV-2","11","125th St PS","2023","133,650","11.12596896309","6.5","High","202325-11-SARS-CoV-2"
"202402","2","01/07/2024","01/13/2024","2023-2024","Influenza B","6","West Pullman/Roseland","2024","4,612.5","9.66393637917","1.2","Minimal","202402-6-Influenza B"
"202248","48","11/27/2022","12/03/2022","2022-2023","RSV","999","All sites","2022",,,"0","Minimal","202248-999-RSV"
"202336","36","09/03/2023","09/09/2023","2022-2023","Influenza A","6","West Pullman/Roseland","2023","0",,"0","Minimal","202336-6-Influenza A"
"202414","14","03/31/2024","04/06/2024","2023-2024","RSV","4","Austin/Montclare","2024","13,987.5","10.14574009954","2.4","Minimal","202414-4-RSV"
"202307","7","02/12/2023","02/18/2023","2022-2023","SARS-CoV-2","8","Little Village","2023","1,199,250","12.07890972714","15.9","Very High","202307-8-SARS-CoV-2"
"202213","13","03/27/2022","04/02/2022","2021-2022","SARS-CoV-2","999","All sites","2022","12,261.1111111111","10.08852982806","1.1","Minimal","202213-999-SARS-CoV-2"
"202411","11","03/10/2024","03/16/2024","2023-2024","SARS-CoV-2","999","All sites","2024","310,601.785714286","11.49220394825","7.1","High","202411-999-SARS-CoV-2"
"202510","10","03/02/2025","03/08/2025","2024-2025","Influenza B","9","North Branch PS","2025","7,950","9.90036712866","2","Minimal","202510-9-Influenza B"
"202551","51","12/14/2025","12/20/2025","2025-2026","Influenza B","5","Chicago Lawn/Ashburn","2025","0",,"0","Minimal","202551-5-Influenza B"
"202413","13","03/24/2024","03/30/2024","2023-2024","Influenza B","4","Austin/Montclare","2024","12,075","10.08188713942","4.1","Low","202413-4-Influenza B"
"202417","17","04/21/2024","04/27/2024","2023-2024","Influenza B","999","All sites","2024","7,435.71428571429","9.87132269383","0","Minimal","202417-999-Influenza B"
"202435","35","08/25/2024","08/31/2024","2023-2024","SARS-CoV-2","9","North Branch PS","2024","211,612.5","11.325541318","3.6","Moderate","202435-9-SARS-CoV-2"
"202443","43","10/20/2024","10/26/2024","2024-2025","Influenza B","999","All sites","2024","0",,"0","Minimal","202443-999-Influenza B"
"202405","5","01/28/2024","02/03/2024","2023-2024","RSV","4","Austin/Montclare","2024","44,400","10.64738297011","5.7","Moderate","202405-4-RSV"
"202429","29","07/14/2024","07/20/2024","2023-2024","SARS-CoV-2","11","125th St PS","2024","99,075","10.99596408101","5.3","Moderate","202429-11-SARS-CoV-2"
"202519","19","05/04/2025","05/10/2025","2024-2025","SARS-CoV-2","11","125th St PS","2025","13,575","10.13273983826","1.4","Minimal","202519-11-SARS-CoV-2"
"202247","47","11/20/2022","11/26/2022","2022-2023","RSV","5","Chicago Lawn/Ashburn","2022",,,"0","Minimal","202247-5-RSV"
"202346","46","11/12/2023","11/18/2023","2023-2024","SARS-CoV-2","8","Little Village","2023","699,112.5","11.8445470673","11","Very High","202346-8-SARS-CoV-2"
"202546","46","11/09/2025","11/15/2025","2025-2026","SARS-CoV-2","5","Chicago Lawn/Ashburn","2025","42,825","10.63169737164","1.7","Minimal","202546-5-SARS-CoV-2"
"202445","45","11/03/2024","11/09/2024","2024-2025","SARS-CoV-2","5","Chicago Lawn/Ashburn","2024","74,362.5","10.87135398193","2.4","Low","202445-5-SARS-CoV-2"
"202324","24","06/11/2023","06/17/2023","2022-2023","Influenza A","5","Chicago Lawn/Ashburn","2023","0",,"0","Minimal","202324-5-Influenza A"
"202330","30","07/23/2023","07/29/2023","2022-2023","RSV","4","Austin/Montclare","2023","0",,"0","Minimal","202330-4-RSV"
"202550","50","12/07/2025","12/13/2025","2025-2026","RSV","8","Little Village","2025","3,750","9.57403126773","1","Minimal","202550-8-RSV"
"202407","7","02/11/2024","02/17/2024","2023-2024","RSV","9","North Branch PS","2024","91,125","10.95963754133","10","High","202407-9-RSV"
"202339","39","09/24/2023","09/30/2023","2022-2023","Influenza B","6","West Pullman/Roseland","2023","0",,"0","Minimal","202339-6-Influenza B"
"202319","19","05/07/2023","05/13/2023","2022-2023","Influenza A","9","North Branch PS","2023","0",,"0","Minimal","202319-9-Influenza A"
"202550","50","12/07/2025","12/13/2025","2025-2026","RSV","10","Racine Ave PS","2025","7,500","9.87506126339","1.6","Minimal","202550-10-RSV"
"202523","23","06/01/2025","06/07/2025","2024-2025","RSV","6","West Pullman/Roseland","2025","0",,"0","Minimal","202523-6-RSV"
"202535","35","08/24/2025","08/30/2025","2024-2025","SARS-CoV-2","10","Racine Ave PS","2025","33,750","10.52827377717","1.3","Minimal","202535-10-SARS-CoV-2"
"202210","10","03/06/2022","03/12/2022","2021-2022","SARS-CoV-2","6","West Pullman/Roseland","2022","9,900","9.9956351946","1.1","Minimal","202210-6-SARS-CoV-2"
"202514","14","03/30/2025","04/05/2025","2024-2025","SARS-CoV-2","9","North Branch PS","2025","67,575","10.82978605437","1.5","Minimal","202514-9-SARS-CoV-2"
"202336","36","09/03/2023","09/09/2023","2022-2023","SARS-CoV-2","999","All sites","2023","216,182.142857143","11.33481981737","5.6","High","202336-999-SARS-CoV-2"
"202501","1","12/29/2024","01/04/2025","2024-2025","RSV","9","North Branch PS","2025","33,712.5","10.52779095946","5","Low","202501-9-RSV"
"202419","19","05/05/2024","05/11/2024","2023-2024","Influenza A","9","North Branch PS","2024","0",,"0","Minimal","202419-9-Influenza A"
"202326","26","06/25/2023","07/01/2023","2022-2023","Influenza A","10","Racine Ave PS","2023","0",,"0","Minimal","202326-10-Influenza A"
"202446","46","11/10/2024","11/16/2024","2024-2025","Influenza B","11","125th St PS","2024","0",,"0","Minimal","202446-11-Influenza B"
"202520","20","05/11/2025","05/17/2025","2024-2025","SARS-CoV-2","11","125th St PS","2025","22,650","10.35506820635","2","Minimal","202520-11-SARS-CoV-2"
"202236","36","09/04/2022","09/10/2022","2021-2022","Influenza B","999","All sites","2022",,,"0","Minimal","202236-999-Influenza B"
"202346","46","11/12/2023","11/18/2023","2023-2024","Influenza B","10","Racine Ave PS","2023","0",,"0","Minimal","202346-10-Influenza B"
"202310","10","03/05/2023","03/11/2023","2022-2023","RSV","5","Chicago Lawn/Ashburn","2023","5,925","9.77268835468","2.2","Minimal","202310-5-RSV"
"202213","13","03/27/2022","04/02/2022","2021-2022","RSV","5","Chicago Lawn/Ashburn","2022",,,"0","Minimal","202213-5-RSV"
"202349","49","12/03/2023","12/09/2023","2023-2024","SARS-CoV-2","999","All sites","2023","1,269,883.92857143","12.10376402687","16","Very High","202349-999-SARS-CoV-2"
"202602","2","01/11/2026","01/17/2026","2025-2026","Influenza A","4","Austin/Montclare","2026","15,762.876853662","10.19763548267","2.7","Minimal","202602-4-Influenza A"
"202409","9","02/25/2024","03/02/2024","2023-2024","Influenza B","4","Austin/Montclare","2024","40,537.5","10.60785696168","17.6","High","202409-4-Influenza B"
"202553","53","12/28/2025","01/03/2026","2025-2026","SARS-CoV-2","4","Austin/Montclare","2025","1,173,967.625","12.06965612035","11.9","Very High","202553-4-SARS-CoV-2"
"202424","24","06/09/2024","06/15/2024","2023-2024","Influenza B","6","West Pullman/Roseland","2024","0",,"0","Minimal","202424-6-Influenza B"
"202243","43","10/23/2022","10/29/2022","2022-2023","SARS-CoV-2","5","Chicago Lawn/Ashburn","2022","399,787.5","11.60182921108","7","High","202243-5-SARS-CoV-2"
"202541","41","10/05/2025","10/11/2025","2025-2026","SARS-CoV-2","5","Chicago Lawn/Ashburn","2025","21,750","10.33745926129","1.1","Minimal","202541-5-SARS-CoV-2"
"202304","4","01/22/2023","01/28/2023","2022-2023","RSV","999","All sites","2023",,,"0","Minimal","202304-999-RSV"
"202311","11","03/12/2023","03/18/2023","2022-2023","RSV","999","All sites","2023","2,062.5","9.31439395722","0","Minimal","202311-999-RSV"
"202414","14","03/31/2024","04/06/2024","2023-2024","Influenza A","9","North Branch PS","2024","7,950","9.90036712866","1.7","Minimal","202414-9-Influenza A"
"202224","24","06/12/2022","06/18/2022","2021-2022","Influenza B","5","Chicago Lawn/Ashburn","2022",,,"0","Minimal","202224-5-Influenza B"
"202444","44","10/27/2024","11/02/2024","2024-2025","SARS-CoV-2","8","Little Village","2024","38,100","10.58092497568","1.3","Minimal","202444-8-SARS-CoV-2"
"202312","12","03/19/2023","03/25/2023","2022-2023","Influenza A","4","Austin/Montclare","2023","4,050","9.60745502321","1.7","Minimal","202312-4-Influenza A"
"202442","42","10/13/2024","10/19/2024","2024-2025","Influenza B","10","Racine Ave PS","2024","0",,"0","Minimal","202442-10-Influenza B"
"202339","39","09/24/2023","09/30/2023","2022-2023","SARS-CoV-2","11","125th St PS","2023","39,675","10.59851693543","2.6","Low","202339-11-SARS-CoV-2"
"202415","15","04/07/2024","04/13/2024","2023-2024","RSV","11","125th St PS","2024","6,112.5","9.78621887213","2.6","Low","202415-11-RSV"
"202430","30","07/21/2024","07/27/2024","2023-2024","Influenza B","5","Chicago Lawn/Ashburn","2024","0",,"0","Minimal","202430-5-Influenza B"
"202327","27","07/02/2023","07/08/2023","2022-2023","SARS-CoV-2","11","125th St PS","2023","14,062.5","10.14806253546","1.4","Minimal","202327-11-SARS-CoV-2"
"202214","14","04/03/2022","04/09/2022","2021-2022","Influenza A","4","Austin/Montclare","2022",,,"0","Minimal","202214-4-Influenza A"
"202415","15","04/07/2024","04/13/2024","2023-2024","Influenza B","4","Austin/Montclare","2024","9,787.5","9.99067177507","3.2","Low","202415-4-Influenza B"
"202410","10","03/03/2024","03/09/2024","2023-2024","Influenza A","6","West Pullman/Roseland","2024","18,600","10.26951294422","5.5","Low","202410-6-Influenza A"
"202510","10","03/02/2025","03/08/2025","2024-2025","RSV","6","West Pullman/Roseland","2025","7,912.5","9.89831372303","3.2","Low","202510-6-RSV"
"202436","36","09/01/2024","09/07/2024","2023-2024","RSV","4","Austin/Montclare","2024","0",,"0","Minimal","202436-4-RSV"
"202451","51","12/15/2024","12/21/2024","2024-2025","Influenza A","11","125th St PS","2024","35,437.5","10.54946307624","5.2","Low","202451-11-Influenza A"
"202433","33","08/11/2024","08/17/2024","2023-2024","Influenza B","999","All sites","2024","0",,"0","Minimal","202433-999-Influenza B"
"202549","49","11/30/2025","12/06/2025","2025-2026","Influenza A","11","125th St PS","2025","7,575","9.87938263717","1.6","Minimal","202549-11-Influenza A"
"202410","10","03/03/2024","03/09/2024","2023-2024","Influenza B","4","Austin/Montclare","2024","43,012.5","10.63359468563","19.6","Very High","202410-4-Influenza B"
"202516","16","04/13/2025","04/19/2025","2024-2025","SARS-CoV-2","5","Chicago Lawn/Ashburn","2025","84,187.5","10.92524761307","2.6","Low","202516-5-SARS-CoV-2"
"202440","40","09/29/2024","10/05/2024","2024-2025","Influenza A","6","West Pullman/Roseland","2024","0",,"0","Minimal","202440-6-Influenza A"
"202504","4","01/19/2025","01/25/2025","2024-2025","RSV","9","North Branch PS","2025","82,500","10.91645394855","9.7","High","202504-9-RSV"
"202442","42","10/13/2024","10/19/2024","2024-2025","RSV","5","Chicago Lawn/Ashburn","2024","0",,"0","Minimal","202442-5-RSV"
"202602","2","01/11/2026","01/17/2026","2025-2026","RSV","8","Little Village","2026","24,017.694430659","10.38053131514","3.8","Low","202602-8-RSV"
"202347","47","11/19/2023","11/25/2023","2023-2024","Influenza B","5","Chicago Lawn/Ashburn","2023","3,975","9.59933713299","1.8","Minimal","202347-5-Influenza B"
"202534","34","08/17/2025","08/23/2025","2024-2025","Influenza B","10","Racine Ave PS","2025","0",,"0","Minimal","202534-10-Influenza B"
"202420","20","05/12/2024","05/18/2024","2023-2024","SARS-CoV-2","8","Little Village","2024","61,087.5","10.78595235204","1.8","Minimal","202420-8-SARS-CoV-2"
"202438","38","09/15/2024","09/21/2024","2023-2024","SARS-CoV-2","4","Austin/Montclare","2024","173,250","11.23867324328","3.6","Moderate","202438-4-SARS-CoV-2"
"202332","32","08/06/2023","08/12/2023","2022-2023","Influenza A","8","Little Village","2023","0",,"0","Minimal","202332-8-Influenza A"
"202332","32","08/06/2023","08/12/2023","2022-2023","Influenza B","9","North Branch PS","2023","0",,"0","Minimal","202332-9-Influenza B"
"202429","29","07/14/2024","07/20/2024","2023-2024","SARS-CoV-2","8","Little Village","2024","224,025","11.350296486","4.5","Moderate","202429-8-SARS-CoV-2"
"202328","28","07/09/2023","07/15/2023","2022-2023","RSV","999","All sites","2023","1,408.92857142857","9.1488889762","0","Minimal","202328-999-RSV"
"202533","33","08/10/2025","08/16/2025","2024-2025","Influenza A","999","All sites","2025","283.92857142857","8.45320909731","0","Minimal","202533-999-Influenza A"
"202553","53","12/28/2025","01/03/2026","2025-2026","RSV","999","All sites","2025","19,390.5410686466","10.28758992769","0","Minimal","202553-999-RSV"
"202538","38","09/14/2025","09/20/2025","2024-2025","SARS-CoV-2","6","West Pullman/Roseland","2025","58,200","10.76492298465","3.7","Moderate","202538-6-SARS-CoV-2"
"202505","5","01/26/2025","02/01/2025","2024-2025","SARS-CoV-2","4","Austin/Montclare","2025","670,575","11.82644735827","8.7","Very High","202505-4-SARS-CoV-2"
"202415","15","04/07/2024","04/13/2024","2023-2024","SARS-CoV-2","9","North Branch PS","2024","136,350","11.13465514228","2.5","Low","202415-9-SARS-CoV-2"
"202429","29","07/14/2024","07/20/2024","2023-2024","RSV","999","All sites","2024","0",,"0","Minimal","202429-999-RSV"
"202520","20","05/11/2025","05/17/2025","2024-2025","Influenza A","9","North Branch PS","2025","4,537.5","9.65681663804","1.9","Minimal","202520-9-Influenza A"
"202243","43","10/23/2022","10/29/2022","2022-2023","SARS-CoV-2","6","West Pullman/Roseland","2022","6,037.5","9.78085714376","1.3","Minimal","202243-6-SARS-CoV-2"
"202219","19","05/08/2022","05/14/2022","2021-2022","RSV","6","West Pullman/Roseland","2022",,,"0","Minimal","202219-6-RSV"
"202553","53","12/28/2025","01/03/2026","2025-2026","Influenza A","11","125th St PS","2025","26,325","10.42036837986","4.1","Low","202553-11-Influenza A"
"202350","50","12/10/2023","12/16/2023","2023-2024","Influenza B","4","Austin/Montclare","2023","2,025","9.30642502755","1","Minimal","202350-4-Influenza B"
"202427","27","06/30/2024","07/06/2024","2023-2024","SARS-CoV-2","8","Little Village","2024","19,950","10.29994290002","0.8","Minimal","202427-8-SARS-CoV-2"
"202510","10","03/02/2025","03/08/2025","2024-2025","SARS-CoV-2","5","Chicago Lawn/Ashburn","2025","269,625","11.43076015811","5.7","High","202510-5-SARS-CoV-2"
"202444","44","10/27/2024","11/02/2024","2024-2025","Influenza B","6","West Pullman/Roseland","2024","0",,"0","Minimal","202444-6-Influenza B"
"202443","43","10/20/2024","10/26/2024","2024-2025","RSV","11","125th St PS","2024","0",,"0","Minimal","202443-11-RSV"
"202403","3","01/14/2024","01/20/2024","2023-2024","SARS-CoV-2","6","West Pullman/Roseland","2024","427,350","11.6307837083","14.4","Very High","202403-6-SARS-CoV-2"
"202235","35","08/28/2022","09/03/2022","2021-2022","RSV","5","Chicago Lawn/Ashburn","2022",,,"0","Minimal","202235-5-RSV"
"202420","20","05/12/2024","05/18/2024","2023-2024","Influenza B","8","Little Village","2024","0",,"0","Minimal","202420-8-Influenza B"
"202403","3","01/14/2024","01/20/2024","2023-2024","RSV","6","West Pullman/Roseland","2024","16,125","10.20749972331","3.2","Low","202403-6-RSV"
"202343","43","10/22/2023","10/28/2023","2023-2024","Influenza A","8","Little Village","2023","4,050","9.60745502321","1.7","Minimal","202343-8-Influenza A"
"202315","15","04/09/2023","04/15/2023","2022-2023","RSV","4","Austin/Montclare","2023","0",,"0","Minimal","202315-4-RSV"
"202415","15","04/07/2024","04/13/2024","2023-2024","Influenza B","6","West Pullman/Roseland","2024","1,987.5","9.29830713733","1","Minimal","202415-6-Influenza B"
"202508","8","02/16/2025","02/22/2025","2024-2025","RSV","8","Little Village","2025","14,475","10.1606185724","4.5","Low","202508-8-RSV"
"202220","20","05/15/2022","05/21/2022","2021-2022","Influenza A","6","West Pullman/Roseland","2022",,,"0","Minimal","202220-6-Influenza A"
"202241","41","10/09/2022","10/15/2022","2022-2023","Influenza A","4","Austin/Montclare","2022","5,925","9.77268835468","1.3","Minimal","202241-4-Influenza A"
"202528","28","07/06/2025","07/12/2025","2024-2025","Influenza A","999","All sites","2025","1,687.5","9.2272437815","0","Minimal","202528-999-Influenza A"
"202411","11","03/10/2024","03/16/2024","2023-2024","Influenza A","11","125th St PS","2024","46,650","10.66885164808","6.3","Moderate","202411-11-Influenza A"
"202334","34","08/20/2023","08/26/2023","2022-2023","Influenza A","11","125th St PS","2023","4,012.5","9.60341504541","1.7","Minimal","202334-11-Influenza A"
"202532","32","08/03/2025","08/09/2025","2024-2025","Influenza A","10","Racine Ave PS","2025","8,400","9.92427928606","2.4","Minimal","202532-10-Influenza A"
"202503","3","01/12/2025","01/18/2025","2024-2025","Influenza A","11","125th St PS","2025","47,137.5","10.67336654541","6.4","Moderate","202503-11-Influenza A"
"202542","42","10/12/2025","10/18/2025","2025-2026","SARS-CoV-2","8","Little Village","2025","34,850","10.54220278243","1.2","Minimal","202542-8-SARS-CoV-2"
"202527","27","06/29/2025","07/05/2025","2024-2025","Influenza B","10","Racine Ave PS","2025","2,212.5","9.34488327937","1.1","Minimal","202527-10-Influenza B"
"202442","42","10/13/2024","10/19/2024","2024-2025","RSV","6","West Pullman/Roseland","2024","0",,"0","Minimal","202442-6-RSV"
"202527","27","06/29/2025","07/05/2025","2024-2025","RSV","999","All sites","2025","0",,"0","Minimal","202527-999-RSV"
"202432","32","08/04/2024","08/10/2024","2023-2024","SARS-CoV-2","8","Little Village","2024","163,537.5","11.2136173544","3.7","Moderate","202432-8-SARS-CoV-2"
"202333","33","08/13/2023","08/19/2023","2022-2023","Influenza B","999","All sites","2023","289.28571428571","8.46132698754","0","Minimal","202333-999-Influenza B"
"202234","34","08/21/2022","08/27/2022","2021-2022","Influenza A","6","West Pullman/Roseland","2022",,,"0","Minimal","202234-6-Influenza A"
"202406","6","02/04/2024","02/10/2024","2023-2024","Influenza B","999","All sites","2024","9,867.85714285714","9.99422285357","3.9","Low","202406-999-Influenza B"
"202445","45","11/03/2024","11/09/2024","2024-2025","SARS-CoV-2","10","Racine Ave PS","2024","111,187.5","11.04605596543","3.1","Low","202445-10-SARS-CoV-2"
"202503","3","01/12/2025","01/18/2025","2024-2025","RSV","9","North Branch PS","2025","49,687.5","10.696247146","6.6","Moderate","202503-9-RSV"
"202348","48","11/26/2023","12/02/2023","2023-2024","Influenza B","11","125th St PS","2023","0",,"0","Minimal","202348-11-Influenza B"
"202413","13","03/24/2024","03/30/2024","2023-2024","Influenza B","6","West Pullman/Roseland","2024","14,137.5","10.15037261793","3.3","Low","202413-6-Influenza B"
"202209","9","02/27/2022","03/05/2022","2021-2022","Influenza B","5","Chicago Lawn/Ashburn","2022",,,"0","Minimal","202209-5-Influenza B"
"202322","22","05/28/2023","06/03/2023","2022-2023","SARS-CoV-2","8","Little Village","2023","187,875","11.2738689936","4.3","Moderate","202322-8-SARS-CoV-2"
"202518","18","04/27/2025","05/03/2025","2024-2025","Influenza A","5","Chicago Lawn/Ashburn","2025","196,125","11.2925329566","15.8","High","202518-5-Influenza A"
"202422","22","05/26/2024","06/01/2024","2023-2024","Influenza A","10","Racine Ave PS","2024","18,037.5","10.2561763441","3.1","Low","202422-10-Influenza A"
"202240","40","10/02/2022","10/08/2022","2022-2023","Influenza B","6","West Pullman/Roseland","2022",,,"0","Minimal","202240-6-Influenza B"
"202325","25","06/18/2023","06/24/2023","2022-2023","Influenza A","10","Racine Ave PS","2023","0",,"0","Minimal","202325-10-Influenza A"
"202435","35","08/25/2024","08/31/2024","2023-2024","Influenza B","5","Chicago Lawn/Ashburn","2024","0",,"0","Minimal","202435-5-Influenza B"
"202324","24","06/11/2023","06/17/2023","2022-2023","SARS-CoV-2","9","North Branch PS","2023","46,837.5","10.6705937061","1.1","Minimal","202324-9-SARS-CoV-2"
"202349","49","12/03/2023","12/09/2023","2023-2024","Influenza B","9","North Branch PS","2023","1,436,625","12.15734341971","621.2","Very High","202349-9-Influenza B"
"202335","35","08/27/2023","09/02/2023","2022-2023","Influenza A","6","West Pullman/Roseland","2023","1,827.5","9.26185738563","0.9","Minimal","202335-6-Influenza A"
"202447","47","11/17/2024","11/23/2024","2024-2025","Influenza A","5","Chicago Lawn/Ashburn","2024","0",,"0","Minimal","202447-5-Influenza A"
"202543","43","10/19/2025","10/25/2025","2025-2026","Influenza A","5","Chicago Lawn/Ashburn","2025","0",,"0","Minimal","202543-5-Influenza A"
"202410","10","03/03/2024","03/09/2024","2023-2024","Influenza A","4","Austin/Montclare","2024","20,512.5","10.31201859406","3.2","Low","202410-4-Influenza A"
"202247","47","11/20/2022","11/26/2022","2022-2023","RSV","999","All sites","2022",,,"0","Minimal","202247-999-RSV"
"202437","37","09/08/2024","09/14/2024","2023-2024","Influenza B","9","North Branch PS","2024","0",,"0","Minimal","202437-9-Influenza B"
"202220","20","05/15/2022","05/21/2022","2021-2022","SARS-CoV-2","4","Austin/Montclare","2022","258,975","11.41325784174","4.4","Moderate","202220-4-SARS-CoV-2"
"202535","35","08/24/2025","08/30/2025","2024-2025","Influenza A","4","Austin/Montclare","2025","0",,"0","Minimal","202535-4-Influenza A"
"202440","40","09/29/2024","10/05/2024","2024-2025","RSV","9","North Branch PS","2024","0",,"0","Minimal","202440-9-RSV"
"202427","27","06/30/2024","07/06/2024","2023-2024","Influenza B","10","Racine Ave PS","2024","0",,"0","Minimal","202427-10-Influenza B"
"202521","21","05/18/2025","05/24/2025","2024-2025","RSV","999","All sites","2025","846.42857142857","8.92759031467","0","Minimal","202521-999-RSV"
"202448","48","11/24/2024","11/30/2024","2024-2025","SARS-CoV-2","5","Chicago Lawn/Ashburn","2024","326,362.5","11.51370025125","5.5","High","202448-5-SARS-CoV-2"
"202335","35","08/27/2023","09/02/2023","2022-2023","Influenza A","10","Racine Ave PS","2023","1,950","9.29003461136","1","Minimal","202335-10-Influenza A"
"202409","9","02/25/2024","03/02/2024","2023-2024","Influenza B","8","Little Village","2024","25,650","10.40908736945","11.6","High","202409-8-Influenza B"
"202216","16","04/17/2022","04/23/2022","2021-2022","Influenza B","6","West Pullman/Roseland","2022",,,"0","Minimal","202216-6-Influenza B"
"202546","46","11/09/2025","11/15/2025","2025-2026","RSV","11","125th St PS","2025","1,912.5","9.28160144383","1","Minimal","202546-11-RSV"
"202444","44","10/27/2024","11/02/2024","2024-2025","Influenza A","9","North Branch PS","2024","2,625","9.41912930774","1.2","Minimal","202444-9-Influenza A"
"202429","29","07/14/2024","07/20/2024","2023-2024","SARS-CoV-2","4","Austin/Montclare","2024","134,812.5","11.12973016245","3.1","Low","202429-4-SARS-CoV-2"
"202437","37","09/08/2024","09/14/2024","2023-2024","Influenza B","11","125th St PS","2024","0",,"0","Minimal","202437-11-Influenza B"
"202537","37","09/07/2025","09/13/2025","2024-2025","Influenza A","10","Racine Ave PS","2025","9,375","9.9719712764","1.9","Minimal","202537-10-Influenza A"
"202441","41","10/06/2024","10/12/2024","2024-2025","Influenza B","9","North Branch PS","2024","0",,"0","Minimal","202441-9-Influenza B"
"202302","2","01/08/2023","01/14/2023","2022-2023","RSV","5","Chicago Lawn/Ashburn","2023",,,"0","Minimal","202302-5-RSV"
"202519","19","05/04/2025","05/10/2025","2024-2025","RSV","8","Little Village","2025","0",,"0","Minimal","202519-8-RSV"
"202218","18","05/01/2022","05/07/2022","2021-2022","Influenza A","6","West Pullman/Roseland","2022",,,"0","Minimal","202218-6-Influenza A"
"202506","6","02/02/2025","02/08/2025","2024-2025","Influenza B","10","Racine Ave PS","2025","3,975","9.59933713299","1","Minimal","202506-10-Influenza B"
"202317","17","04/23/2023","04/29/2023","2022-2023","SARS-CoV-2","999","All sites","2023","146,962.5","11.16720653121","3.7","Moderate","202317-999-SARS-CoV-2"
"202252","52","12/25/2022","12/31/2022","2022-2023","RSV","999","All sites","2022",,,"0","Minimal","202252-999-RSV"
"202603","3","01/18/2026","01/24/2026","2025-2026","Influenza B","11","125th St PS","2026","0",,"0","Minimal","202603-11-Influenza B"
"202447","47","11/17/2024","11/23/2024","2024-2025","SARS-CoV-2","11","125th St PS","2024","41,887.5","10.62208444084","2.9","Low","202447-11-SARS-CoV-2"
"202220","20","05/15/2022","05/21/2022","2021-2022","RSV","4","Austin/Montclare","2022",,,"0","Minimal","202220-4-RSV"
"202602","2","01/11/2026","01/17/2026","2025-2026","RSV","999","All sites","2026","13,286.5694731077","10.12341286272","2.7","Low","202602-999-RSV"
"202539","39","09/21/2025","09/27/2025","2024-2025","RSV","4","Austin/Montclare","2025","0",,"0","Minimal","202539-4-RSV"
"202532","32","08/03/2025","08/09/2025","2024-2025","SARS-CoV-2","9","North Branch PS","2025","152,250","11.1825573013","2.8","Low","202532-9-SARS-CoV-2"
"202448","48","11/24/2024","11/30/2024","2024-2025","Influenza A","11","125th St PS","2024","6,300","9.79934054945","1.4","Minimal","202448-11-Influenza A"
"202220","20","05/15/2022","05/21/2022","2021-2022","RSV","5","Chicago Lawn/Ashburn","2022",,,"0","Minimal","202220-5-RSV"
"202410","10","03/03/2024","03/09/2024","2023-2024","RSV","4","Austin/Montclare","2024","8,212.5","9.91447538257","1.6","Minimal","202410-4-RSV"
"202538","38","09/14/2025","09/20/2025","2024-2025","Influenza A","11","125th St PS","2025","0",,"0","Minimal","202538-11-Influenza A"
"202545","45","11/02/2025","11/08/2025","2025-2026","Influenza B","999","All sites","2025","0",,"0","Minimal","202545-999-Influenza B"
"202302","2","01/08/2023","01/14/2023","2022-2023","SARS-CoV-2","8","Little Village","2023","2,127,750","12.32792059919","24.4","Very High","202302-8-SARS-CoV-2"
"202427","27","06/30/2024","07/06/2024","2023-2024","RSV","11","125th St PS","2024","0",,"0","Minimal","202427-11-RSV"
"202546","46","11/09/2025","11/15/2025","2025-2026","Influenza A","11","125th St PS","2025","1,912.5","9.28160144383","1","Minimal","202546-11-Influenza A"
"202244","44","10/30/2022","11/05/2022","2022-2023","RSV","6","West Pullman/Roseland","2022",,,"0","Minimal","202244-6-RSV"
"202339","39","09/24/2023","09/30/2023","2022-2023","Influenza B","10","Racine Ave PS","2023","0",,"0","Minimal","202339-10-Influenza B"
"202602","2","01/11/2026","01/17/2026","2025-2026","SARS-CoV-2","5","Chicago Lawn/Ashburn","2026","205,468.793333333","11.31274587043","4.5","Moderate","202602-5-SARS-CoV-2"
"202507","7","02/09/2025","02/15/2025","2024-2025","SARS-CoV-2","9","North Branch PS","2025","189,487.5","11.27758056597","3.3","Low","202507-9-SARS-CoV-2"
"202236","36","09/04/2022","09/10/2022","2021-2022","RSV","4","Austin/Montclare","2022",,,"0","Minimal","202236-4-RSV"
"202446","46","11/10/2024","11/16/2024","2024-2025","SARS-CoV-2","8","Little Village","2024","130,275","11.11486108184","3","Low","202446-8-SARS-CoV-2"
"202438","38","09/15/2024","09/21/2024","2023-2024","Influenza B","4","Austin/Montclare","2024","0",,"0","Minimal","202438-4-Influenza B"
"202422","22","05/26/2024","06/01/2024","2023-2024","SARS-CoV-2","5","Chicago Lawn/Ashburn","2024","79,125","10.89831372303","2.5","Low","202422-5-SARS-CoV-2"
"202545","45","11/02/2025","11/08/2025","2025-2026","SARS-CoV-2","5","Chicago Lawn/Ashburn","2025","37,237.5","10.57098051622","1.6","Minimal","202545-5-SARS-CoV-2"
"202410","10","03/03/2024","03/09/2024","2023-2024","RSV","8","Little Village","2024","31,050","10.49206160451","4.6","Low","202410-8-RSV"
"202553","53","12/28/2025","01/03/2026","2025-2026","Influenza B","9","North Branch PS","2025","2,062.5","9.31439395722","1","Minimal","202553-9-Influenza B"
"202516","16","04/13/2025","04/19/2025","2024-2025","RSV","4","Austin/Montclare","2025","5,887.5","9.76993092014","1.3","Minimal","202516-4-RSV"
"202436","36","09/01/2024","09/07/2024","2023-2024","RSV","5","Chicago Lawn/Ashburn","2024","1,987.5","9.29830713733","1","Minimal","202436-5-RSV"
"202506","6","02/02/2025","02/08/2025","2024-2025","SARS-CoV-2","11","125th St PS","2025","412,312.5","11.61522650142","15.2","Very High","202506-11-SARS-CoV-2"
"202518","18","04/27/2025","05/03/2025","2024-2025","Influenza B","6","West Pullman/Roseland","2025","0",,"0","Minimal","202518-6-Influenza B"
"202544","44","10/26/2025","11/01/2025","2025-2026","Influenza B","9","North Branch PS","2025","0",,"0","Minimal","202544-9-Influenza B"
"202521","21","05/18/2025","05/24/2025","2024-2025","Influenza A","11","125th St PS","2025","0",,"0","Minimal","202521-11-Influenza A"
"202502","2","01/05/2025","01/11/2025","2024-2025","Influenza B","9","North Branch PS","2025","0",,"0","Minimal","202502-9-Influenza B"
"202533","33","08/10/2025","08/16/2025","2024-2025","SARS-CoV-2","11","125th St PS","2025","27,937.5","10.44618754048","2.3","Low","202533-11-SARS-CoV-2"
"202529","29","07/13/2025","07/19/2025","2024-2025","RSV","8","Little Village","2025","0",,"0","Minimal","202529-8-RSV"
"202406","6","02/04/2024","02/10/2024","2023-2024","Influenza B","9","North Branch PS","2024","6,037.5","9.78085714376","1.5","Minimal","202406-9-Influenza B"
"202417","17","04/21/2024","04/27/2024","2023-2024","SARS-CoV-2","4","Austin/Montclare","2024","134,250","11.12791429437","3.1","Low","202417-4-SARS-CoV-2"
"202428","28","07/07/2024","07/13/2024","2023-2024","SARS-CoV-2","10","Racine Ave PS","2024","242,287.5","11.38433100877","5.4","High","202428-10-SARS-CoV-2"
"202603","3","01/18/2026","01/24/2026","2025-2026","RSV","11","125th St PS","2026","18,524.773392325","10.2677529041","3.7","Low","202603-11-RSV"
"202436","36","09/01/2024","09/07/2024","2023-2024","SARS-CoV-2","8","Little Village","2024","240,675","11.38143098049","5","Moderate","202436-8-SARS-CoV-2"
"202445","45","11/03/2024","11/09/2024","2024-2025","RSV","4","Austin/Montclare","2024","3,975","9.59933713299","1.6","Minimal","202445-4-RSV"
"202404","4","01/21/2024","01/27/2024","2023-2024","RSV","8","Little Village","2024","185,550","11.26846095868","18.2","Very High","202404-8-RSV"
"202516","16","04/13/2025","04/19/2025","2024-2025","RSV","11","125th St PS","2025","0",,"0","Minimal","202516-11-RSV"
"202325","25","06/18/2023","06/24/2023","2022-2023","RSV","9","North Branch PS","2023","4,162.5","9.61935424651","1.7","Minimal","202325-9-RSV"
"202449","49","12/01/2024","12/07/2024","2024-2025","RSV","6","West Pullman/Roseland","2024","0",,"0","Minimal","202449-6-RSV"
"202507","7","02/09/2025","02/15/2025","2024-2025","Influenza A","4","Austin/Montclare","2025","157,650","11.19769397508","14.1","High","202507-4-Influenza A"
"202337","37","09/10/2023","09/16/2023","2022-2023","Influenza B","9","North Branch PS","2023","0",,"0","Minimal","202337-9-Influenza B"
"202352","52","12/24/2023","12/30/2023","2023-2024","RSV","9","North Branch PS","2023","156,787.5","11.19531143528","15.6","Very High","202352-9-RSV"
"202440","40","09/29/2024","10/05/2024","2024-2025","SARS-CoV-2","6","West Pullman/Roseland","2024","19,912.5","10.29912578881","1.8","Minimal","202440-6-SARS-CoV-2"
"202244","44","10/30/2022","11/05/2022","2022-2023","Influenza B","5","Chicago Lawn/Ashburn","2022","0",,"0","Minimal","202244-5-Influenza B"
"202342","42","10/15/2023","10/21/2023","2023-2024","SARS-CoV-2","5","Chicago Lawn/Ashburn","2023","70,125","10.84587287426","2.4","Low","202342-5-SARS-CoV-2"
"202301","1","01/01/2023","01/07/2023","2022-2023","Influenza A","4","Austin/Montclare","2023","59,850","10.77706415474","7.1","Moderate","202301-4-Influenza A"
"202414","14","03/31/2024","04/06/2024","2023-2024","RSV","999","All sites","2024","9,755.35714285714","9.98924317351","0","Minimal","202414-999-RSV"
"202520","20","05/11/2025","05/17/2025","2024-2025","RSV","11","125th St PS","2025","1,987.5","9.29830713733","1","Minimal","202520-11-RSV"
"202541","41","10/05/2025","10/11/2025","2025-2026","Influenza A","4","Austin/Montclare","2025","0",,"0","Minimal","202541-4-Influenza A"
"202508","8","02/16/2025","02/22/2025","2024-2025","Influenza B","9","North Branch PS","2025","6,225","9.79413935577","1.5","Minimal","202508-9-Influenza B"
"202321","21","05/21/2023","05/27/2023","2022-2023","Influenza A","6","West Pullman/Roseland","2023","0",,"0","Minimal","202321-6-Influenza A"
"202410","10","03/03/2024","03/09/2024","2023-2024","SARS-CoV-2","9","North Branch PS","2024","998,250","11.99923931887","12","Very High","202410-9-SARS-CoV-2"
"202501","1","12/29/2024","01/04/2025","2024-2025","SARS-CoV-2","4","Austin/Montclare","2025","331,425","11.52038526495","5","Moderate","202501-4-SARS-CoV-2"
"202442","42","10/13/2024","10/19/2024","2024-2025","Influenza A","4","Austin/Montclare","2024","0",,"0","Minimal","202442-4-Influenza A"
"202334","34","08/20/2023","08/26/2023","2022-2023","Influenza B","4","Austin/Montclare","2023","0",,"0","Minimal","202334-4-Influenza B"
"202543","43","10/19/2025","10/25/2025","2025-2026","Influenza B","10","Racine Ave PS","2025","1,950","9.29003461136","1","Minimal","202543-10-Influenza B"
"202443","43","10/20/2024","10/26/2024","2024-2025","Influenza B","4","Austin/Montclare","2024","0",,"0","Minimal","202443-4-Influenza B"
"202416","16","04/14/2024","04/20/2024","2023-2024","Influenza B","9","North Branch PS","2024","4,275","9.63093611906","2.1","Minimal","202416-9-Influenza B"
"202506","6","02/02/2025","02/08/2025","2024-2025","RSV","8","Little Village","2025","42,825","10.63169737164","6","Moderate","202506-8-RSV"
"202451","51","12/15/2024","12/21/2024","2024-2025","SARS-CoV-2","9","North Branch PS","2024","1,140,787.5","12.05720475382","12.4","Very High","202451-9-SARS-CoV-2"
"202508","8","02/16/2025","02/22/2025","2024-2025","RSV","4","Austin/Montclare","2025","0",,"0","Minimal","202508-4-RSV"
"202504","4","01/19/2025","01/25/2025","2024-2025","RSV","5","Chicago Lawn/Ashburn","2025","21,075","10.3237675833","3.4","Low","202504-5-RSV"
"202440","40","09/29/2024","10/05/2024","2024-2025","Influenza A","5","Chicago Lawn/Ashburn","2024","0",,"0","Minimal","202440-5-Influenza A"
"202343","43","10/22/2023","10/28/2023","2023-2024","RSV","11","125th St PS","2023","3,975","9.59933713299","1.8","Minimal","202343-11-RSV"
"202305","5","01/29/2023","02/04/2023","2022-2023","RSV","6","West Pullman/Roseland","2023",,,"0","Minimal","202305-6-RSV"
"202512","12","03/16/2025","03/22/2025","2024-2025","SARS-CoV-2","4","Austin/Montclare","2025","317,850","11.50222221577","5.4","High","202512-4-SARS-CoV-2"
"202348","48","11/26/2023","12/02/2023","2023-2024","RSV","10","Racine Ave PS","2023","71,962.5","10.85710624246","9.6","High","202348-10-RSV"
"202502","2","01/05/2025","01/11/2025","2024-2025","RSV","999","All sites","2025","178,269.642857143","11.25107739443","13.4","Very High","202502-999-RSV"
"202219","19","05/08/2022","05/14/2022","2021-2022","Influenza A","6","West Pullman/Roseland","2022",,,"0","Minimal","202219-6-Influenza A"
"202505","5","01/26/2025","02/01/2025","2024-2025","Influenza B","999","All sites","2025","1,205.35714285714","9.08111574582","0","Minimal","202505-999-Influenza B"
"202217","17","04/24/2022","04/30/2022","2021-2022","RSV","4","Austin/Montclare","2022",,,"0","Minimal","202217-4-RSV"
"202406","6","02/04/2024","02/10/2024","2023-2024","SARS-CoV-2","11","125th St PS","2024","673,687.5","11.82845848927","21.6","Very High","202406-11-SARS-CoV-2"
"202426","26","06/23/2024","06/29/2024","2023-2024","Influenza B","5","Chicago Lawn/Ashburn","2024","0",,"0","Minimal","202426-5-Influenza B"
"202343","43","10/22/2023","10/28/2023","2023-2024","RSV","999","All sites","2023","14,442.8571428571","10.15965311558","2.8","Low","202343-999-RSV"
"202338","38","09/17/2023","09/23/2023","2022-2023","Influenza B","11","125th St PS","2023","0",,"0","Minimal","202338-11-Influenza B"
"202226","26","06/26/2022","07/02/2022","2021-2022","RSV","999","All sites","2022",,,"0","Minimal","202226-999-RSV"
"202536","36","08/31/2025","09/06/2025","2024-2025","Influenza B","4","Austin/Montclare","2025","0",,"0","Minimal","202536-4-Influenza B"
"202602","2","01/11/2026","01/17/2026","2025-2026","RSV","4","Austin/Montclare","2026","10,508.291117928","10.02153209582","2","Minimal","202602-4-RSV"
"202450","50","12/08/2024","12/14/2024","2024-2025","Influenza A","9","North Branch PS","2024","9,937.5","9.99727714166","2","Minimal","202450-9-Influenza A"
"202230","30","07/24/2022","07/30/2022","2021-2022","Influenza B","5","Chicago Lawn/Ashburn","2022",,,"0","Minimal","202230-5-Influenza B"
"202511","11","03/09/2025","03/15/2025","2024-2025","Influenza B","10","Racine Ave PS","2025","19,687.5","10.29419057113","13.6","High","202511-10-Influenza B"
"202551","51","12/14/2025","12/20/2025","2025-2026","RSV","5","Chicago Lawn/Ashburn","2025","3,773.2053188666","9.57671043797","1.3","Minimal","202551-5-RSV"
"202516","16","04/13/2025","04/19/2025","2024-2025","Influenza B","10","Racine Ave PS","2025","1,987.5","9.29830713733","1","Minimal","202516-10-Influenza B"
"202349","49","12/03/2023","12/09/2023","2023-2024","Influenza B","8","Little Village","2023","0",,"0","Minimal","202349-8-Influenza B"
"202338","38","09/17/2023","09/23/2023","2022-2023","RSV","999","All sites","2023","2,287.5","9.35936110274","0","Minimal","202338-999-RSV"
"202517","17","04/20/2025","04/26/2025","2024-2025","Influenza B","6","West Pullman/Roseland","2025","2,212.5","9.34488327937","1.1","Minimal","202517-6-Influenza B"
"202423","23","06/02/2024","06/08/2024","2023-2024","Influenza B","11","125th St PS","2024","1,987.5","9.29830713733","1","Minimal","202423-11-Influenza B"
"202407","7","02/11/2024","02/17/2024","2023-2024","SARS-CoV-2","8","Little Village","2024","2,692,162.5","12.43010127053","25.7","Very High","202407-8-SARS-CoV-2"
"202418","18","04/28/2024","05/04/2024","2023-2024","RSV","6","West Pullman/Roseland","2024","0",,"0","Minimal","202418-6-RSV"
"202541","41","10/05/2025","10/11/2025","2025-2026","Influenza A","11","125th St PS","2025","0",,"0","Minimal","202541-11-Influenza A"
"202405","5","01/28/2024","02/03/2024","2023-2024","RSV","6","West Pullman/Roseland","2024","56,362.5","10.75099024831","8.8","High","202405-6-RSV"
"202441","41","10/06/2024","10/12/2024","2024-2025","Influenza B","999","All sites","2024","0",,"0","Minimal","202441-999-Influenza B"
"202430","30","07/21/2024","07/27/2024","2023-2024","Influenza B","9","North Branch PS","2024","0",,"0","Minimal","202430-9-Influenza B"
"202327","27","07/02/2023","07/08/2023","2022-2023","RSV","9","North Branch PS","2023","0",,"0","Minimal","202327-9-RSV"
"202323","23","06/04/2023","06/10/2023","2022-2023","SARS-CoV-2","999","All sites","2023","54,230.3571428571","10.73424246456","2.2","Low","202323-999-SARS-CoV-2"
"202237","37","09/11/2022","09/17/2022","2021-2022","RSV","5","Chicago Lawn/Ashburn","2022",,,"0","Minimal","202237-5-RSV"
"202541","41","10/05/2025","10/11/2025","2025-2026","Influenza B","6","West Pullman/Roseland","2025","0",,"0","Minimal","202541-6-Influenza B"
"202451","51","12/15/2024","12/21/2024","2024-2025","SARS-CoV-2","10","Racine Ave PS","2024","147,675","11.16930697953","3.8","Moderate","202451-10-SARS-CoV-2"
"202408","8","02/18/2024","02/24/2024","2023-2024","RSV","8","Little Village","2024","10,162.5","10.0070005586","2","Minimal","202408-8-RSV"
"202408","8","02/18/2024","02/24/2024","2023-2024","RSV","999","All sites","2024","40,055.3571428571","10.60266060836","6.7","Moderate","202408-999-RSV"
"202412","12","03/17/2024","03/23/2024","2023-2024","RSV","5","Chicago Lawn/Ashburn","2024","23,737.5","10.37543497775","3.7","Low","202412-5-RSV"
"202535","35","08/24/2025","08/30/2025","2024-2025","Influenza A","999","All sites","2025","851.78571428571","8.93033035203","0","Minimal","202535-999-Influenza A"
"202337","37","09/10/2023","09/16/2023","2022-2023","SARS-CoV-2","5","Chicago Lawn/Ashburn","2023","121,200","11.08350261983","3.3","Low","202337-5-SARS-CoV-2"
"202350","50","12/10/2023","12/16/2023","2023-2024","SARS-CoV-2","9","North Branch PS","2023","1,912,875","12.28168659126","19.6","Very High","202350-9-SARS-CoV-2"
"202510","10","03/02/2025","03/08/2025","2024-2025","Influenza B","8","Little Village","2025","5,925","9.77268835468","4.2","Low","202510-8-Influenza B"
"202545","45","11/02/2025","11/08/2025","2025-2026","Influenza A","9","North Branch PS","2025","5,887.5","9.76993092014","2.3","Minimal","202545-9-Influenza A"
"202450","50","12/08/2024","12/14/2024","2024-2025","Influenza B","999","All sites","2024","283.92857142857","8.45320909731","0","Minimal","202450-999-Influenza B"
"202350","50","12/10/2023","12/16/2023","2023-2024","Influenza A","5","Chicago Lawn/Ashburn","2023","45,037.5","10.65357427513","5.4","Low","202350-5-Influenza A"
"202441","41","10/06/2024","10/12/2024","2024-2025","Influenza B","8","Little Village","2024","0",,"0","Minimal","202441-8-Influenza B"
"202412","12","03/17/2024","03/23/2024","2023-2024","Influenza B","5","Chicago Lawn/Ashburn","2024","9,900","9.9956351946","2.2","Minimal","202412-5-Influenza B"
"202211","11","03/13/2022","03/19/2022","2021-2022","RSV","6","West Pullman/Roseland","2022",,,"0","Minimal","202211-6-RSV"
"202503","3","01/12/2025","01/18/2025","2024-2025","RSV","4","Austin/Montclare","2025","170,475","11.23166069912","15.5","Very High","202503-4-RSV"
"202545","45","11/02/2025","11/08/2025","2025-2026","Influenza A","999","All sites","2025","7,553.57142857143","9.87815234037","0","Minimal","202545-999-Influenza A"
"202406","6","02/04/2024","02/10/2024","2023-2024","Influenza A","8","Little Village","2024","27,487.5","10.43913524237","4.2","Low","202406-8-Influenza A"
"202344","44","10/29/2023","11/04/2023","2023-2024","Influenza A","10","Racine Ave PS","2023","3,900","9.59106460703","1","Minimal","202344-10-Influenza A"
"202302","2","01/08/2023","01/14/2023","2022-2023","Influenza A","5","Chicago Lawn/Ashburn","2023","34,312.5","10.53545236179","4.7","Low","202302-5-Influenza A"
"202409","9","02/25/2024","03/02/2024","2023-2024","Influenza B","9","North Branch PS","2024","0",,"0","Minimal","202409-9-Influenza B"
"202337","37","09/10/2023","09/16/2023","2022-2023","Influenza A","4","Austin/Montclare","2023","3,937.5","9.5952205668","1.6","Minimal","202337-4-Influenza A"
"202503","3","01/12/2025","01/18/2025","2024-2025","SARS-CoV-2","6","West Pullman/Roseland","2025","15,825","10.19934371869","1.6","Minimal","202503-6-SARS-CoV-2"
"202229","29","07/17/2022","07/23/2022","2021-2022","SARS-CoV-2","6","West Pullman/Roseland","2022","159,187.5","11.20190896231","6.3","High","202229-6-SARS-CoV-2"
"202321","21","05/21/2023","05/27/2023","2022-2023","SARS-CoV-2","9","North Branch PS","2023","259,350","11.41388625233","4.2","Moderate","202321-9-SARS-CoV-2"
"202413","13","03/24/2024","03/30/2024","2023-2024","RSV","8","Little Village","2024","10,125","10.00539503189","2","Minimal","202413-8-RSV"
"202328","28","07/09/2023","07/15/2023","2022-2023","Influenza A","9","North Branch PS","2023","7,950","9.90036712866","1.7","Minimal","202328-9-Influenza A"
"202535","35","08/24/2025","08/30/2025","2024-2025","Influenza A","8","Little Village","2025","0",,"0","Minimal","202535-8-Influenza A"
"202405","5","01/28/2024","02/03/2024","2023-2024","RSV","8","Little Village","2024","22,312.5","10.34854823346","3.7","Low","202405-8-RSV"
"202343","43","10/22/2023","10/28/2023","2023-2024","Influenza B","11","125th St PS","2023","0",,"0","Minimal","202343-11-Influenza B"
"202540","40","09/28/2025","10/04/2025","2025-2026","RSV","999","All sites","2025","0",,"0","Minimal","202540-999-RSV"
"202321","21","05/21/2023","05/27/2023","2022-2023","Influenza B","999","All sites","2023","1,114.28571428571","9.04699656268","0","Minimal","202321-999-Influenza B"
"202346","46","11/12/2023","11/18/2023","2023-2024","SARS-CoV-2","6","West Pullman/Roseland","2023","302,925","11.48133511656","10.8","Very High","202346-6-SARS-CoV-2"
"202411","11","03/10/2024","03/16/2024","2023-2024","Influenza B","10","Racine Ave PS","2024","12,037.5","10.08053630013","3.7","Low","202411-10-Influenza B"
"202516","16","04/13/2025","04/19/2025","2024-2025","Influenza A","5","Chicago Lawn/Ashburn","2025","108,150","11.03402652378","10.7","Moderate","202516-5-Influenza A"
"202535","35","08/24/2025","08/30/2025","2024-2025","RSV","6","West Pullman/Roseland","2025","0",,"0","Minimal","202535-6-RSV"
"202437","37","09/08/2024","09/14/2024","2023-2024","Influenza B","6","West Pullman/Roseland","2024","0",,"0","Minimal","202437-6-Influenza B"
"202350","50","12/10/2023","12/16/2023","2023-2024","Influenza B","5","Chicago Lawn/Ashburn","2023","1,987.5","9.29830713733","1","Minimal","202350-5-Influenza B"
"202430","30","07/21/2024","07/27/2024","2023-2024","SARS-CoV-2","8","Little Village","2024","700,425","11.84536163879","10","Very High","202430-8-SARS-CoV-2"
"202427","27","06/30/2024","07/06/2024","2023-2024","Influenza B","4","Austin/Montclare","2024","0",,"0","Minimal","202427-4-Influenza B"
"202449","49","12/01/2024","12/07/2024","2024-2025","Influenza B","10","Racine Ave PS","2024","0",,"0","Minimal","202449-10-Influenza B"
"202209","9","02/27/2022","03/05/2022","2021-2022","Influenza B","6","West Pullman/Roseland","2022",,,"0","Minimal","202209-6-Influenza B"
"202553","53","12/28/2025","01/03/2026","2025-2026","Influenza A","8","Little Village","2025","91,711.999162238","10.96242616041","10.9","Moderate","202553-8-Influenza A"
"202316","16","04/16/2023","04/22/2023","2022-2023","RSV","4","Austin/Montclare","2023","2,025","9.30642502755","1","Minimal","202316-4-RSV"
"202452","52","12/22/2024","12/28/2024","2024-2025","RSV","9","North Branch PS","2024","4,575","9.6603910984","1.1","Minimal","202452-9-RSV"
"202337","37","09/10/2023","09/16/2023","2022-2023","RSV","6","West Pullman/Roseland","2023","0",,"0","Minimal","202337-6-RSV"
"202344","44","10/29/2023","11/04/2023","2023-2024","Influenza A","8","Little Village","2023","0",,"0","Minimal","202344-8-Influenza A"
"202418","18","04/28/2024","05/04/2024","2023-2024","RSV","10","Racine Ave PS","2024","0",,"0","Minimal","202418-10-RSV"
"202504","4","01/19/2025","01/25/2025","2024-2025","Influenza A","10","Racine Ave PS","2025","81,525","10.91129080748","9.8","Moderate","202504-10-Influenza A"
"202450","50","12/08/2024","12/14/2024","2024-2025","Influenza B","11","125th St PS","2024","0",,"0","Minimal","202450-11-Influenza B"
"202323","23","06/04/2023","06/10/2023","2022-2023","Influenza B","999","All sites","2023","857.14285714286","8.93305321037","0","Minimal","202323-999-Influenza B"
"202601","1","01/04/2026","01/10/2026","2025-2026","Influenza A","6","West Pullman/Roseland","2026","100,597.29140159","11.00258628743","34","Very High","202601-6-Influenza A"
"202425","25","06/16/2024","06/22/2024","2023-2024","Influenza A","999","All sites","2024","13,194.6428571429","10.12039763955","0","Minimal","202425-999-Influenza A"
"202532","32","08/03/2025","08/09/2025","2024-2025","Influenza B","999","All sites","2025","0",,"0","Minimal","202532-999-Influenza B"
"202418","18","04/28/2024","05/04/2024","2023-2024","SARS-CoV-2","999","All sites","2024","54,364.2857142857","10.73531368626","2.3","Low","202418-999-SARS-CoV-2"
"202221","21","05/22/2022","05/28/2022","2021-2022","Influenza A","5","Chicago Lawn/Ashburn","2022",,,"0","Minimal","202221-5-Influenza A"
"202346","46","11/12/2023","11/18/2023","2023-2024","RSV","999","All sites","2023","78,580.3571428571","10.89531399832","0","Minimal","202346-999-RSV"
"202210","10","03/06/2022","03/12/2022","2021-2022","Influenza B","6","West Pullman/Roseland","2022",,,"0","Minimal","202210-6-Influenza B"
"202408","8","02/18/2024","02/24/2024","2023-2024","Influenza B","11","125th St PS","2024","20,512.5","10.31201859406","7.5","Moderate","202408-11-Influenza B"
"202320","20","05/14/2023","05/20/2023","2022-2023","Influenza A","999","All sites","2023","16,730.3571428571","10.22350521194","0","Minimal","202320-999-Influenza A"
"202307","7","02/12/2023","02/18/2023","2022-2023","SARS-CoV-2","4","Austin/Montclare","2023","181,762.5","11.25950428745","3.7","Moderate","202307-4-SARS-CoV-2"
"202542","42","10/12/2025","10/18/2025","2025-2026","Influenza A","9","North Branch PS","2025","0",,"0","Minimal","202542-9-Influenza A"
"202437","37","09/08/2024","09/14/2024","2023-2024","Influenza A","8","Little Village","2024","5,925","9.77268835468","2.3","Minimal","202437-8-Influenza A"
"202531","31","07/27/2025","08/02/2025","2024-2025","RSV","5","Chicago Lawn/Ashburn","2025","0",,"0","Minimal","202531-5-RSV"
"202326","26","06/25/2023","07/01/2023","2022-2023","SARS-CoV-2","9","North Branch PS","2023","76,050","10.88109921839","1.6","Minimal","202326-9-SARS-CoV-2"
"202424","24","06/09/2024","06/15/2024","2023-2024","Influenza B","999","All sites","2024","573.21428571429","8.7583170054","0","Minimal","202424-999-Influenza B"
"202525","25","06/15/2025","06/21/2025","2024-2025","SARS-CoV-2","6","West Pullman/Roseland","2025","1,987.5","9.29830713733","0.6","Minimal","202525-6-SARS-CoV-2"
"202506","6","02/02/2025","02/08/2025","2024-2025","Influenza B","11","125th St PS","2025","0",,"0","Minimal","202506-11-Influenza B"
"202409","9","02/25/2024","03/02/2024","2023-2024","RSV","5","Chicago Lawn/Ashburn","2024","29,887.5","10.47548958912","4.5","Low","202409-5-RSV"
"202208","8","02/20/2022","02/26/2022","2021-2022","RSV","4","Austin/Montclare","2022",,,"0","Minimal","202208-4-RSV"
"202339","39","09/24/2023","09/30/2023","2022-2023","Influenza A","8","Little Village","2023","1,987.5","9.29830713733","1","Minimal","202339-8-Influenza A"
"202329","29","07/16/2023","07/22/2023","2022-2023","Influenza B","4","Austin/Montclare","2023","0",,"0","Minimal","202329-4-Influenza B"
"202549","49","11/30/2025","12/06/2025","2025-2026","RSV","9","North Branch PS","2025","7,425","9.87069645799","1.6","Minimal","202549-9-RSV"
"202420","20","05/12/2024","05/18/2024","2023-2024","Influenza A","6","West Pullman/Roseland","2024","0",,"0","Minimal","202420-6-Influenza A"
"202339","39","09/24/2023","09/30/2023","2022-2023","RSV","999","All sites","2023","2,003.57142857143","9.30180482991","0","Minimal","202339-999-RSV"
"202549","49","11/30/2025","12/06/2025","2025-2026","Influenza A","999","All sites","2025","15,780.3571428571","10.19811682799","2.8","Low","202549-999-Influenza A"
"202448","48","11/24/2024","11/30/2024","2024-2025","RSV","11","125th St PS","2024","10,425","10.01807606365","2.2","Minimal","202448-11-RSV"
"202439","39","09/22/2024","09/28/2024","2023-2024","RSV","999","All sites","2024","573.21428571429","8.7583170054","0","Minimal","202439-999-RSV"
"202550","50","12/07/2025","12/13/2025","2025-2026","Influenza A","6","West Pullman/Roseland","2025","119,400","11.07700432679","41.7","Very High","202550-6-Influenza A"
"202540","40","09/28/2025","10/04/2025","2025-2026","RSV","9","North Branch PS","2025","0",,"0","Minimal","202540-9-RSV"
"202450","50","12/08/2024","12/14/2024","2024-2025","RSV","5","Chicago Lawn/Ashburn","2024","17,737.5","10.24889240847","2.9","Low","202450-5-RSV"
"202323","23","06/04/2023","06/10/2023","2022-2023","Influenza A","8","Little Village","2023","0",,"0","Minimal","202323-8-Influenza A"
"202207","7","02/13/2022","02/19/2022","2021-2022","SARS-CoV-2","5","Chicago Lawn/Ashburn","2022","17,600","10.24551266781","1","Minimal","202207-5-SARS-CoV-2"
"202603","3","01/18/2026","01/24/2026","2025-2026","RSV","9","North Branch PS","2026","21,665.0441155414","10.33575957771","3.4","Low","202603-9-RSV"
"202451","51","12/15/2024","12/21/2024","2024-2025","RSV","10","Racine Ave PS","2024","31,725","10.50140163077","9","High","202451-10-RSV"
"202445","45","11/03/2024","11/09/2024","2024-2025","SARS-CoV-2","4","Austin/Montclare","2024","20,100","10.30319605742","0.8","Minimal","202445-4-SARS-CoV-2"
"202439","39","09/22/2024","09/28/2024","2023-2024","Influenza A","9","North Branch PS","2024","0",,"0","Minimal","202439-9-Influenza A"
"202434","34","08/18/2024","08/24/2024","2023-2024","SARS-CoV-2","10","Racine Ave PS","2024","390,225","11.59131508929","6.6","High","202434-10-SARS-CoV-2"
"202231","31","07/31/2022","08/06/2022","2021-2022","SARS-CoV-2","999","All sites","2022","265,187.5","11.42355304911","7.2","High","202231-999-SARS-CoV-2"
"202349","49","12/03/2023","12/09/2023","2023-2024","RSV","5","Chicago Lawn/Ashburn","2023","42,525","10.62864432228","5.8","Moderate","202349-5-RSV"
"202331","31","07/30/2023","08/05/2023","2022-2023","SARS-CoV-2","4","Austin/Montclare","2023","153,975","11.18745021276","2.9","Low","202331-4-SARS-CoV-2"
"202405","5","01/28/2024","02/03/2024","2023-2024","Influenza A","8","Little Village","2024","24,562.5","10.39027256772","3.8","Low","202405-8-Influenza A"
"202412","12","03/17/2024","03/23/2024","2023-2024","RSV","11","125th St PS","2024","4,050","9.60745502321","1","Minimal","202412-11-RSV"
"202549","49","11/30/2025","12/06/2025","2025-2026","RSV","999","All sites","2025","3,433.92857142857","9.53579125723","0","Minimal","202549-999-RSV"
"202219","19","05/08/2022","05/14/2022","2021-2022","Influenza A","5","Chicago Lawn/Ashburn","2022",,,"0","Minimal","202219-5-Influenza A"
"202538","38","09/14/2025","09/20/2025","2024-2025","Influenza A","8","Little Village","2025","0",,"0","Minimal","202538-8-Influenza A"
"202446","46","11/10/2024","11/16/2024","2024-2025","Influenza A","9","North Branch PS","2024","0",,"0","Minimal","202446-9-Influenza A"
"202326","26","06/25/2023","07/01/2023","2022-2023","RSV","5","Chicago Lawn/Ashburn","2023","0",,"0","Minimal","202326-5-RSV"
"202352","52","12/24/2023","12/30/2023","2023-2024","Influenza B","999","All sites","2023","2,576.78571428571","9.41107830409","0","Minimal","202352-999-Influenza B"
"202421","21","05/19/2024","05/25/2024","2023-2024","Influenza B","5","Chicago Lawn/Ashburn","2024","0",,"0","Minimal","202421-5-Influenza B"
"202319","19","05/07/2023","05/13/2023","2022-2023","RSV","9","North Branch PS","2023","2,100","9.32221929473","1","Minimal","202319-9-RSV"
"202301","1","01/01/2023","01/07/2023","2022-2023","Influenza B","6","West Pullman/Roseland","2023","0",,"0","Minimal","202301-6-Influenza B"
"202443","43","10/20/2024","10/26/2024","2024-2025","Influenza B","10","Racine Ave PS","2024","0",,"0","Minimal","202443-10-Influenza B"
"202318","18","04/30/2023","05/06/2023","2022-2023","SARS-CoV-2","5","Chicago Lawn/Ashburn","2023","1,146,750","12.0594687488","14.5","Very High","202318-5-SARS-CoV-2"
"202421","21","05/19/2024","05/25/2024","2023-2024","SARS-CoV-2","10","Racine Ave PS","2024","22,387.5","10.35000559886","1","Minimal","202421-10-SARS-CoV-2"
"202415","15","04/07/2024","04/13/2024","2023-2024","Influenza B","8","Little Village","2024","50,400","10.70243053645","30.3","Very High","202415-8-Influenza B"
"202511","11","03/09/2025","03/15/2025","2024-2025","Influenza B","11","125th St PS","2025","8,100","9.90848501888","5.3","Low","202511-11-Influenza B"
"202505","5","01/26/2025","02/01/2025","2024-2025","Influenza A","999","All sites","2025","218,266.071428571","11.33898623165","19.4","Very High","202505-999-Influenza A"
"202553","53","12/28/2025","01/03/2026","2025-2026","Influenza B","10","Racine Ave PS","2025","1,912.5","9.28160144383","1","Minimal","202553-10-Influenza B"
"202414","14","03/31/2024","04/06/2024","2023-2024","RSV","6","West Pullman/Roseland","2024","0",,"0","Minimal","202414-6-RSV"
"202451","51","12/15/2024","12/21/2024","2024-2025","Influenza B","8","Little Village","2024","0",,"0","Minimal","202451-8-Influenza B"
"202225","25","06/19/2022","06/25/2022","2021-2022","Influenza A","5","Chicago Lawn/Ashburn","2022",,,"0","Minimal","202225-5-Influenza A"
"202330","30","07/23/2023","07/29/2023","2022-2023","Influenza A","999","All sites","2023","2,100","9.32221929473","0","Minimal","202330-999-Influenza A"
"202333","33","08/13/2023","08/19/2023","2022-2023","Influenza B","11","125th St PS","2023","0",,"0","Minimal","202333-11-Influenza B"
"202507","7","02/09/2025","02/15/2025","2024-2025","SARS-CoV-2","10","Racine Ave PS","2025","463,950","11.66647117906","8.3","Very High","202507-10-SARS-CoV-2"
"202327","27","07/02/2023","07/08/2023","2022-2023","Influenza A","8","Little Village","2023","1,950","9.29003461136","1","Minimal","202327-8-Influenza A"
"202516","16","04/13/2025","04/19/2025","2024-2025","RSV","9","North Branch PS","2025","1,987.5","9.29830713733","1","Minimal","202516-9-RSV"
"202445","45","11/03/2024","11/09/2024","2024-2025","SARS-CoV-2","11","125th St PS","2024","29,625","10.47165835902","2.4","Low","202445-11-SARS-CoV-2"
"202513","13","03/23/2025","03/29/2025","2024-2025","RSV","4","Austin/Montclare","2025","32,062.5","10.50599738246","4.6","Low","202513-4-RSV"
"202442","42","10/13/2024","10/19/2024","2024-2025","RSV","11","125th St PS","2024","2,137.5","9.3299061234","1.1","Minimal","202442-11-RSV"
"202349","49","12/03/2023","12/09/2023","2023-2024","Influenza B","11","125th St PS","2023","0",,"0","Minimal","202349-11-Influenza B"
"202220","20","05/15/2022","05/21/2022","2021-2022","RSV","6","West Pullman/Roseland","2022",,,"0","Minimal","202220-6-RSV"
"202421","21","05/19/2024","05/25/2024","2023-2024","Influenza A","10","Racine Ave PS","2024","0",,"0","Minimal","202421-10-Influenza A"
"202240","40","10/02/2022","10/08/2022","2022-2023","Influenza B","4","Austin/Montclare","2022",,,"0","Minimal","202240-4-Influenza B"
"202550","50","12/07/2025","12/13/2025","2025-2026","Influenza A","10","Racine Ave PS","2025","49,987.5","10.69886141714","6.8","Moderate","202550-10-Influenza A"
"202341","41","10/08/2023","10/14/2023","2023-2024","Influenza A","999","All sites","2023","1,714.28571428571","9.23408320603","0","Minimal","202341-999-Influenza A"
"202403","3","01/14/2024","01/20/2024","2023-2024","RSV","5","Chicago Lawn/Ashburn","2024","224,175","11.35058717843","19.8","Very High","202403-5-RSV"
"202304","4","01/22/2023","01/28/2023","2022-2023","Influenza A","5","Chicago Lawn/Ashburn","2023","0",,"0","Minimal","202304-5-Influenza A"
"202506","6","02/02/2025","02/08/2025","2024-2025","Influenza B","8","Little Village","2025","5,250","9.72015930341","3.6","Low","202506-8-Influenza B"
"202237","37","09/11/2022","09/17/2022","2021-2022","Influenza B","6","West Pullman/Roseland","2022",,,"0","Minimal","202237-6-Influenza B"
"202448","48","11/24/2024","11/30/2024","2024-2025","SARS-CoV-2","999","All sites","2024","198,782.142857143","11.29837736795","4.8","Moderate","202448-999-SARS-CoV-2"
"202347","47","11/19/2023","11/25/2023","2023-2024","SARS-CoV-2","6","West Pullman/Roseland","2023","524,212.5","11.71950737261","14.7","Very High","202347-6-SARS-CoV-2"
"202429","29","07/14/2024","07/20/2024","2023-2024","RSV","9","North Branch PS","2024","0",,"0","Minimal","202429-9-RSV"
"202503","3","01/12/2025","01/18/2025","2024-2025","Influenza A","10","Racine Ave PS","2025","137,212.5","11.13739367721","14.5","High","202503-10-Influenza A"
"202402","2","01/07/2024","01/13/2024","2023-2024","Influenza A","8","Little Village","2024","52,012.5","10.7161077288","6.6","Moderate","202402-8-Influenza A"
"202544","44","10/26/2025","11/01/2025","2025-2026","SARS-CoV-2","11","125th St PS","2025","21,000","10.32221929473","1.9","Minimal","202544-11-SARS-CoV-2"
"202403","3","01/14/2024","01/20/2024","2023-2024","Influenza B","8","Little Village","2024","3,975","9.59933713299","1","Minimal","202403-8-Influenza B"
"202425","25","06/16/2024","06/22/2024","2023-2024","Influenza A","4","Austin/Montclare","2024","5,925","9.77268835468","1.3","Minimal","202425-4-Influenza A"
"202230","30","07/24/2022","07/30/2022","2021-2022","SARS-CoV-2","6","West Pullman/Roseland","2022","183,337.5","11.26325130499","7.1","High","202230-6-SARS-CoV-2"
"202331","31","07/30/2023","08/05/2023","2022-2023","SARS-CoV-2","6","West Pullman/Roseland","2023","25,950","10.41413736218","2.2","Low","202331-6-SARS-CoV-2"
"202409","9","02/25/2024","03/02/2024","2023-2024","Influenza B","10","Racine Ave PS","2024","78,450","10.89459294792","30.9","Very High","202409-10-Influenza B"
"202443","43","10/20/2024","10/26/2024","2024-2025","Influenza B","9","North Branch PS","2024","0",,"0","Minimal","202443-9-Influenza B"
"202602","2","01/11/2026","01/17/2026","2025-2026","Influenza A","6","West Pullman/Roseland","2026","14,201.6366560075","10.15233839718","4","Low","202602-6-Influenza A"
"202538","38","09/14/2025","09/20/2025","2024-2025","SARS-CoV-2","5","Chicago Lawn/Ashburn","2025","134,850","11.12985095079","3.5","Moderate","202538-5-SARS-CoV-2"
"202245","45","11/06/2022","11/12/2022","2022-2023","RSV","8","Little Village","2022",,,"0","Minimal","202245-8-RSV"
"202209","9","02/27/2022","03/05/2022","2021-2022","Influenza B","4","Austin/Montclare","2022",,,"0","Minimal","202209-4-Influenza B"
"202450","50","12/08/2024","12/14/2024","2024-2025","SARS-CoV-2","6","West Pullman/Roseland","2024","75,675","10.87895242963","4.2","Moderate","202450-6-SARS-CoV-2"
"202531","31","07/27/2025","08/02/2025","2024-2025","Influenza B","999","All sites","2025","1,178.57142857143","9.07135590854","0","Minimal","202531-999-Influenza B"
"202227","27","07/03/2022","07/09/2022","2021-2022","SARS-CoV-2","999","All sites","2022","1,366,358.33333333","12.13556460987","21","Very High","202227-999-SARS-CoV-2"
"202348","48","11/26/2023","12/02/2023","2023-2024","Influenza B","999","All sites","2023","2,121.42857142857","9.32662841364","0","Minimal","202348-999-Influenza B"
"202328","28","07/09/2023","07/15/2023","2022-2023","Influenza B","5","Chicago Lawn/Ashburn","2023","0",,"0","Minimal","202328-5-Influenza B"
"202514","14","03/30/2025","04/05/2025","2024-2025","Influenza B","6","West Pullman/Roseland","2025","0",,"0","Minimal","202514-6-Influenza B"
"202229","29","07/17/2022","07/23/2022","2021-2022","Influenza A","6","West Pullman/Roseland","2022",,,"0","Minimal","202229-6-Influenza A"
"202249","49","12/04/2022","12/10/2022","2022-2023","Influenza B","5","Chicago Lawn/Ashburn","2022","0",,"0","Minimal","202249-5-Influenza B"
"202447","47","11/17/2024","11/23/2024","2024-2025","RSV","999","All sites","2024","4,291.07142857143","9.6325657438","0","Minimal","202447-999-RSV"
"202553","53","12/28/2025","01/03/2026","2025-2026","Influenza B","8","Little Village","2025","1,912.5","9.28160144383","1","Minimal","202553-8-Influenza B"
"202208","8","02/20/2022","02/26/2022","2021-2022","SARS-CoV-2","6","West Pullman/Roseland","2022","8,800","9.94448267215","1.1","Minimal","202208-6-SARS-CoV-2"
"202543","43","10/19/2025","10/25/2025","2025-2026","SARS-CoV-2","11","125th St PS","2025","3,187.5","9.50345019344","0.8","Minimal","202543-11-SARS-CoV-2"
"202410","10","03/03/2024","03/09/2024","2023-2024","Influenza A","999","All sites","2024","32,030.3571428571","10.50556178113","5.2","Low","202410-999-Influenza A"
"202403","3","01/14/2024","01/20/2024","2023-2024","SARS-CoV-2","4","Austin/Montclare","2024","3,727,500","12.57141765213","26.6","Very High","202403-4-SARS-CoV-2"
"202507","7","02/09/2025","02/15/2025","2024-2025","SARS-CoV-2","6","West Pullman/Roseland","2025","24,637.5","10.39159663729","1.9","Minimal","202507-6-SARS-CoV-2"
"202221","21","05/22/2022","05/28/2022","2021-2022","RSV","4","Austin/Montclare","2022",,,"0","Minimal","202221-4-RSV"
"202422","22","05/26/2024","06/01/2024","2023-2024","Influenza B","11","125th St PS","2024","1,987.5","9.29830713733","1","Minimal","202422-11-Influenza B"
"202431","31","07/28/2024","08/03/2024","2023-2024","RSV","11","125th St PS","2024","0",,"0","Minimal","202431-11-RSV"
"202504","4","01/19/2025","01/25/2025","2024-2025","Influenza B","10","Racine Ave PS","2025","0",,"0","Minimal","202504-10-Influenza B"
"202434","34","08/18/2024","08/24/2024","2023-2024","RSV","6","West Pullman/Roseland","2024","0",,"0","Minimal","202434-6-RSV"
"202502","2","01/05/2025","01/11/2025","2024-2025","RSV","6","West Pullman/Roseland","2025","1,987.5","9.29830713733","1","Minimal","202502-6-RSV"
"202325","25","06/18/2023","06/24/2023","2022-2023","RSV","5","Chicago Lawn/Ashburn","2023","0",,"0","Minimal","202325-5-RSV"
"202430","30","07/21/2024","07/27/2024","2023-2024","Influenza A","10","Racine Ave PS","2024","10,012.5","10.00054252909","3.4","Low","202430-10-Influenza A"
"202502","2","01/05/2025","01/11/2025","2024-2025","SARS-CoV-2","11","125th St PS","2025","497,587.5","11.69686946182","17","Very High","202502-11-SARS-CoV-2"
"202226","26","06/26/2022","07/02/2022","2021-2022","SARS-CoV-2","4","Austin/Montclare","2022","190,612.5","11.28015137743","3.9","Moderate","202226-4-SARS-CoV-2"
"202503","3","01/12/2025","01/18/2025","2024-2025","SARS-CoV-2","10","Racine Ave PS","2025","552,150","11.7420570765","9.3","Very High","202503-10-SARS-CoV-2"
"202244","44","10/30/2022","11/05/2022","2022-2023","Influenza B","6","West Pullman/Roseland","2022","0",,"0","Minimal","202244-6-Influenza B"
"202335","35","08/27/2023","09/02/2023","2022-2023","Influenza B","10","Racine Ave PS","2023","0",,"0","Minimal","202335-10-Influenza B"
"202409","9","02/25/2024","03/02/2024","2023-2024","Influenza B","5","Chicago Lawn/Ashburn","2024","42,075","10.62402412465","7.3","Moderate","202409-5-Influenza B"
"202420","20","05/12/2024","05/18/2024","2023-2024","RSV","11","125th St PS","2024","0",,"0","Minimal","202420-11-RSV"
"202336","36","09/03/2023","09/09/2023","2022-2023","RSV","6","West Pullman/Roseland","2023","7,912.5","9.89831372303","3.2","Low","202336-6-RSV"
"202323","23","06/04/2023","06/10/2023","2022-2023","Influenza A","999","All sites","2023","573.21428571429","8.7583170054","0","Minimal","202323-999-Influenza A"
"202333","33","08/13/2023","08/19/2023","2022-2023","Influenza A","11","125th St PS","2023","2,025","9.30642502755","1","Minimal","202333-11-Influenza A"
"202412","12","03/17/2024","03/23/2024","2023-2024","Influenza B","6","West Pullman/Roseland","2024","27,750","10.44326298746","6.3","Moderate","202412-6-Influenza B"
"202432","32","08/04/2024","08/10/2024","2023-2024","Influenza B","9","North Branch PS","2024","0",,"0","Minimal","202432-9-Influenza B"
"202415","15","04/07/2024","04/13/2024","2023-2024","Influenza A","11","125th St PS","2024","19,312.5","10.28583849677","3.1","Low","202415-11-Influenza A"
"202515","15","04/06/2025","04/12/2025","2024-2025","RSV","6","West Pullman/Roseland","2025","2,062.5","9.31439395722","1","Minimal","202515-6-RSV"
"202407","7","02/11/2024","02/17/2024","2023-2024","SARS-CoV-2","999","All sites","2024","1,264,896.42857143","12.10205496635","14.3","Very High","202407-999-SARS-CoV-2"
"202213","13","03/27/2022","04/02/2022","2021-2022","SARS-CoV-2","5","Chicago Lawn/Ashburn","2022","9,300","9.96848294855","0.8","Minimal","202213-5-SARS-CoV-2"
"202444","44","10/27/2024","11/02/2024","2024-2025","Influenza B","999","All sites","2024","0",,"0","Minimal","202444-999-Influenza B"
"202437","37","09/08/2024","09/14/2024","2023-2024","RSV","6","West Pullman/Roseland","2024","2,100","9.32221929473","1","Minimal","202437-6-RSV"
"202348","48","11/26/2023","12/02/2023","2023-2024","RSV","999","All sites","2023","130,800","11.11660774399","13.2","Very High","202348-999-RSV"
"202331","31","07/30/2023","08/05/2023","2022-2023","Influenza B","8","Little Village","2023","0",,"0","Minimal","202331-8-Influenza B"
"202244","44","10/30/2022","11/05/2022","2022-2023","RSV","4","Austin/Montclare","2022",,,"0","Minimal","202244-4-RSV"
"202442","42","10/13/2024","10/19/2024","2024-2025","RSV","999","All sites","2024","305.35714285714","8.48480808339","0","Minimal","202442-999-RSV"
"202506","6","02/02/2025","02/08/2025","2024-2025","SARS-CoV-2","4","Austin/Montclare","2025","1,204,500","12.08080680433","12.7","Very High","202506-4-SARS-CoV-2"
"202419","19","05/05/2024","05/11/2024","2023-2024","Influenza B","8","Little Village","2024","2,025","9.30642502755","1","Minimal","202419-8-Influenza B"
"202322","22","05/28/2023","06/03/2023","2022-2023","Influenza B","9","North Branch PS","2023","0",,"0","Minimal","202322-9-Influenza B"
"202332","32","08/06/2023","08/12/2023","2022-2023","RSV","9","North Branch PS","2023","0",,"0","Minimal","202332-9-RSV"
"202310","10","03/05/2023","03/11/2023","2022-2023","SARS-CoV-2","6","West Pullman/Roseland","2023","235,012.5","11.37109096243","9.5","Very High","202310-6-SARS-CoV-2"
"202415","15","04/07/2024","04/13/2024","2023-2024","RSV","4","Austin/Montclare","2024","7,800","9.89209460269","1.6","Minimal","202415-4-RSV"
"202505","5","01/26/2025","02/01/2025","2024-2025","Influenza B","8","Little Village","2025","0",,"0","Minimal","202505-8-Influenza B"
"202331","31","07/30/2023","08/05/2023","2022-2023","Influenza B","5","Chicago Lawn/Ashburn","2023","0",,"0","Minimal","202331-5-Influenza B"
"202324","24","06/11/2023","06/17/2023","2022-2023","Influenza B","5","Chicago Lawn/Ashburn","2023","0",,"0","Minimal","202324-5-Influenza B"
"202318","18","04/30/2023","05/06/2023","2022-2023","SARS-CoV-2","11","125th St PS","2023","65,175","10.81408103984","4.2","Moderate","202318-11-SARS-CoV-2"
"202512","12","03/16/2025","03/22/2025","2024-2025","Influenza B","9","North Branch PS","2025","15,900","10.20139712432","3.9","Low","202512-9-Influenza B"
"202547","47","11/16/2025","11/22/2025","2025-2026","SARS-CoV-2","8","Little Village","2025","83,512.5","10.92175148476","2.2","Low","202547-8-SARS-CoV-2"
"202222","22","05/29/2022","06/04/2022","2021-2022","RSV","5","Chicago Lawn/Ashburn","2022",,,"0","Minimal","202222-5-RSV"
"202427","27","06/30/2024","07/06/2024","2023-2024","SARS-CoV-2","10","Racine Ave PS","2024","24,375","10.38694462437","1.1","Minimal","202427-10-SARS-CoV-2"
"202344","44","10/29/2023","11/04/2023","2023-2024","SARS-CoV-2","8","Little Village","2023","121,725","11.08537978322","2.9","Low","202344-8-SARS-CoV-2"
"202340","40","10/01/2023","10/07/2023","2023-2024","Influenza B","8","Little Village","2023","0",,"0","Minimal","202340-8-Influenza B"
"202234","34","08/21/2022","08/27/2022","2021-2022","RSV","5","Chicago Lawn/Ashburn","2022",,,"0","Minimal","202234-5-RSV"
"202239","39","09/25/2022","10/01/2022","2021-2022","Influenza A","999","All sites","2022",,,"0","Minimal","202239-999-Influenza A"
"202525","25","06/15/2025","06/21/2025","2024-2025","SARS-CoV-2","11","125th St PS","2025","2,137.5","9.3299061234","0.6","Minimal","202525-11-SARS-CoV-2"
"202547","47","11/16/2025","11/22/2025","2025-2026","SARS-CoV-2","10","Racine Ave PS","2025","41,287.5","10.6158185867","1.6","Minimal","202547-10-SARS-CoV-2"
"202338","38","09/17/2023","09/23/2023","2022-2023","Influenza B","6","West Pullman/Roseland","2023","0",,"0","Minimal","202338-6-Influenza B"
"202213","13","03/27/2022","04/02/2022","2021-2022","Influenza B","5","Chicago Lawn/Ashburn","2022",,,"0","Minimal","202213-5-Influenza B"
"202401","1","12/31/2023","01/06/2024","2023-2024","SARS-CoV-2","4","Austin/Montclare","2024","2,321,625","12.36579207174","19.2","Very High","202401-4-SARS-CoV-2"
"202429","29","07/14/2024","07/20/2024","2023-2024","Influenza A","999","All sites","2024","7,810.71428571429","9.8926907517","0","Minimal","202429-999-Influenza A"
"202340","40","10/01/2023","10/07/2023","2023-2024","SARS-CoV-2","8","Little Village","2023","339,262.5","11.53053585804","6.1","High","202340-8-SARS-CoV-2"
"202412","12","03/17/2024","03/23/2024","2023-2024","Influenza A","10","Racine Ave PS","2024","34,200","10.53402610606","5","Low","202412-10-Influenza A"
"202528","28","07/06/2025","07/12/2025","2024-2025","Influenza A","8","Little Village","2025","0",,"0","Minimal","202528-8-Influenza A"
"202522","22","05/25/2025","05/31/2025","2024-2025","SARS-CoV-2","9","North Branch PS","2025","245,737.5","11.39047143568","3.8","Moderate","202522-9-SARS-CoV-2"
"202437","37","09/08/2024","09/14/2024","2023-2024","SARS-CoV-2","9","North Branch PS","2024","265,350","11.42381909197","4.3","Moderate","202437-9-SARS-CoV-2"
"202345","45","11/05/2023","11/11/2023","2023-2024","Influenza A","9","North Branch PS","2023","3,975","9.59933713299","1.7","Minimal","202345-9-Influenza A"
"202527","27","06/29/2025","07/05/2025","2024-2025","RSV","9","North Branch PS","2025","0",,"0","Minimal","202527-9-RSV"
"202409","9","02/25/2024","03/02/2024","2023-2024","Influenza A","11","125th St PS","2024","14,100","10.14921911266","2.6","Minimal","202409-11-Influenza A"
"202416","16","04/14/2024","04/20/2024","2023-2024","Influenza B","10","Racine Ave PS","2024","18,262.5","10.26156022894","5.8","Low","202416-10-Influenza B"
"202448","48","11/24/2024","11/30/2024","2024-2025","Influenza B","10","Racine Ave PS","2024","0",,"0","Minimal","202448-10-Influenza B"
"202327","27","07/02/2023","07/08/2023","2022-2023","Influenza A","4","Austin/Montclare","2023","0",,"0","Minimal","202327-4-Influenza A"
"202237","37","09/11/2022","09/17/2022","2021-2022","SARS-CoV-2","5","Chicago Lawn/Ashburn","2022","1,190,250","12.07563819015","14.8","Very High","202237-5-SARS-CoV-2"
"202514","14","03/30/2025","04/05/2025","2024-2025","SARS-CoV-2","11","125th St PS","2025","29,887.5","10.47548958912","2.4","Low","202514-11-SARS-CoV-2"
"202516","16","04/13/2025","04/19/2025","2024-2025","Influenza A","999","All sites","2025","164,298.214285714","11.21563284323","0","Minimal","202516-999-Influenza A"
"202451","51","12/15/2024","12/21/2024","2024-2025","RSV","5","Chicago Lawn/Ashburn","2024","61,050","10.78568566828","12.6","Very High","202451-5-RSV"
"202452","52","12/22/2024","12/28/2024","2024-2025","Influenza B","6","West Pullman/Roseland","2024","0",,"0","Minimal","202452-6-Influenza B"
"202504","4","01/19/2025","01/25/2025","2024-2025","Influenza A","6","West Pullman/Roseland","2025","21,900","10.34044411484","6.4","Moderate","202504-6-Influenza A"
"202251","51","12/18/2022","12/24/2022","2022-2023","SARS-CoV-2","5","Chicago Lawn/Ashburn","2022","779,175","11.89163500966","11","Very High","202251-5-SARS-CoV-2"
"202517","17","04/20/2025","04/26/2025","2024-2025","Influenza B","11","125th St PS","2025","7,987.5","9.90241087117","5.2","Low","202517-11-Influenza B"
"202553","53","12/28/2025","01/03/2026","2025-2026","Influenza B","11","125th St PS","2025","0",,"0","Minimal","202553-11-Influenza B"
"202533","33","08/10/2025","08/16/2025","2024-2025","RSV","10","Racine Ave PS","2025","0",,"0","Minimal","202533-10-RSV"
"202527","27","06/29/2025","07/05/2025","2024-2025","Influenza A","10","Racine Ave PS","2025","12,750","10.10551018477","2.4","Minimal","202527-10-Influenza A"
"202435","35","08/25/2024","08/31/2024","2023-2024","Influenza A","6","West Pullman/Roseland","2024","2,062.5","9.31439395722","1","Minimal","202435-6-Influenza A"
"202536","36","08/31/2025","09/06/2025","2024-2025","RSV","9","North Branch PS","2025","0",,"0","Minimal","202536-9-RSV"
"202433","33","08/11/2024","08/17/2024","2023-2024","RSV","10","Racine Ave PS","2024","0",,"0","Minimal","202433-10-RSV"
"202219","19","05/08/2022","05/14/2022","2021-2022","Influenza B","4","Austin/Montclare","2022",,,"0","Minimal","202219-4-Influenza B"
"202447","47","11/17/2024","11/23/2024","2024-2025","Influenza A","999","All sites","2024","11,335.7142857143","10.05444889108","0","Minimal","202447-999-Influenza A"
"202426","26","06/23/2024","06/29/2024","2023-2024","RSV","6","West Pullman/Roseland","2024","0",,"0","Minimal","202426-6-RSV"
"202304","4","01/22/2023","01/28/2023","2022-2023","RSV","5","Chicago Lawn/Ashburn","2023",,,"0","Minimal","202304-5-RSV"
"202344","44","10/29/2023","11/04/2023","2023-2024","Influenza B","5","Chicago Lawn/Ashburn","2023","0",,"0","Minimal","202344-5-Influenza B"
"202332","32","08/06/2023","08/12/2023","2022-2023","RSV","6","West Pullman/Roseland","2023","0",,"0","Minimal","202332-6-RSV"
"202326","26","06/25/2023","07/01/2023","2022-2023","Influenza B","5","Chicago Lawn/Ashburn","2023","0",,"0","Minimal","202326-5-Influenza B"
"202325","25","06/18/2023","06/24/2023","2022-2023","SARS-CoV-2","9","North Branch PS","2023","49,725","10.6965747918","1.2","Minimal","202325-9-SARS-CoV-2"
"202601","1","01/04/2026","01/10/2026","2025-2026","Influenza A","4","Austin/Montclare","2026","214,520.333040005","11.33146846253","17.7","Very High","202601-4-Influenza A"
"202429","29","07/14/2024","07/20/2024","2023-2024","Influenza A","11","125th St PS","2024","2,062.5","9.31439395722","1","Minimal","202429-11-Influenza A"
"202526","26","06/22/2025","06/28/2025","2024-2025","Influenza B","11","125th St PS","2025","0",,"0","Minimal","202526-11-Influenza B"
"202407","7","02/11/2024","02/17/2024","2023-2024","SARS-CoV-2","11","125th St PS","2024","126,225","11.10114537937","6.7","High","202407-11-SARS-CoV-2"
"202342","42","10/15/2023","10/21/2023","2023-2024","RSV","10","Racine Ave PS","2023","1,950","9.29003461136","1","Minimal","202342-10-RSV"
"202429","29","07/14/2024","07/20/2024","2023-2024","Influenza B","9","North Branch PS","2024","0",,"0","Minimal","202429-9-Influenza B"
"202550","50","12/07/2025","12/13/2025","2025-2026","RSV","4","Austin/Montclare","2025","1,875","9.27300127206","0.9","Minimal","202550-4-RSV"
"202442","42","10/13/2024","10/19/2024","2024-2025","SARS-CoV-2","6","West Pullman/Roseland","2024","0",,"0","Minimal","202442-6-SARS-CoV-2"
"202250","50","12/11/2022","12/17/2022","2022-2023","RSV","6","West Pullman/Roseland","2022",,,"0","Minimal","202250-6-RSV"
"202352","52","12/24/2023","12/30/2023","2023-2024","SARS-CoV-2","8","Little Village","2023","522,262.5","11.71788884332","8.9","Very High","202352-8-SARS-CoV-2"
"202440","40","09/29/2024","10/05/2024","2024-2025","Influenza B","4","Austin/Montclare","2024","0",,"0","Minimal","202440-4-Influenza B"
"202507","7","02/09/2025","02/15/2025","2024-2025","Influenza A","10","Racine Ave PS","2025","230,250","11.36219963887","21.4","Very High","202507-10-Influenza A"
"202543","43","10/19/2025","10/25/2025","2025-2026","RSV","8","Little Village","2025","0",,"0","Minimal","202543-8-RSV"
"202509","9","02/23/2025","03/01/2025","2024-2025","RSV","11","125th St PS","2025","8,325","9.92038424218","3.4","Low","202509-11-RSV"
"202333","33","08/13/2023","08/19/2023","2022-2023","SARS-CoV-2","11","125th St PS","2023","100,725","11.00313727606","5.7","High","202333-11-SARS-CoV-2"
"202553","53","12/28/2025","01/03/2026","2025-2026","RSV","6","West Pullman/Roseland","2025","9,450","9.97543180851","2","Minimal","202553-6-RSV"
"202519","19","05/04/2025","05/10/2025","2024-2025","Influenza A","5","Chicago Lawn/Ashburn","2025","248,700","11.39567578527","17.6","High","202519-5-Influenza A"
"202539","39","09/21/2025","09/27/2025","2024-2025","SARS-CoV-2","9","North Branch PS","2025","67,275","10.82785370644","1.5","Minimal","202539-9-SARS-CoV-2"
"202546","46","11/09/2025","11/15/2025","2025-2026","SARS-CoV-2","6","West Pullman/Roseland","2025","20,737.5","10.31675639903","3","Low","202546-6-SARS-CoV-2"
"202525","25","06/15/2025","06/21/2025","2024-2025","SARS-CoV-2","999","All sites","2025","36,846.4285714286","10.5663953992","1.2","Minimal","202525-999-SARS-CoV-2"
"202553","53","12/28/2025","01/03/2026","2025-2026","Influenza B","999","All sites","2025","2,168.36983464583","9.33613335695","0","Minimal","202553-999-Influenza B"
"202525","25","06/15/2025","06/21/2025","2024-2025","RSV","9","North Branch PS","2025","0",,"0","Minimal","202525-9-RSV"
"202423","23","06/02/2024","06/08/2024","2023-2024","Influenza A","9","North Branch PS","2024","7,987.5","9.90241087117","1.7","Minimal","202423-9-Influenza A"
"202338","38","09/17/2023","09/23/2023","2022-2023","Influenza B","5","Chicago Lawn/Ashburn","2023","0",,"0","Minimal","202338-5-Influenza B"
"202534","34","08/17/2025","08/23/2025","2024-2025","Influenza A","10","Racine Ave PS","2025","0",,"0","Minimal","202534-10-Influenza A"
"202549","49","11/30/2025","12/06/2025","2025-2026","Influenza B","10","Racine Ave PS","2025","5,437.5","9.73539926996","3.1","Low","202549-10-Influenza B"
"202601","1","01/04/2026","01/10/2026","2025-2026","RSV","10","Racine Ave PS","2026","19,814.443992053","10.29698189022","3.6","Low","202601-10-RSV"
"202514","14","03/30/2025","04/05/2025","2024-2025","RSV","4","Austin/Montclare","2025","5,850","9.76715586608","1.3","Minimal","202514-4-RSV"
"202319","19","05/07/2023","05/13/2023","2022-2023","Influenza B","9","North Branch PS","2023","0",,"0","Minimal","202319-9-Influenza B"
"202515","15","04/06/2025","04/12/2025","2024-2025","RSV","4","Austin/Montclare","2025","0",,"0","Minimal","202515-4-RSV"
"202528","28","07/06/2025","07/12/2025","2024-2025","Influenza A","5","Chicago Lawn/Ashburn","2025","0",,"0","Minimal","202528-5-Influenza A"
"202306","6","02/05/2023","02/11/2023","2022-2023","Influenza B","4","Austin/Montclare","2023","0",,"0","Minimal","202306-4-Influenza B"
"202538","38","09/14/2025","09/20/2025","2024-2025","Influenza A","5","Chicago Lawn/Ashburn","2025","0",,"0","Minimal","202538-5-Influenza A"
"202447","47","11/17/2024","11/23/2024","2024-2025","RSV","4","Austin/Montclare","2024","3,937.5","9.5952205668","1.6","Minimal","202447-4-RSV"
"202325","25","06/18/2023","06/24/2023","2022-2023","Influenza B","4","Austin/Montclare","2023","0",,"0","Minimal","202325-4-Influenza B"
"202242","42","10/16/2022","10/22/2022","2022-2023","Influenza B","8","Little Village","2022","0",,"0","Minimal","202242-8-Influenza B"
"202432","32","08/04/2024","08/10/2024","2023-2024","Influenza A","11","125th St PS","2024","0",,"0","Minimal","202432-11-Influenza A"
"202446","46","11/10/2024","11/16/2024","2024-2025","RSV","999","All sites","2024","29,223.2142857143","10.46572798264","0","Minimal","202446-999-RSV"
"202413","13","03/24/2024","03/30/2024","2023-2024","Influenza A","6","West Pullman/Roseland","2024","4,050","9.60745502321","1","Minimal","202413-6-Influenza A"
"202542","42","10/12/2025","10/18/2025","2025-2026","SARS-CoV-2","10","Racine Ave PS","2025","3,825","9.58263143949","0.3","Minimal","202542-10-SARS-CoV-2"
"202317","17","04/23/2023","04/29/2023","2022-2023","SARS-CoV-2","5","Chicago Lawn/Ashburn","2023","253,237.5","11.40352801745","4.5","Moderate","202317-5-SARS-CoV-2"
"202505","5","01/26/2025","02/01/2025","2024-2025","RSV","9","North Branch PS","2025","78,750","10.89625056246","9.3","High","202505-9-RSV"
"202216","16","04/17/2022","04/23/2022","2021-2022","Influenza A","5","Chicago Lawn/Ashburn","2022",,,"0","Minimal","202216-5-Influenza A"
"202444","44","10/27/2024","11/02/2024","2024-2025","Influenza B","9","North Branch PS","2024","0",,"0","Minimal","202444-9-Influenza B"
"202446","46","11/10/2024","11/16/2024","2024-2025","Influenza B","999","All sites","2024","0",,"0","Minimal","202446-999-Influenza B"
"202305","5","01/29/2023","02/04/2023","2022-2023","Influenza B","4","Austin/Montclare","2023","4,050","9.60745502321","1","Minimal","202305-4-Influenza B"
"202334","34","08/20/2023","08/26/2023","2022-2023","SARS-CoV-2","5","Chicago Lawn/Ashburn","2023","273,562.5","11.43705656396","5.7","High","202334-5-SARS-CoV-2"
"202439","39","09/22/2024","09/28/2024","2023-2024","Influenza A","5","Chicago Lawn/Ashburn","2024","1,950","9.29003461136","1","Minimal","202439-5-Influenza A"
"202317","17","04/23/2023","04/29/2023","2022-2023","Influenza A","6","West Pullman/Roseland","2023","0",,"0","Minimal","202317-6-Influenza A"
"202451","51","12/15/2024","12/21/2024","2024-2025","Influenza A","9","North Branch PS","2024","33,825","10.52923780527","5.3","Low","202451-9-Influenza A"
"202307","7","02/12/2023","02/18/2023","2022-2023","Influenza A","8","Little Village","2023","18,750","10.27300127206","3.1","Low","202307-8-Influenza A"
"202519","19","05/04/2025","05/10/2025","2024-2025","Influenza B","8","Little Village","2025","0",,"0","Minimal","202519-8-Influenza B"
"202209","9","02/27/2022","03/05/2022","2021-2022","Influenza B","999","All sites","2022",,,"0","Minimal","202209-999-Influenza B"
"202306","6","02/05/2023","02/11/2023","2022-2023","RSV","8","Little Village","2023",,,"0","Minimal","202306-8-RSV"
"202350","50","12/10/2023","12/16/2023","2023-2024","RSV","9","North Branch PS","2023","153,300","11.18554215485","15.4","Very High","202350-9-RSV"
"202217","17","04/24/2022","04/30/2022","2021-2022","SARS-CoV-2","4","Austin/Montclare","2022","115,181.25","11.06138178738","2.5","Low","202217-4-SARS-CoV-2"
"202315","15","04/09/2023","04/15/2023","2022-2023","Influenza A","5","Chicago Lawn/Ashburn","2023","0",,"0","Minimal","202315-5-Influenza A"
"202518","18","04/27/2025","05/03/2025","2024-2025","RSV","4","Austin/Montclare","2025","3,937.5","9.5952205668","1.6","Minimal","202518-4-RSV"
"202312","12","03/19/2023","03/25/2023","2022-2023","RSV","5","Chicago Lawn/Ashburn","2023","1,950","9.29003461136","1","Minimal","202312-5-RSV"
"202437","37","09/08/2024","09/14/2024","2023-2024","RSV","8","Little Village","2024","0",,"0","Minimal","202437-8-RSV"
"202220","20","05/15/2022","05/21/2022","2021-2022","Influenza B","4","Austin/Montclare","2022",,,"0","Minimal","202220-4-Influenza B"
"202516","16","04/13/2025","04/19/2025","2024-2025","Influenza A","11","125th St PS","2025","0",,"0","Minimal","202516-11-Influenza A"
"202338","38","09/17/2023","09/23/2023","2022-2023","SARS-CoV-2","11","125th St PS","2023","93,300","10.96988164375","4.8","Moderate","202338-11-SARS-CoV-2"
"202418","18","04/28/2024","05/04/2024","2023-2024","Influenza B","8","Little Village","2024","2,025","9.30642502755","1","Minimal","202418-8-Influenza B"
"202422","22","05/26/2024","06/01/2024","2023-2024","RSV","4","Austin/Montclare","2024","0",,"0","Minimal","202422-4-RSV"
"202427","27","06/30/2024","07/06/2024","2023-2024","Influenza A","4","Austin/Montclare","2024","0",,"0","Minimal","202427-4-Influenza A"
"202314","14","04/02/2023","04/08/2023","2022-2023","Influenza B","999","All sites","2023","1,978.125","9.2962537317","0","Minimal","202314-999-Influenza B"
"202525","25","06/15/2025","06/21/2025","2024-2025","Influenza A","11","125th St PS","2025","4,012.5","9.60341504541","1.7","Minimal","202525-11-Influenza A"
"202421","21","05/19/2024","05/25/2024","2023-2024","Influenza A","11","125th St PS","2024","0",,"0","Minimal","202421-11-Influenza A"
"202349","49","12/03/2023","12/09/2023","2023-2024","RSV","999","All sites","2023","121,066.071428571","11.08302244987","11.7","Very High","202349-999-RSV"
"202543","43","10/19/2025","10/25/2025","2025-2026","RSV","999","All sites","2025","0",,"0","Minimal","202543-999-RSV"
"202527","27","06/29/2025","07/05/2025","2024-2025","SARS-CoV-2","6","West Pullman/Roseland","2025","6,600","9.81954393554","0.9","Minimal","202527-6-SARS-CoV-2"
"202326","26","06/25/2023","07/01/2023","2022-2023","Influenza B","8","Little Village","2023","0",,"0","Minimal","202326-8-Influenza B"
"202427","27","06/30/2024","07/06/2024","2023-2024","RSV","999","All sites","2024","0",,"0","Minimal","202427-999-RSV"
"202408","8","02/18/2024","02/24/2024","2023-2024","Influenza B","10","Racine Ave PS","2024","36,300","10.55990662504","12.4","High","202408-10-Influenza B"
"202520","20","05/11/2025","05/17/2025","2024-2025","Influenza B","5","Chicago Lawn/Ashburn","2025","1,950","9.29003461136","1","Minimal","202520-5-Influenza B"
"202351","51","12/17/2023","12/23/2023","2023-2024","Influenza B","5","Chicago Lawn/Ashburn","2023","7,987.5","9.90241087117","1.8","Minimal","202351-5-Influenza B"
"202438","38","09/15/2024","09/21/2024","2023-2024","RSV","4","Austin/Montclare","2024","0",,"0","Minimal","202438-4-RSV"
"202343","43","10/22/2023","10/28/2023","2023-2024","Influenza A","4","Austin/Montclare","2023","5,962.5","9.77542839205","1.3","Minimal","202343-4-Influenza A"
"202445","45","11/03/2024","11/09/2024","2024-2025","RSV","5","Chicago Lawn/Ashburn","2024","0",,"0","Minimal","202445-5-RSV"
"202434","34","08/18/2024","08/24/2024","2023-2024","SARS-CoV-2","999","All sites","2024","237,048.214285714","11.37483668807","5.2","Moderate","202434-999-SARS-CoV-2"
"202415","15","04/07/2024","04/13/2024","2023-2024","RSV","9","North Branch PS","2024","8,812.5","9.94509913","3.1","Low","202415-9-RSV"
"202545","45","11/02/2025","11/08/2025","2025-2026","RSV","999","All sites","2025","0",,"0","Minimal","202545-999-RSV"
"202504","4","01/19/2025","01/25/2025","2024-2025","SARS-CoV-2","999","All sites","2025","601,216.071428571","11.77903058143","8.6","Very High","202504-999-SARS-CoV-2"
"202346","46","11/12/2023","11/18/2023","2023-2024","Influenza A","11","125th St PS","2023","5,325","9.72631961211","1.2","Minimal","202346-11-Influenza A"
"202228","28","07/10/2022","07/16/2022","2021-2022","Influenza A","5","Chicago Lawn/Ashburn","2022",,,"0","Minimal","202228-5-Influenza A"
"202427","27","06/30/2024","07/06/2024","2023-2024","SARS-CoV-2","999","All sites","2024","122,758.928571429","11.08905308929","3.3","Low","202427-999-SARS-CoV-2"
"202550","50","12/07/2025","12/13/2025","2025-2026","Influenza A","8","Little Village","2025","11,287.5","10.05259776332","2.1","Minimal","202550-8-Influenza A"
"202516","16","04/13/2025","04/19/2025","2024-2025","Influenza A","10","Racine Ave PS","2025","7,950","9.90036712866","1.6","Minimal","202516-10-Influenza A"
"202535","35","08/24/2025","08/30/2025","2024-2025","Influenza A","9","North Branch PS","2025","0",,"0","Minimal","202535-9-Influenza A"
"202537","37","09/07/2025","09/13/2025","2024-2025","Influenza B","6","West Pullman/Roseland","2025","0",,"0","Minimal","202537-6-Influenza B"
"202318","18","04/30/2023","05/06/2023","2022-2023","SARS-CoV-2","999","All sites","2023","453,981.25","11.65703791632","7.8","High","202318-999-SARS-CoV-2"
"202521","21","05/18/2025","05/24/2025","2024-2025","Influenza A","6","West Pullman/Roseland","2025","0",,"0","Minimal","202521-6-Influenza A"
"202448","48","11/24/2024","11/30/2024","2024-2025","Influenza B","11","125th St PS","2024","0",,"0","Minimal","202448-11-Influenza B"
"202229","29","07/17/2022","07/23/2022","2021-2022","RSV","999","All sites","2022",,,"0","Minimal","202229-999-RSV"
"202340","40","10/01/2023","10/07/2023","2023-2024","Influenza A","4","Austin/Montclare","2023","0",,"0","Minimal","202340-4-Influenza A"
"202512","12","03/16/2025","03/22/2025","2024-2025","RSV","999","All sites","2025","22,901.7857142857","10.35986934678","3.6","Low","202512-999-RSV"
"202552","52","12/21/2025","12/27/2025","2025-2026","RSV","6","West Pullman/Roseland","2025","11,325","10.05403821068","2.4","Minimal","202552-6-RSV"
"202238","38","09/18/2022","09/24/2022","2021-2022","Influenza A","4","Austin/Montclare","2022",,,"0","Minimal","202238-4-Influenza A"
"202446","46","11/10/2024","11/16/2024","2024-2025","RSV","10","Racine Ave PS","2024","8,100","9.90848501888","1.7","Minimal","202446-10-RSV"
"202514","14","03/30/2025","04/05/2025","2024-2025","RSV","11","125th St PS","2025","0",,"0","Minimal","202514-11-RSV"
"202313","13","03/26/2023","04/01/2023","2022-2023","RSV","6","West Pullman/Roseland","2023","3,937.5","9.5952205668","1.8","Minimal","202313-6-RSV"
"202449","49","12/01/2024","12/07/2024","2024-2025","Influenza A","6","West Pullman/Roseland","2024","0",,"0","Minimal","202449-6-Influenza A"
"202511","11","03/09/2025","03/15/2025","2024-2025","SARS-CoV-2","999","All sites","2025","581,957.142857143","11.76489100302","0","Minimal","202511-999-SARS-CoV-2"
"202514","14","03/30/2025","04/05/2025","2024-2025","SARS-CoV-2","10","Racine Ave PS","2025","111,675","11.04795596114","3.2","Low","202514-10-SARS-CoV-2"
"202513","13","03/23/2025","03/29/2025","2024-2025","RSV","10","Racine Ave PS","2025","5,925","9.77268835468","1.4","Minimal","202513-10-RSV"
"202451","51","12/15/2024","12/21/2024","2024-2025","Influenza A","6","West Pullman/Roseland","2024","0",,"0","Minimal","202451-6-Influenza A"
"202323","23","06/04/2023","06/10/2023","2022-2023","Influenza A","4","Austin/Montclare","2023","0",,"0","Minimal","202323-4-Influenza A"
"202439","39","09/22/2024","09/28/2024","2023-2024","Influenza B","10","Racine Ave PS","2024","0",,"0","Minimal","202439-10-Influenza B"
"202430","30","07/21/2024","07/27/2024","2023-2024","Influenza A","8","Little Village","2024","38,250","10.58263143949","5.5","Low","202430-8-Influenza A"
"202309","9","02/26/2023","03/04/2023","2022-2023","SARS-CoV-2","5","Chicago Lawn/Ashburn","2023","427,912.5","11.6313549731","7.7","High","202309-5-SARS-CoV-2"
"202543","43","10/19/2025","10/25/2025","2025-2026","Influenza A","10","Racine Ave PS","2025","0",,"0","Minimal","202543-10-Influenza A"
"202602","2","01/11/2026","01/17/2026","2025-2026","Influenza A","9","North Branch PS","2026","24,132.2916165073","10.38259856472","3.8","Low","202602-9-Influenza A"
"202532","32","08/03/2025","08/09/2025","2024-2025","SARS-CoV-2","4","Austin/Montclare","2025","59,475","10.77433445071","1.8","Minimal","202532-4-SARS-CoV-2"
"202305","5","01/29/2023","02/04/2023","2022-2023","RSV","4","Austin/Montclare","2023",,,"0","Minimal","202305-4-RSV"
"202603","3","01/18/2026","01/24/2026","2025-2026","SARS-CoV-2","6","West Pullman/Roseland","2026","177,164.84","11.24837753635","8","Very High","202603-6-SARS-CoV-2"
"202601","1","01/04/2026","01/10/2026","2025-2026","RSV","999","All sites","2026","21,293.8428879659","10.32825404539","3.5","Low","202601-999-RSV"
"202526","26","06/22/2025","06/28/2025","2024-2025","Influenza B","5","Chicago Lawn/Ashburn","2025","0",,"0","Minimal","202526-5-Influenza B"
"202333","33","08/13/2023","08/19/2023","2022-2023","RSV","6","West Pullman/Roseland","2023","4,012.5","9.60341504541","1","Minimal","202333-6-RSV"
"202525","25","06/15/2025","06/21/2025","2024-2025","RSV","4","Austin/Montclare","2025","0",,"0","Minimal","202525-4-RSV"
"202309","9","02/26/2023","03/04/2023","2022-2023","RSV","4","Austin/Montclare","2023",,,"0","Minimal","202309-4-RSV"
"202601","1","01/04/2026","01/10/2026","2025-2026","RSV","4","Austin/Montclare","2026","11,663.5046954908","10.06682906854","2.1","Minimal","202601-4-RSV"
"202322","22","05/28/2023","06/03/2023","2022-2023","SARS-CoV-2","5","Chicago Lawn/Ashburn","2023","67,650","10.83026780093","2.4","Low","202322-5-SARS-CoV-2"
"202331","31","07/30/2023","08/05/2023","2022-2023","SARS-CoV-2","999","All sites","2023","145,478.571428571","11.16279902772","3.6","Moderate","202331-999-SARS-CoV-2"
"202227","27","07/03/2022","07/09/2022","2021-2022","SARS-CoV-2","6","West Pullman/Roseland","2022","3,619,375","12.55863358228","53.9","Very High","202227-6-SARS-CoV-2"
"202324","24","06/11/2023","06/17/2023","2022-2023","Influenza A","6","West Pullman/Roseland","2023","3,975","9.59933713299","2.1","Minimal","202324-6-Influenza A"
"202439","39","09/22/2024","09/28/2024","2023-2024","RSV","4","Austin/Montclare","2024","0",,"0","Minimal","202439-4-RSV"
"202207","7","02/13/2022","02/19/2022","2021-2022","Influenza A","6","West Pullman/Roseland","2022",,,"0","Minimal","202207-6-Influenza A"
"202511","11","03/09/2025","03/15/2025","2024-2025","Influenza A","5","Chicago Lawn/Ashburn","2025","105,600","11.0236639182","10.5","Moderate","202511-5-Influenza A"
"202323","23","06/04/2023","06/10/2023","2022-2023","Influenza A","5","Chicago Lawn/Ashburn","2023","0",,"0","Minimal","202323-5-Influenza A"
"202330","30","07/23/2023","07/29/2023","2022-2023","Influenza A","5","Chicago Lawn/Ashburn","2023","2,100","9.32221929473","1","Minimal","202330-5-Influenza A"
"202542","42","10/12/2025","10/18/2025","2025-2026","Influenza A","4","Austin/Montclare","2025","0",,"0","Minimal","202542-4-Influenza A"
"202249","49","12/04/2022","12/10/2022","2022-2023","Influenza A","8","Little Village","2022","349,012.5","11.54284098164","30.2","Very High","202249-8-Influenza A"
"202436","36","09/01/2024","09/07/2024","2023-2024","SARS-CoV-2","9","North Branch PS","2024","279,487.5","11.44636238896","4.5","Moderate","202436-9-SARS-CoV-2"
"202507","7","02/09/2025","02/15/2025","2024-2025","Influenza B","4","Austin/Montclare","2025","16,987.5","10.23012946974","6.6","Moderate","202507-4-Influenza B"
"202406","6","02/04/2024","02/10/2024","2023-2024","Influenza B","8","Little Village","2024","4,725","9.67440181285","1.3","Minimal","202406-8-Influenza B"
"202413","13","03/24/2024","03/30/2024","2023-2024","SARS-CoV-2","8","Little Village","2024","89,250","10.95060822478","2.5","Low","202413-8-SARS-CoV-2"
"202602","2","01/11/2026","01/17/2026","2025-2026","SARS-CoV-2","11","125th St PS","2026","74,089.52","10.86975678115","4.6","Moderate","202602-11-SARS-CoV-2"
"202434","34","08/18/2024","08/24/2024","2023-2024","Influenza B","10","Racine Ave PS","2024","0",,"0","Minimal","202434-10-Influenza B"
"202241","41","10/09/2022","10/15/2022","2022-2023","Influenza A","8","Little Village","2022","13,950","10.14457420761","2.6","Minimal","202241-8-Influenza A"
"202438","38","09/15/2024","09/21/2024","2023-2024","RSV","6","West Pullman/Roseland","2024","0",,"0","Minimal","202438-6-RSV"
"202411","11","03/10/2024","03/16/2024","2023-2024","Influenza B","5","Chicago Lawn/Ashburn","2024","30,412.5","10.48305212194","5.7","Low","202411-5-Influenza B"
"202246","46","11/13/2022","11/19/2022","2022-2023","RSV","8","Little Village","2022",,,"0","Minimal","202246-8-RSV"
"202540","40","09/28/2025","10/04/2025","2025-2026","Influenza A","6","West Pullman/Roseland","2025","0",,"0","Minimal","202540-6-Influenza A"
"202431","31","07/28/2024","08/03/2024","2023-2024","RSV","4","Austin/Montclare","2024","0",,"0","Minimal","202431-4-RSV"
"202208","8","02/20/2022","02/26/2022","2021-2022","Influenza B","4","Austin/Montclare","2022",,,"0","Minimal","202208-4-Influenza B"
"202547","47","11/16/2025","11/22/2025","2025-2026","Influenza B","9","North Branch PS","2025","0",,"0","Minimal","202547-9-Influenza B"
"202606","6","02/08/2026","02/14/2026","2025-2026","Influenza A","11","125th St PS","2026","22,389.174164357","10.35003807471","3.6","Low","202606-11-Influenza A"
"202313","13","03/26/2023","04/01/2023","2022-2023","Influenza A","8","Little Village","2023","11,812.5","10.07234182152","2.3","Minimal","202313-8-Influenza A"
"202247","47","11/20/2022","11/26/2022","2022-2023","Influenza B","4","Austin/Montclare","2022","0",,"0","Minimal","202247-4-Influenza B"
"202527","27","06/29/2025","07/05/2025","2024-2025","Influenza B","4","Austin/Montclare","2025","0",,"0","Minimal","202527-4-Influenza B"
"202325","25","06/18/2023","06/24/2023","2022-2023","RSV","10","Racine Ave PS","2023","5,325","9.72631961211","2.2","Minimal","202325-10-RSV"
"202403","3","01/14/2024","01/20/2024","2023-2024","SARS-CoV-2","999","All sites","2024","1,221,016.07142857","12.08672138031","16.9","Very High","202403-999-SARS-CoV-2"
"202527","27","06/29/2025","07/05/2025","2024-2025","RSV","11","125th St PS","2025","0",,"0","Minimal","202527-11-RSV"
"202524","24","06/08/2025","06/14/2025","2024-2025","Influenza A","6","West Pullman/Roseland","2025","0",,"0","Minimal","202524-6-Influenza A"
"202324","24","06/11/2023","06/17/2023","2022-2023","Influenza B","4","Austin/Montclare","2023","0",,"0","Minimal","202324-4-Influenza B"
"202414","14","03/31/2024","04/06/2024","2023-2024","SARS-CoV-2","5","Chicago Lawn/Ashburn","2024","399,525","11.60154396018","6.9","High","202414-5-SARS-CoV-2"
"202509","9","02/23/2025","03/01/2025","2024-2025","SARS-CoV-2","9","North Branch PS","2025","537,187.5","11.73012589837","7.4","High","202509-9-SARS-CoV-2"
"202517","17","04/20/2025","04/26/2025","2024-2025","Influenza A","9","North Branch PS","2025","84,675","10.92775520532","18.8","Very High","202517-9-Influenza A"
"202322","22","05/28/2023","06/03/2023","2022-2023","Influenza A","8","Little Village","2023","43,950","10.64295887941","6.2","Low","202322-8-Influenza A"
"202603","3","01/18/2026","01/24/2026","2025-2026","Influenza A","9","North Branch PS","2026","39,980.2103004175","10.60184507423","6.1","Low","202603-9-Influenza A"
"202419","19","05/05/2024","05/11/2024","2023-2024","Influenza B","9","North Branch PS","2024","4,275","9.63093611906","2.1","Minimal","202419-9-Influenza B"
"202513","13","03/23/2025","03/29/2025","2024-2025","Influenza B","5","Chicago Lawn/Ashburn","2025","0",,"0","Minimal","202513-5-Influenza B"
"202303","3","01/15/2023","01/21/2023","2022-2023","Influenza A","5","Chicago Lawn/Ashburn","2023","12,187.5","10.08591462871","2.2","Minimal","202303-5-Influenza A"
"202601","1","01/04/2026","01/10/2026","2025-2026","RSV","6","West Pullman/Roseland","2026","16,150.639052417","10.20818971128","3.2","Low","202601-6-RSV"
"202410","10","03/03/2024","03/09/2024","2023-2024","Influenza B","9","North Branch PS","2024","35,775","10.55357964243","8.6","Moderate","202410-9-Influenza B"
"202409","9","02/25/2024","03/02/2024","2023-2024","Influenza A","8","Little Village","2024","31,537.5","10.49882726353","4.8","Low","202409-8-Influenza A"
"202534","34","08/17/2025","08/23/2025","2024-2025","RSV","6","West Pullman/Roseland","2025","0",,"0","Minimal","202534-6-RSV"
"202340","40","10/01/2023","10/07/2023","2023-2024","SARS-CoV-2","11","125th St PS","2023","145,125","11.16174223275","7.4","High","202340-11-SARS-CoV-2"
"202245","45","11/06/2022","11/12/2022","2022-2023","Influenza A","6","West Pullman/Roseland","2022","4,050","9.60745502321","1","Minimal","202245-6-Influenza A"
"202431","31","07/28/2024","08/03/2024","2023-2024","SARS-CoV-2","4","Austin/Montclare","2024","129,112.5","11.11096829043","3","Low","202431-4-SARS-CoV-2"
"202334","34","08/20/2023","08/26/2023","2022-2023","SARS-CoV-2","6","West Pullman/Roseland","2023","96,337.5","10.98379537199","5.3","Moderate","202334-6-SARS-CoV-2"
"202530","30","07/20/2025","07/26/2025","2024-2025","SARS-CoV-2","999","All sites","2025","82,473.2142857143","10.91631292095","2.5","Low","202530-999-SARS-CoV-2"
"202308","8","02/19/2023","02/25/2023","2022-2023","RSV","8","Little Village","2023",,,"0","Minimal","202308-8-RSV"
"202551","51","12/14/2025","12/20/2025","2025-2026","Influenza A","999","All sites","2025","49,135.5565435304","10.69139587954","8.3","Moderate","202551-999-Influenza A"
"202321","21","05/21/2023","05/27/2023","2022-2023","Influenza A","10","Racine Ave PS","2023","4,012.5","9.60341504541","1.7","Minimal","202321-10-Influenza A"
"202209","9","02/27/2022","03/05/2022","2021-2022","Influenza A","4","Austin/Montclare","2022",,,"0","Minimal","202209-4-Influenza A"
"202347","47","11/19/2023","11/25/2023","2023-2024","Influenza A","4","Austin/Montclare","2023","28,087.5","10.44851308543","4.1","Low","202347-4-Influenza A"
"202435","35","08/25/2024","08/31/2024","2023-2024","Influenza B","11","125th St PS","2024","0",,"0","Minimal","202435-11-Influenza B"
"202224","24","06/12/2022","06/18/2022","2021-2022","SARS-CoV-2","4","Austin/Montclare","2022","47,100","10.67302090713","1.4","Minimal","202224-4-SARS-CoV-2"
"202416","16","04/14/2024","04/20/2024","2023-2024","Influenza A","11","125th St PS","2024","4,050","9.60745502321","1.7","Minimal","202416-11-Influenza A"
"202421","21","05/19/2024","05/25/2024","2023-2024","Influenza B","999","All sites","2024","2,314.28571428571","9.36441697453","0","Minimal","202421-999-Influenza B"
"202514","14","03/30/2025","04/05/2025","2024-2025","Influenza B","8","Little Village","2025","0",,"0","Minimal","202514-8-Influenza B"
"202448","48","11/24/2024","11/30/2024","2024-2025","Influenza A","10","Racine Ave PS","2024","1,987.5","9.29830713733","1","Minimal","202448-10-Influenza A"
"202404","4","01/21/2024","01/27/2024","2023-2024","Influenza A","4","Austin/Montclare","2024","63,900","10.80550085816","7.3","Moderate","202404-4-Influenza A"
"202315","15","04/09/2023","04/15/2023","2022-2023","Influenza A","6","West Pullman/Roseland","2023","0",,"0","Minimal","202315-6-Influenza A"
"202520","20","05/11/2025","05/17/2025","2024-2025","RSV","4","Austin/Montclare","2025","0",,"0","Minimal","202520-4-RSV"
"202431","31","07/28/2024","08/03/2024","2023-2024","RSV","9","North Branch PS","2024","0",,"0","Minimal","202431-9-RSV"
"202546","46","11/09/2025","11/15/2025","2025-2026","RSV","4","Austin/Montclare","2025","4,875","9.68797462003","1.1","Minimal","202546-4-RSV"
"202419","19","05/05/2024","05/11/2024","2023-2024","SARS-CoV-2","8","Little Village","2024","54,225","10.73419956069","1.7","Minimal","202419-8-SARS-CoV-2"
"202540","40","09/28/2025","10/04/2025","2025-2026","SARS-CoV-2","5","Chicago Lawn/Ashburn","2025","22,200","10.34635297445","1","Minimal","202540-5-SARS-CoV-2"
"202447","47","11/17/2024","11/23/2024","2024-2025","SARS-CoV-2","5","Chicago Lawn/Ashburn","2024","16,087.5","10.20648855991","0.9","Minimal","202447-5-SARS-CoV-2"
"202529","29","07/13/2025","07/19/2025","2024-2025","SARS-CoV-2","10","Racine Ave PS","2025","19,762.5","10.29584188294","1","Minimal","202529-10-SARS-CoV-2"
"202432","32","08/04/2024","08/10/2024","2023-2024","Influenza B","8","Little Village","2024","0",,"0","Minimal","202432-8-Influenza B"
"202430","30","07/21/2024","07/27/2024","2023-2024","Influenza B","8","Little Village","2024","0",,"0","Minimal","202430-8-Influenza B"
"202316","16","04/16/2023","04/22/2023","2022-2023","SARS-CoV-2","6","West Pullman/Roseland","2023","132,637.5","11.12266632754","6.5","High","202316-6-SARS-CoV-2"
"202335","35","08/27/2023","09/02/2023","2022-2023","SARS-CoV-2","8","Little Village","2023","125,037","11.09703854515","3.1","Low","202335-8-SARS-CoV-2"
"202340","40","10/01/2023","10/07/2023","2023-2024","SARS-CoV-2","5","Chicago Lawn/Ashburn","2023","184,237.5","11.26537803186","4.5","Moderate","202340-5-SARS-CoV-2"
"202521","21","05/18/2025","05/24/2025","2024-2025","SARS-CoV-2","9","North Branch PS","2025","167,475","11.22394998646","2.8","Low","202521-9-SARS-CoV-2"
"202405","5","01/28/2024","02/03/2024","2023-2024","Influenza B","10","Racine Ave PS","2024","2,025","9.30642502755","1","Minimal","202405-10-Influenza B"
"202544","44","10/26/2025","11/01/2025","2025-2026","RSV","10","Racine Ave PS","2025","0",,"0","Minimal","202544-10-RSV"
"202527","27","06/29/2025","07/05/2025","2024-2025","Influenza B","11","125th St PS","2025","0",,"0","Minimal","202527-11-Influenza B"
"202323","23","06/04/2023","06/10/2023","2022-2023","Influenza A","10","Racine Ave PS","2023","1,987.5","9.29830713733","1","Minimal","202323-10-Influenza A"
"202518","18","04/27/2025","05/03/2025","2024-2025","SARS-CoV-2","11","125th St PS","2025","20,062.5","10.30238504975","1.8","Minimal","202518-11-SARS-CoV-2"
"202447","47","11/17/2024","11/23/2024","2024-2025","RSV","6","West Pullman/Roseland","2024","0",,"0","Minimal","202447-6-RSV"
"202517","17","04/20/2025","04/26/2025","2024-2025","Influenza B","999","All sites","2025","13,082.1428571429","10.11667888732","5.7","Low","202517-999-Influenza B"
"202543","43","10/19/2025","10/25/2025","2025-2026","Influenza B","5","Chicago Lawn/Ashburn","2025","0",,"0","Minimal","202543-5-Influenza B"
"202517","17","04/20/2025","04/26/2025","2024-2025","Influenza A","11","125th St PS","2025","1,987.5","9.29830713733","1","Minimal","202517-11-Influenza A"
"202346","46","11/12/2023","11/18/2023","2023-2024","Influenza B","8","Little Village","2023","4,012.5","9.60341504541","1","Minimal","202346-8-Influenza B"
"202251","51","12/18/2022","12/24/2022","2022-2023","RSV","999","All sites","2022",,,"0","Minimal","202251-999-RSV"
"202209","9","02/27/2022","03/05/2022","2021-2022","Influenza A","6","West Pullman/Roseland","2022",,,"0","Minimal","202209-6-Influenza A"
"202417","17","04/21/2024","04/27/2024","2023-2024","SARS-CoV-2","8","Little Village","2024","97,762.5","10.9901722989","2.6","Low","202417-8-SARS-CoV-2"
"202237","37","09/11/2022","09/17/2022","2021-2022","SARS-CoV-2","6","West Pullman/Roseland","2022","85,125","10.93005712492","4.2","Moderate","202237-6-SARS-CoV-2"
"202234","34","08/21/2022","08/27/2022","2021-2022","RSV","6","West Pullman/Roseland","2022",,,"0","Minimal","202234-6-RSV"
"202526","26","06/22/2025","06/28/2025","2024-2025","RSV","6","West Pullman/Roseland","2025","0",,"0","Minimal","202526-6-RSV"
"202209","9","02/27/2022","03/05/2022","2021-2022","RSV","5","Chicago Lawn/Ashburn","2022",,,"0","Minimal","202209-5-RSV"
"202348","48","11/26/2023","12/02/2023","2023-2024","Influenza A","11","125th St PS","2023","9,862.5","9.99398701622","1.9","Minimal","202348-11-Influenza A"
"202437","37","09/08/2024","09/14/2024","2023-2024","Influenza B","8","Little Village","2024","0",,"0","Minimal","202437-8-Influenza B"
"202307","7","02/12/2023","02/18/2023","2022-2023","RSV","6","West Pullman/Roseland","2023",,,"0","Minimal","202307-6-RSV"
"202429","29","07/14/2024","07/20/2024","2023-2024","Influenza B","4","Austin/Montclare","2024","0",,"0","Minimal","202429-4-Influenza B"
"202552","52","12/21/2025","12/27/2025","2025-2026","RSV","10","Racine Ave PS","2025","11,025","10.04237859814","2.2","Minimal","202552-10-RSV"
"202517","17","04/20/2025","04/26/2025","2024-2025","Influenza A","10","Racine Ave PS","2025","13,875","10.14223299179","2.6","Minimal","202517-10-Influenza A"
"202347","47","11/19/2023","11/25/2023","2023-2024","Influenza A","6","West Pullman/Roseland","2023","9,975","9.99891290436","2.8","Low","202347-6-Influenza A"
"202509","9","02/23/2025","03/01/2025","2024-2025","SARS-CoV-2","6","West Pullman/Roseland","2025","187,350","11.27265369743","8.2","Very High","202509-6-SARS-CoV-2"
"202443","43","10/20/2024","10/26/2024","2024-2025","SARS-CoV-2","11","125th St PS","2024","12,075","10.08188713942","1.3","Minimal","202443-11-SARS-CoV-2"
"202450","50","12/08/2024","12/14/2024","2024-2025","Influenza A","10","Racine Ave PS","2024","38,137.5","10.58135222065","5.5","Low","202450-10-Influenza A"
"202433","33","08/11/2024","08/17/2024","2023-2024","RSV","9","North Branch PS","2024","0",,"0","Minimal","202433-9-RSV"
"202520","20","05/11/2025","05/17/2025","2024-2025","RSV","8","Little Village","2025","0",,"0","Minimal","202520-8-RSV"
"202540","40","09/28/2025","10/04/2025","2025-2026","RSV","10","Racine Ave PS","2025","0",,"0","Minimal","202540-10-RSV"
"202244","44","10/30/2022","11/05/2022","2022-2023","RSV","8","Little Village","2022",,,"0","Minimal","202244-8-RSV"
"202436","36","09/01/2024","09/07/2024","2023-2024","Influenza B","11","125th St PS","2024","0",,"0","Minimal","202436-11-Influenza B"
"202349","49","12/03/2023","12/09/2023","2023-2024","RSV","4","Austin/Montclare","2023","51,487.5","10.71170180496","6.2","Moderate","202349-4-RSV"
"202517","17","04/20/2025","04/26/2025","2024-2025","SARS-CoV-2","9","North Branch PS","2025","267,862.5","11.42791191785","3.9","Moderate","202517-9-SARS-CoV-2"
"202218","18","05/01/2022","05/07/2022","2021-2022","SARS-CoV-2","6","West Pullman/Roseland","2022","15,000","10.17609125906","1.6","Minimal","202218-6-SARS-CoV-2"
"202316","16","04/16/2023","04/22/2023","2022-2023","Influenza A","4","Austin/Montclare","2023","2,025","9.30642502755","1","Minimal","202316-4-Influenza A"
"202345","45","11/05/2023","11/11/2023","2023-2024","RSV","999","All sites","2023","68,239.2857142857","10.83403447226","0","Minimal","202345-999-RSV"
"202436","36","09/01/2024","09/07/2024","2023-2024","Influenza A","8","Little Village","2024","71,737.5","10.85574623776","8.2","Moderate","202436-8-Influenza A"
"202539","39","09/21/2025","09/27/2025","2024-2025","SARS-CoV-2","5","Chicago Lawn/Ashburn","2025","37,012.5","10.5683484204","1.6","Minimal","202539-5-SARS-CoV-2"
"202342","42","10/15/2023","10/21/2023","2023-2024","RSV","9","North Branch PS","2023","14,100","10.14921911266","4.3","Low","202342-9-RSV"
"202246","46","11/13/2022","11/19/2022","2022-2023","SARS-CoV-2","5","Chicago Lawn/Ashburn","2022","88,987.5","10.94932900595","2.8","Low","202246-5-SARS-CoV-2"
"202523","23","06/01/2025","06/07/2025","2024-2025","RSV","9","North Branch PS","2025","0",,"0","Minimal","202523-9-RSV"
"202543","43","10/19/2025","10/25/2025","2025-2026","RSV","9","North Branch PS","2025","0",,"0","Minimal","202543-9-RSV"
"202505","5","01/26/2025","02/01/2025","2024-2025","RSV","6","West Pullman/Roseland","2025","0",,"0","Minimal","202505-6-RSV"
"202325","25","06/18/2023","06/24/2023","2022-2023","Influenza B","6","West Pullman/Roseland","2023","0",,"0","Minimal","202325-6-Influenza B"
"202341","41","10/08/2023","10/14/2023","2023-2024","SARS-CoV-2","6","West Pullman/Roseland","2023","18,075","10.25707830597","1.7","Minimal","202341-6-SARS-CoV-2"
"202252","52","12/25/2022","12/31/2022","2022-2023","RSV","4","Austin/Montclare","2022",,,"0","Minimal","202252-4-RSV"
"202419","19","05/05/2024","05/11/2024","2023-2024","Influenza B","4","Austin/Montclare","2024","6,225","9.79413935577","1.8","Minimal","202419-4-Influenza B"
"202513","13","03/23/2025","03/29/2025","2024-2025","SARS-CoV-2","5","Chicago Lawn/Ashburn","2025","112,275","11.05028306373","3.2","Low","202513-5-SARS-CoV-2"
"202332","32","08/06/2023","08/12/2023","2022-2023","Influenza B","8","Little Village","2023","0",,"0","Minimal","202332-8-Influenza B"
"202513","13","03/23/2025","03/29/2025","2024-2025","Influenza A","6","West Pullman/Roseland","2025","1,987.5","9.29830713733","1","Minimal","202513-6-Influenza A"
"202431","31","07/28/2024","08/03/2024","2023-2024","SARS-CoV-2","5","Chicago Lawn/Ashburn","2024","82,800","10.91803033678","2.7","Low","202431-5-SARS-CoV-2"
"202442","42","10/13/2024","10/19/2024","2024-2025","SARS-CoV-2","9","North Branch PS","2024","6,262.5","9.79674773888","0.4","Minimal","202442-9-SARS-CoV-2"
"202215","15","04/10/2022","04/16/2022","2021-2022","Influenza B","4","Austin/Montclare","2022",,,"0","Minimal","202215-4-Influenza B"
"202351","51","12/17/2023","12/23/2023","2023-2024","Influenza A","11","125th St PS","2023","16,350","10.213517757","2.7","Minimal","202351-11-Influenza A"
"202529","29","07/13/2025","07/19/2025","2024-2025","Influenza A","8","Little Village","2025","0",,"0","Minimal","202529-8-Influenza A"
"202508","8","02/16/2025","02/22/2025","2024-2025","Influenza B","8","Little Village","2025","5,437.5","9.73539926996","3.7","Low","202508-8-Influenza B"
"202423","23","06/02/2024","06/08/2024","2023-2024","Influenza A","8","Little Village","2024","24,900","10.3961993471","3.8","Low","202423-8-Influenza A"
"202342","42","10/15/2023","10/21/2023","2023-2024","Influenza B","8","Little Village","2023","0",,"0","Minimal","202342-8-Influenza B"
"202419","19","05/05/2024","05/11/2024","2023-2024","RSV","10","Racine Ave PS","2024","0",,"0","Minimal","202419-10-RSV"
"202543","43","10/19/2025","10/25/2025","2025-2026","Influenza B","999","All sites","2025","1,092.85714285714","9.03856339514","0","Minimal","202543-999-Influenza B"
"202548","48","11/23/2025","11/29/2025","2025-2026","Influenza B","4","Austin/Montclare","2025","0",,"0","Minimal","202548-4-Influenza B"
"202333","33","08/13/2023","08/19/2023","2022-2023","Influenza A","10","Racine Ave PS","2023","3,975","9.59933713299","1","Minimal","202333-10-Influenza A"
"202449","49","12/01/2024","12/07/2024","2024-2025","Influenza A","8","Little Village","2024","15,787.5","10.19831336356","2.8","Low","202449-8-Influenza A"
"202425","25","06/16/2024","06/22/2024","2023-2024","Influenza A","8","Little Village","2024","70,275","10.84680085428","8.2","Moderate","202425-8-Influenza A"
"202247","47","11/20/2022","11/26/2022","2022-2023","Influenza B","5","Chicago Lawn/Ashburn","2022","0",,"0","Minimal","202247-5-Influenza B"
"202431","31","07/28/2024","08/03/2024","2023-2024","Influenza A","6","West Pullman/Roseland","2024","0",,"0","Minimal","202431-6-Influenza A"
"202237","37","09/11/2022","09/17/2022","2021-2022","SARS-CoV-2","999","All sites","2022","524,812.5","11.72000417053","8","Very High","202237-999-SARS-CoV-2"
"202420","20","05/12/2024","05/18/2024","2023-2024","Influenza B","999","All sites","2024","1,992.85714285714","9.2994761676","0","Minimal","202420-999-Influenza B"
"202317","17","04/23/2023","04/29/2023","2022-2023","RSV","8","Little Village","2023","0",,"0","Minimal","202317-8-RSV"
"202328","28","07/09/2023","07/15/2023","2022-2023","SARS-CoV-2","4","Austin/Montclare","2023","55,612.5","10.74517241876","1.7","Minimal","202328-4-SARS-CoV-2"
"202348","48","11/26/2023","12/02/2023","2023-2024","SARS-CoV-2","6","West Pullman/Roseland","2023","505,650","11.70385001158","15","Very High","202348-6-SARS-CoV-2"
"202351","51","12/17/2023","12/23/2023","2023-2024","SARS-CoV-2","11","125th St PS","2023","67,237.5","10.82761155729","4.3","Moderate","202351-11-SARS-CoV-2"
"202338","38","09/17/2023","09/23/2023","2022-2023","Influenza A","6","West Pullman/Roseland","2023","2,025","9.30642502755","1","Minimal","202338-6-Influenza A"
"202226","26","06/26/2022","07/02/2022","2021-2022","Influenza A","5","Chicago Lawn/Ashburn","2022",,,"0","Minimal","202226-5-Influenza A"
"202340","40","10/01/2023","10/07/2023","2023-2024","RSV","999","All sites","2023","18,798.2142857143","10.27411659593","0","Minimal","202340-999-RSV"
"202233","33","08/14/2022","08/20/2022","2021-2022","Influenza B","999","All sites","2022",,,"0","Minimal","202233-999-Influenza B"
"202544","44","10/26/2025","11/01/2025","2025-2026","Influenza B","10","Racine Ave PS","2025","0",,"0","Minimal","202544-10-Influenza B"
"202546","46","11/09/2025","11/15/2025","2025-2026","RSV","5","Chicago Lawn/Ashburn","2025","3,712.5","9.56966646233","1.6","Minimal","202546-5-RSV"
"202502","2","01/05/2025","01/11/2025","2024-2025","Influenza A","8","Little Village","2025","153,900","11.18723861983","16.1","High","202502-8-Influenza A"
"202504","4","01/19/2025","01/25/2025","2024-2025","RSV","10","Racine Ave PS","2025","28,500","10.45484486001","4.8","Low","202504-10-RSV"
"202509","9","02/23/2025","03/01/2025","2024-2025","RSV","5","Chicago Lawn/Ashburn","2025","4,237.5","9.62710971121","1.8","Minimal","202509-5-RSV"
"202525","25","06/15/2025","06/21/2025","2024-2025","Influenza B","4","Austin/Montclare","2025","0",,"0","Minimal","202525-4-Influenza B"
"202601","1","01/04/2026","01/10/2026","2025-2026","SARS-CoV-2","999","All sites","2026","567,960.851428571","11.75431840157","10","Very High","202601-999-SARS-CoV-2"
"202410","10","03/03/2024","03/09/2024","2023-2024","Influenza A","5","Chicago Lawn/Ashburn","2024","8,212.5","9.91447538257","2.8","Low","202410-5-Influenza A"
"202543","43","10/19/2025","10/25/2025","2025-2026","SARS-CoV-2","4","Austin/Montclare","2025","43,537.5","10.63886348747","1.5","Minimal","202543-4-SARS-CoV-2"
"202505","5","01/26/2025","02/01/2025","2024-2025","SARS-CoV-2","9","North Branch PS","2025","258,187.5","11.41193521232","4.2","Moderate","202505-9-SARS-CoV-2"
"202519","19","05/04/2025","05/10/2025","2024-2025","Influenza A","6","West Pullman/Roseland","2025","0",,"0","Minimal","202519-6-Influenza A"
"202551","51","12/14/2025","12/20/2025","2025-2026","Influenza B","4","Austin/Montclare","2025","0",,"0","Minimal","202551-4-Influenza B"
"202552","52","12/21/2025","12/27/2025","2025-2026","Influenza B","9","North Branch PS","2025","0",,"0","Minimal","202552-9-Influenza B"
"202434","34","08/18/2024","08/24/2024","2023-2024","Influenza B","5","Chicago Lawn/Ashburn","2024","0",,"0","Minimal","202434-5-Influenza B"
"202601","1","01/04/2026","01/10/2026","2025-2026","SARS-CoV-2","9","North Branch PS","2026","465,771.205","11.66817263599","6.6","High","202601-9-SARS-CoV-2"
"202314","14","04/02/2023","04/08/2023","2022-2023","RSV","4","Austin/Montclare","2023","0",,"0","Minimal","202314-4-RSV"
"202418","18","04/28/2024","05/04/2024","2023-2024","Influenza A","4","Austin/Montclare","2024","3,937.5","9.5952205668","1.6","Minimal","202418-4-Influenza A"
"202242","42","10/16/2022","10/22/2022","2022-2023","Influenza A","5","Chicago Lawn/Ashburn","2022","0",,"0","Minimal","202242-5-Influenza A"
"202530","30","07/20/2025","07/26/2025","2024-2025","Influenza B","6","West Pullman/Roseland","2025","0",,"0","Minimal","202530-6-Influenza B"
"202525","25","06/15/2025","06/21/2025","2024-2025","Influenza B","8","Little Village","2025","4,012.5","9.60341504541","2.5","Minimal","202525-8-Influenza B"
"202421","21","05/19/2024","05/25/2024","2023-2024","SARS-CoV-2","9","North Branch PS","2024","158,437.5","11.19985798101","2.9","Low","202421-9-SARS-CoV-2"
"202443","43","10/20/2024","10/26/2024","2024-2025","Influenza A","6","West Pullman/Roseland","2024","0",,"0","Minimal","202443-6-Influenza A"
"202510","10","03/02/2025","03/08/2025","2024-2025","SARS-CoV-2","4","Austin/Montclare","2025","744,937.5","11.87211983712","9.2","Very High","202510-4-SARS-CoV-2"
"202333","33","08/13/2023","08/19/2023","2022-2023","Influenza B","5","Chicago Lawn/Ashburn","2023","2,025","9.30642502755","1","Minimal","202333-5-Influenza B"
"202525","25","06/15/2025","06/21/2025","2024-2025","Influenza B","6","West Pullman/Roseland","2025","0",,"0","Minimal","202525-6-Influenza B"
"202243","43","10/23/2022","10/29/2022","2022-2023","RSV","4","Austin/Montclare","2022",,,"0","Minimal","202243-4-RSV"
"202550","50","12/07/2025","12/13/2025","2025-2026","SARS-CoV-2","11","125th St PS","2025","100,387.5","11.00167963891","5.7","High","202550-11-SARS-CoV-2"
"202313","13","03/26/2023","04/01/2023","2022-2023","Influenza A","999","All sites","2023","3,946.875","9.59625337224","0","Minimal","202313-999-Influenza A"
"202414","14","03/31/2024","04/06/2024","2023-2024","RSV","8","Little Village","2024","6,375","9.80448018911","1.4","Minimal","202414-8-RSV"
"202542","42","10/12/2025","10/18/2025","2025-2026","SARS-CoV-2","4","Austin/Montclare","2025","36,800","10.56584781867","1.7","Minimal","202542-4-SARS-CoV-2"
"202406","6","02/04/2024","02/10/2024","2023-2024","Influenza A","9","North Branch PS","2024","46,237.5","10.66499434432","6.7","Moderate","202406-9-Influenza A"
"202438","38","09/15/2024","09/21/2024","2023-2024","SARS-CoV-2","9","North Branch PS","2024","142,987.5","11.155298073","2.7","Low","202438-9-SARS-CoV-2"
"202501","1","12/29/2024","01/04/2025","2024-2025","RSV","4","Austin/Montclare","2025","103,987.5","11.01698113731","10.6","High","202501-4-RSV"
"202328","28","07/09/2023","07/15/2023","2022-2023","RSV","9","North Branch PS","2023","0",,"0","Minimal","202328-9-RSV"
"202438","38","09/15/2024","09/21/2024","2023-2024","RSV","8","Little Village","2024","0",,"0","Minimal","202438-8-RSV"
"202522","22","05/25/2025","05/31/2025","2024-2025","RSV","10","Racine Ave PS","2025","1,987.5","9.29830713733","1","Minimal","202522-10-RSV"
"202238","38","09/18/2022","09/24/2022","2021-2022","RSV","6","West Pullman/Roseland","2022",,,"0","Minimal","202238-6-RSV"
"202321","21","05/21/2023","05/27/2023","2022-2023","Influenza B","6","West Pullman/Roseland","2023","0",,"0","Minimal","202321-6-Influenza B"
"202603","3","01/18/2026","01/24/2026","2025-2026","Influenza B","4","Austin/Montclare","2026","0",,"0","Minimal","202603-4-Influenza B"
"202544","44","10/26/2025","11/01/2025","2025-2026","Influenza A","8","Little Village","2025","1,950","9.29003461136","1","Minimal","202544-8-Influenza A"
"202214","14","04/03/2022","04/09/2022","2021-2022","Influenza B","6","West Pullman/Roseland","2022",,,"0","Minimal","202214-6-Influenza B"
"202539","39","09/21/2025","09/27/2025","2024-2025","Influenza B","8","Little Village","2025","0",,"0","Minimal","202539-8-Influenza B"
"202311","11","03/12/2023","03/18/2023","2022-2023","Influenza B","8","Little Village","2023","2,025","9.30642502755","1","Minimal","202311-8-Influenza B"
"202449","49","12/01/2024","12/07/2024","2024-2025","SARS-CoV-2","9","North Branch PS","2024","123,000","11.08990511144","2.4","Low","202449-9-SARS-CoV-2"
"202350","50","12/10/2023","12/16/2023","2023-2024","RSV","6","West Pullman/Roseland","2023","37,837.5","10.57792243396","6.3","Moderate","202350-6-RSV"
"202401","1","12/31/2023","01/06/2024","2023-2024","Influenza B","5","Chicago Lawn/Ashburn","2024","6,262.5","9.79674773888","2.7","Minimal","202401-5-Influenza B"
"202339","39","09/24/2023","09/30/2023","2022-2023","Influenza B","11","125th St PS","2023","0",,"0","Minimal","202339-11-Influenza B"
"202452","52","12/22/2024","12/28/2024","2024-2025","Influenza B","999","All sites","2024","0",,"0","Minimal","202452-999-Influenza B"
"202341","41","10/08/2023","10/14/2023","2023-2024","Influenza B","11","125th St PS","2023","0",,"0","Minimal","202341-11-Influenza B"
"202419","19","05/05/2024","05/11/2024","2023-2024","Influenza A","4","Austin/Montclare","2024","0",,"0","Minimal","202419-4-Influenza A"
"202332","32","08/06/2023","08/12/2023","2022-2023","Influenza A","6","West Pullman/Roseland","2023","2,062.5","9.31439395722","1","Minimal","202332-6-Influenza A"
"202301","1","01/01/2023","01/07/2023","2022-2023","Influenza B","999","All sites","2023","0",,"0","Minimal","202301-999-Influenza B"
"202227","27","07/03/2022","07/09/2022","2021-2022","Influenza A","999","All sites","2022",,,"0","Minimal","202227-999-Influenza A"
"202349","49","12/03/2023","12/09/2023","2023-2024","Influenza B","10","Racine Ave PS","2023","2,025","9.30642502755","1","Minimal","202349-10-Influenza B"
"202550","50","12/07/2025","12/13/2025","2025-2026","Influenza A","11","125th St PS","2025","9,450","9.97543180851","3.2","Low","202550-11-Influenza A"
"202544","44","10/26/2025","11/01/2025","2025-2026","Influenza B","6","West Pullman/Roseland","2025","0",,"0","Minimal","202544-6-Influenza B"
"202348","48","11/26/2023","12/02/2023","2023-2024","RSV","8","Little Village","2023","186,487.5","11.27064972696","18.2","Very High","202348-8-RSV"
"202438","38","09/15/2024","09/21/2024","2023-2024","SARS-CoV-2","999","All sites","2024","117,353.571428571","11.06949631105","3.2","Low","202438-999-SARS-CoV-2"
"202536","36","08/31/2025","09/06/2025","2024-2025","RSV","999","All sites","2025","0",,"0","Minimal","202536-999-RSV"
"202323","23","06/04/2023","06/10/2023","2022-2023","Influenza B","10","Racine Ave PS","2023","0",,"0","Minimal","202323-10-Influenza B"
"202440","40","09/29/2024","10/05/2024","2024-2025","RSV","11","125th St PS","2024","0",,"0","Minimal","202440-11-RSV"
"202514","14","03/30/2025","04/05/2025","2024-2025","Influenza A","9","North Branch PS","2025","27,787.5","10.44384947571","4.4","Low","202514-9-Influenza A"
"202525","25","06/15/2025","06/21/2025","2024-2025","Influenza A","10","Racine Ave PS","2025","3,937.5","9.5952205668","1.7","Minimal","202525-10-Influenza A"
"202402","2","01/07/2024","01/13/2024","2023-2024","SARS-CoV-2","11","125th St PS","2024","1,476,300","12.16917461975","33.6","Very High","202402-11-SARS-CoV-2"
"202333","33","08/13/2023","08/19/2023","2022-2023","Influenza A","6","West Pullman/Roseland","2023","0",,"0","Minimal","202333-6-Influenza A"
"202413","13","03/24/2024","03/30/2024","2023-2024","Influenza A","4","Austin/Montclare","2024","16,012.5","10.20445914275","2.7","Minimal","202413-4-Influenza A"
"202452","52","12/22/2024","12/28/2024","2024-2025","Influenza B","11","125th St PS","2024","0",,"0","Minimal","202452-11-Influenza B"
"202349","49","12/03/2023","12/09/2023","2023-2024","Influenza B","999","All sites","2023","206,946.428571429","11.31585793586","0","Minimal","202349-999-Influenza B"
"202403","3","01/14/2024","01/20/2024","2023-2024","Influenza B","11","125th St PS","2024","0",,"0","Minimal","202403-11-Influenza B"
"202341","41","10/08/2023","10/14/2023","2023-2024","Influenza A","6","West Pullman/Roseland","2023","0",,"0","Minimal","202341-6-Influenza A"
"202437","37","09/08/2024","09/14/2024","2023-2024","Influenza B","10","Racine Ave PS","2024","0",,"0","Minimal","202437-10-Influenza B"
"202435","35","08/25/2024","08/31/2024","2023-2024","Influenza A","11","125th St PS","2024","1,987.5","9.29830713733","1","Minimal","202435-11-Influenza A"
"202345","45","11/05/2023","11/11/2023","2023-2024","Influenza B","5","Chicago Lawn/Ashburn","2023","0",,"0","Minimal","202345-5-Influenza B"
"202444","44","10/27/2024","11/02/2024","2024-2025","Influenza B","10","Racine Ave PS","2024","0",,"0","Minimal","202444-10-Influenza B"
"202417","17","04/21/2024","04/27/2024","2023-2024","RSV","9","North Branch PS","2024","15,787.5","10.19831336356","2.7","Low","202417-9-RSV"
"202535","35","08/24/2025","08/30/2025","2024-2025","Influenza B","11","125th St PS","2025","0",,"0","Minimal","202535-11-Influenza B"
"202424","24","06/09/2024","06/15/2024","2023-2024","Influenza A","4","Austin/Montclare","2024","0",,"0","Minimal","202424-4-Influenza A"
"202321","21","05/21/2023","05/27/2023","2022-2023","Influenza B","10","Racine Ave PS","2023","0",,"0","Minimal","202321-10-Influenza B"
"202530","30","07/20/2025","07/26/2025","2024-2025","Influenza B","11","125th St PS","2025","2,662.5","9.42528961645","1.4","Minimal","202530-11-Influenza B"
"202222","22","05/29/2022","06/04/2022","2021-2022","SARS-CoV-2","6","West Pullman/Roseland","2022","119,775","11.07836617953","6.2","High","202222-6-SARS-CoV-2"
"202301","1","01/01/2023","01/07/2023","2022-2023","SARS-CoV-2","5","Chicago Lawn/Ashburn","2023","1,040,250","12.01713772447","13.6","Very High","202301-5-SARS-CoV-2"
"202504","4","01/19/2025","01/25/2025","2024-2025","RSV","11","125th St PS","2025","176,100","11.24575935597","24.2","Very High","202504-11-RSV"
"202207","7","02/13/2022","02/19/2022","2021-2022","SARS-CoV-2","6","West Pullman/Roseland","2022","25,200","10.40140054078","2.2","Low","202207-6-SARS-CoV-2"
"202226","26","06/26/2022","07/02/2022","2021-2022","Influenza B","6","West Pullman/Roseland","2022",,,"0","Minimal","202226-6-Influenza B"
"202416","16","04/14/2024","04/20/2024","2023-2024","Influenza A","5","Chicago Lawn/Ashburn","2024","8,025","9.90444504108","1.7","Minimal","202416-5-Influenza A"
"202516","16","04/13/2025","04/19/2025","2024-2025","SARS-CoV-2","11","125th St PS","2025","37,350","10.57229060615","2.7","Low","202516-11-SARS-CoV-2"
"202401","1","12/31/2023","01/06/2024","2023-2024","Influenza B","11","125th St PS","2024","12,187.5","10.08591462871","8.5","Moderate","202401-11-Influenza B"
"202301","1","01/01/2023","01/07/2023","2022-2023","RSV","999","All sites","2023",,,"0","Minimal","202301-999-RSV"
"202452","52","12/22/2024","12/28/2024","2024-2025","Influenza B","8","Little Village","2024","0",,"0","Minimal","202452-8-Influenza B"
"202347","47","11/19/2023","11/25/2023","2023-2024","Influenza A","8","Little Village","2023","15,862.5","10.2003716351","2.8","Low","202347-8-Influenza A"
"202305","5","01/29/2023","02/04/2023","2022-2023","Influenza B","6","West Pullman/Roseland","2023","0",,"0","Minimal","202305-6-Influenza B"
"202318","18","04/30/2023","05/06/2023","2022-2023","Influenza B","11","125th St PS","2023","0",,"0","Minimal","202318-11-Influenza B"
"202507","7","02/09/2025","02/15/2025","2024-2025","Influenza B","999","All sites","2025","7,639.28571428571","9.88305275323","0","Minimal","202507-999-Influenza B"
"202337","37","09/10/2023","09/16/2023","2022-2023","RSV","5","Chicago Lawn/Ashburn","2023","3,900","9.59106460703","1.6","Minimal","202337-5-RSV"
"202547","47","11/16/2025","11/22/2025","2025-2026","RSV","6","West Pullman/Roseland","2025","0",,"0","Minimal","202547-6-RSV"
"202406","6","02/04/2024","02/10/2024","2023-2024","SARS-CoV-2","9","North Branch PS","2024","1,356,375","12.13237977649","15","Very High","202406-9-SARS-CoV-2"
"202213","13","03/27/2022","04/02/2022","2021-2022","RSV","6","West Pullman/Roseland","2022",,,"0","Minimal","202213-6-RSV"
"202402","2","01/07/2024","01/13/2024","2023-2024","Influenza A","6","West Pullman/Roseland","2024","26,250","10.41912930774","7.8","Moderate","202402-6-Influenza A"
"202436","36","09/01/2024","09/07/2024","2023-2024","RSV","11","125th St PS","2024","0",,"0","Minimal","202436-11-RSV"
"202246","46","11/13/2022","11/19/2022","2022-2023","Influenza B","6","West Pullman/Roseland","2022","0",,"0","Minimal","202246-6-Influenza B"
"202533","33","08/10/2025","08/16/2025","2024-2025","Influenza B","9","North Branch PS","2025","1,987.5","9.29830713733","1","Minimal","202533-9-Influenza B"
"202333","33","08/13/2023","08/19/2023","2022-2023","Influenza A","9","North Branch PS","2023","0",,"0","Minimal","202333-9-Influenza A"
"202537","37","09/07/2025","09/13/2025","2024-2025","Influenza B","11","125th St PS","2025","2,512.5","9.40010607043","1.3","Minimal","202537-11-Influenza B"
"202321","21","05/21/2023","05/27/2023","2022-2023","SARS-CoV-2","8","Little Village","2023","156,037.5","11.19322898352","3.7","Moderate","202321-8-SARS-CoV-2"
"202348","48","11/26/2023","12/02/2023","2023-2024","SARS-CoV-2","10","Racine Ave PS","2023","1,036,875","12.01572640337","14.3","Very High","202348-10-SARS-CoV-2"
"202342","42","10/15/2023","10/21/2023","2023-2024","Influenza A","10","Racine Ave PS","2023","0",,"0","Minimal","202342-10-Influenza A"
"202547","47","11/16/2025","11/22/2025","2025-2026","RSV","4","Austin/Montclare","2025","9,525","9.97886498435","1.8","Minimal","202547-4-RSV"
"202536","36","08/31/2025","09/06/2025","2024-2025","RSV","5","Chicago Lawn/Ashburn","2025","0",,"0","Minimal","202536-5-RSV"
"202448","48","11/24/2024","11/30/2024","2024-2025","SARS-CoV-2","10","Racine Ave PS","2024","70,987.5","10.85118188169","2.2","Low","202448-10-SARS-CoV-2"
"202240","40","10/02/2022","10/08/2022","2022-2023","Influenza B","8","Little Village","2022",,,"0","Minimal","202240-8-Influenza B"
"202531","31","07/27/2025","08/02/2025","2024-2025","Influenza B","5","Chicago Lawn/Ashburn","2025","2,137.5","9.3299061234","1.1","Minimal","202531-5-Influenza B"
"202447","47","11/17/2024","11/23/2024","2024-2025","SARS-CoV-2","4","Austin/Montclare","2024","14,325","10.15609463064","0.7","Minimal","202447-4-SARS-CoV-2"
"202446","46","11/10/2024","11/16/2024","2024-2025","Influenza A","5","Chicago Lawn/Ashburn","2024","0",,"0","Minimal","202446-5-Influenza A"
"202311","11","03/12/2023","03/18/2023","2022-2023","SARS-CoV-2","4","Austin/Montclare","2023","562,200","11.74989084127","7.4","High","202311-4-SARS-CoV-2"
"202351","51","12/17/2023","12/23/2023","2023-2024","Influenza A","999","All sites","2023","74,560.7142857143","10.87251005987","15.6","High","202351-999-Influenza A"
"202536","36","08/31/2025","09/06/2025","2024-2025","SARS-CoV-2","10","Racine Ave PS","2025","88,987.5","10.94932900595","2.7","Low","202536-10-SARS-CoV-2"
"202505","5","01/26/2025","02/01/2025","2024-2025","SARS-CoV-2","11","125th St PS","2025","216,262.5","11.33498121914","9.8","Very High","202505-11-SARS-CoV-2"
"202502","2","01/05/2025","01/11/2025","2024-2025","Influenza A","999","All sites","2025","154,441.071428571","11.18876280586","15.3","High","202502-999-Influenza A"
"202431","31","07/28/2024","08/03/2024","2023-2024","SARS-CoV-2","6","West Pullman/Roseland","2024","89,062.5","10.94969488169","5","Moderate","202431-6-SARS-CoV-2"
"202450","50","12/08/2024","12/14/2024","2024-2025","Influenza B","5","Chicago Lawn/Ashburn","2024","0",,"0","Minimal","202450-5-Influenza B"
"202329","29","07/16/2023","07/22/2023","2022-2023","Influenza A","8","Little Village","2023","2,025","9.30642502755","1","Minimal","202329-8-Influenza A"
"202430","30","07/21/2024","07/27/2024","2023-2024","SARS-CoV-2","10","Racine Ave PS","2024","123,412.5","11.09135915002","3.3","Low","202430-10-SARS-CoV-2"
"202541","41","10/05/2025","10/11/2025","2025-2026","Influenza B","11","125th St PS","2025","0",,"0","Minimal","202541-11-Influenza B"
"202501","1","12/29/2024","01/04/2025","2024-2025","RSV","6","West Pullman/Roseland","2025","5,925","9.77268835468","2.5","Minimal","202501-6-RSV"
"202252","52","12/25/2022","12/31/2022","2022-2023","SARS-CoV-2","999","All sites","2022","1,371,168.75","12.13709090678","16.8","Very High","202252-999-SARS-CoV-2"
"202524","24","06/08/2025","06/14/2025","2024-2025","SARS-CoV-2","11","125th St PS","2025","19,725","10.29501701188","1.8","Minimal","202524-11-SARS-CoV-2"
"202403","3","01/14/2024","01/20/2024","2023-2024","RSV","9","North Branch PS","2024","85,762.5","10.93329743233","9.8","High","202403-9-RSV"
"202552","52","12/21/2025","12/27/2025","2025-2026","Influenza B","11","125th St PS","2025","0",,"0","Minimal","202552-11-Influenza B"
"202248","48","11/27/2022","12/03/2022","2022-2023","Influenza B","999","All sites","2022","487.5","8.68797462003","0","Minimal","202248-999-Influenza B"
"202415","15","04/07/2024","04/13/2024","2023-2024","RSV","10","Racine Ave PS","2024","6,037.5","9.78085714376","2.4","Minimal","202415-10-RSV"
"202503","3","01/12/2025","01/18/2025","2024-2025","Influenza B","10","Racine Ave PS","2025","3,975","9.59933713299","1","Minimal","202503-10-Influenza B"
"202516","16","04/13/2025","04/19/2025","2024-2025","SARS-CoV-2","9","North Branch PS","2025","59,475","10.77433445071","1.4","Minimal","202516-9-SARS-CoV-2"
"202326","26","06/25/2023","07/01/2023","2022-2023","RSV","11","125th St PS","2023","4,612.5","9.66393637917","2","Minimal","202326-11-RSV"
"202323","23","06/04/2023","06/10/2023","2022-2023","RSV","8","Little Village","2023","3,900","9.59106460703","1.7","Minimal","202323-8-RSV"
"202512","12","03/16/2025","03/22/2025","2024-2025","Influenza A","8","Little Village","2025","79,500","10.90036712866","9.7","Moderate","202512-8-Influenza A"
"202249","49","12/04/2022","12/10/2022","2022-2023","Influenza B","4","Austin/Montclare","2022","0",,"0","Minimal","202249-4-Influenza B"
"202528","28","07/06/2025","07/12/2025","2024-2025","Influenza B","10","Racine Ave PS","2025","1,987.5","9.29830713733","1","Minimal","202528-10-Influenza B"
"202406","6","02/04/2024","02/10/2024","2023-2024","SARS-CoV-2","8","Little Village","2024","227,437.5","11.35686207293","4.8","Moderate","202406-8-SARS-CoV-2"
"202407","7","02/11/2024","02/17/2024","2023-2024","Influenza A","10","Racine Ave PS","2024","49,875","10.69788290869","6.7","Moderate","202407-10-Influenza A"
"202226","26","06/26/2022","07/02/2022","2021-2022","Influenza B","5","Chicago Lawn/Ashburn","2022",,,"0","Minimal","202226-5-Influenza B"
"202450","50","12/08/2024","12/14/2024","2024-2025","Influenza A","4","Austin/Montclare","2024","26,962.5","10.43076015811","3.8","Low","202450-4-Influenza A"
"202548","48","11/23/2025","11/29/2025","2025-2026","Influenza B","6","West Pullman/Roseland","2025","0",,"0","Minimal","202548-6-Influenza B"
"202346","46","11/12/2023","11/18/2023","2023-2024","Influenza A","10","Racine Ave PS","2023","3,900","9.59106460703","1","Minimal","202346-10-Influenza A"
"202412","12","03/17/2024","03/23/2024","2023-2024","Influenza A","5","Chicago Lawn/Ashburn","2024","5,962.5","9.77542839205","1.3","Minimal","202412-5-Influenza A"
"202536","36","08/31/2025","09/06/2025","2024-2025","Influenza B","9","North Branch PS","2025","0",,"0","Minimal","202536-9-Influenza B"
"202531","31","07/27/2025","08/02/2025","2024-2025","Influenza A","10","Racine Ave PS","2025","0",,"0","Minimal","202531-10-Influenza A"
"202504","4","01/19/2025","01/25/2025","2024-2025","SARS-CoV-2","5","Chicago Lawn/Ashburn","2025","295,575","11.47066769826","6.1","High","202504-5-SARS-CoV-2"
"202551","51","12/14/2025","12/20/2025","2025-2026","Influenza B","11","125th St PS","2025","0",,"0","Minimal","202551-11-Influenza B"
"202519","19","05/04/2025","05/10/2025","2024-2025","RSV","10","Racine Ave PS","2025","0",,"0","Minimal","202519-10-RSV"
"202549","49","11/30/2025","12/06/2025","2025-2026","Influenza B","5","Chicago Lawn/Ashburn","2025","7,275","9.86183299766","1.7","Minimal","202549-5-Influenza B"
"202536","36","08/31/2025","09/06/2025","2024-2025","Influenza A","999","All sites","2025","841.07142857143","8.92483288012","0","Minimal","202536-999-Influenza A"
"202509","9","02/23/2025","03/01/2025","2024-2025","Influenza A","9","North Branch PS","2025","169,987.5","11.23041698679","18.8","Very High","202509-9-Influenza A"
"202538","38","09/14/2025","09/20/2025","2024-2025","RSV","10","Racine Ave PS","2025","0",,"0","Minimal","202538-10-RSV"
"202548","48","11/23/2025","11/29/2025","2025-2026","SARS-CoV-2","6","West Pullman/Roseland","2025","18,975","10.27818178457","1.8","Minimal","202548-6-SARS-CoV-2"
"202425","25","06/16/2024","06/22/2024","2023-2024","SARS-CoV-2","4","Austin/Montclare","2024","452,887.5","11.65599033403","6.3","High","202425-4-SARS-CoV-2"
"202550","50","12/07/2025","12/13/2025","2025-2026","Influenza B","5","Chicago Lawn/Ashburn","2025","0",,"0","Minimal","202550-5-Influenza B"
"202415","15","04/07/2024","04/13/2024","2023-2024","SARS-CoV-2","10","Racine Ave PS","2024","207,750","11.31754103246","4.6","Moderate","202415-10-SARS-CoV-2"
"202602","2","01/11/2026","01/17/2026","2025-2026","Influenza A","11","125th St PS","2026","40,125.629529797","10.6034218591","5.7","Low","202602-11-Influenza A"
"202440","40","09/29/2024","10/05/2024","2024-2025","Influenza A","8","Little Village","2024","2,025","9.30642502755","1","Minimal","202440-8-Influenza A"
"202339","39","09/24/2023","09/30/2023","2022-2023","Influenza B","4","Austin/Montclare","2023","0",,"0","Minimal","202339-4-Influenza B"
"202535","35","08/24/2025","08/30/2025","2024-2025","Influenza B","999","All sites","2025","1,408.92857142857","9.1488889762","0","Minimal","202535-999-Influenza B"
"202352","52","12/24/2023","12/30/2023","2023-2024","Influenza A","11","125th St PS","2023","31,312.5","10.49571774321","4.6","Low","202352-11-Influenza A"
"202333","33","08/13/2023","08/19/2023","2022-2023","RSV","9","North Branch PS","2023","3,975","9.59933713299","1.7","Minimal","202333-9-RSV"
"202417","17","04/21/2024","04/27/2024","2023-2024","Influenza A","10","Racine Ave PS","2024","22,612.5","10.35434857987","3.7","Low","202417-10-Influenza A"
"202246","46","11/13/2022","11/19/2022","2022-2023","Influenza A","5","Chicago Lawn/Ashburn","2022","65,175","10.81408103984","7.1","Moderate","202246-5-Influenza A"
"202428","28","07/07/2024","07/13/2024","2023-2024","Influenza A","4","Austin/Montclare","2024","4,650","9.66745295289","1.1","Minimal","202428-4-Influenza A"
"202542","42","10/12/2025","10/18/2025","2025-2026","Influenza B","5","Chicago Lawn/Ashburn","2025","0",,"0","Minimal","202542-5-Influenza B"
"202532","32","08/03/2025","08/09/2025","2024-2025","Influenza A","999","All sites","2025","1,200","9.07918124605","0","Minimal","202532-999-Influenza A"
"202322","22","05/28/2023","06/03/2023","2022-2023","SARS-CoV-2","6","West Pullman/Roseland","2023","8,175","9.91248776133","1","Minimal","202322-6-SARS-CoV-2"
"202509","9","02/23/2025","03/01/2025","2024-2025","Influenza A","8","Little Village","2025","261,300","11.41713940973","24","Very High","202509-8-Influenza A"
"202230","30","07/24/2022","07/30/2022","2021-2022","Influenza A","6","West Pullman/Roseland","2022",,,"0","Minimal","202230-6-Influenza A"
"202510","10","03/02/2025","03/08/2025","2024-2025","Influenza A","9","North Branch PS","2025","101,625","11.0070005586","12.2","High","202510-9-Influenza A"
"202543","43","10/19/2025","10/25/2025","2025-2026","SARS-CoV-2","10","Racine Ave PS","2025","18,975","10.27818178457","0.9","Minimal","202543-10-SARS-CoV-2"
"202221","21","05/22/2022","05/28/2022","2021-2022","Influenza B","4","Austin/Montclare","2022",,,"0","Minimal","202221-4-Influenza B"
"202527","27","06/29/2025","07/05/2025","2024-2025","Influenza A","6","West Pullman/Roseland","2025","0",,"0","Minimal","202527-6-Influenza A"
"202334","34","08/20/2023","08/26/2023","2022-2023","RSV","9","North Branch PS","2023","1,987.5","9.29830713733","1","Minimal","202334-9-RSV"
"202407","7","02/11/2024","02/17/2024","2023-2024","RSV","11","125th St PS","2024","10,237.5","10.01019391477","2.2","Minimal","202407-11-RSV"
"202415","15","04/07/2024","04/13/2024","2023-2024","RSV","5","Chicago Lawn/Ashburn","2024","2,650","9.42324587394","1","Minimal","202415-5-RSV"
"202443","43","10/20/2024","10/26/2024","2024-2025","SARS-CoV-2","5","Chicago Lawn/Ashburn","2024","18,000","10.2552725051","1","Minimal","202443-5-SARS-CoV-2"
"202223","23","06/05/2022","06/11/2022","2021-2022","RSV","6","West Pullman/Roseland","2022",,,"0","Minimal","202223-6-RSV"
"202418","18","04/28/2024","05/04/2024","2023-2024","Influenza B","11","125th St PS","2024","2,025","9.30642502755","1","Minimal","202418-11-Influenza B"
"202344","44","10/29/2023","11/04/2023","2023-2024","SARS-CoV-2","6","West Pullman/Roseland","2023","163,912.5","11.21461207422","6.9","High","202344-6-SARS-CoV-2"
"202551","51","12/14/2025","12/20/2025","2025-2026","Influenza A","5","Chicago Lawn/Ashburn","2025","32,067.9775333137","10.50607157066","4.5","Low","202551-5-Influenza A"
"202451","51","12/15/2024","12/21/2024","2024-2025","Influenza A","8","Little Village","2024","105,000","11.02118929907","11.7","High","202451-8-Influenza A"
"202311","11","03/12/2023","03/18/2023","2022-2023","Influenza A","6","West Pullman/Roseland","2023","0",,"0","Minimal","202311-6-Influenza A"
"202226","26","06/26/2022","07/02/2022","2021-2022","Influenza A","6","West Pullman/Roseland","2022",,,"0","Minimal","202226-6-Influenza A"
"202321","21","05/21/2023","05/27/2023","2022-2023","RSV","11","125th St PS","2023","0",,"0","Minimal","202321-11-RSV"
"202548","48","11/23/2025","11/29/2025","2025-2026","RSV","999","All sites","2025","830.35714285714","8.91926492588","0","Minimal","202548-999-RSV"
"202517","17","04/20/2025","04/26/2025","2024-2025","Influenza B","10","Racine Ave PS","2025","19,837.5","10.29748693976","6.4","Moderate","202517-10-Influenza B"
"202506","6","02/02/2025","02/08/2025","2024-2025","Influenza B","5","Chicago Lawn/Ashburn","2025","0",,"0","Minimal","202506-5-Influenza B"
"202417","17","04/21/2024","04/27/2024","2023-2024","Influenza A","9","North Branch PS","2024","15,787.5","10.19831336356","2.9","Low","202417-9-Influenza A"
"202318","18","04/30/2023","05/06/2023","2022-2023","Influenza A","11","125th St PS","2023","0",,"0","Minimal","202318-11-Influenza A"
"202529","29","07/13/2025","07/19/2025","2024-2025","RSV","9","North Branch PS","2025","0",,"0","Minimal","202529-9-RSV"
"202546","46","11/09/2025","11/15/2025","2025-2026","Influenza A","5","Chicago Lawn/Ashburn","2025","1,875","9.27300127206","1","Minimal","202546-5-Influenza A"
"202220","20","05/15/2022","05/21/2022","2021-2022","SARS-CoV-2","5","Chicago Lawn/Ashburn","2022","117,225","11.06902024141","3.3","Low","202220-5-SARS-CoV-2"
"202243","43","10/23/2022","10/29/2022","2022-2023","RSV","8","Little Village","2022",,,"0","Minimal","202243-8-RSV"
"202426","26","06/23/2024","06/29/2024","2023-2024","RSV","9","North Branch PS","2024","0",,"0","Minimal","202426-9-RSV"
"202230","30","07/24/2022","07/30/2022","2021-2022","SARS-CoV-2","999","All sites","2022","196,650","11.29369395075","6.1","High","202230-999-SARS-CoV-2"
"202345","45","11/05/2023","11/11/2023","2023-2024","SARS-CoV-2","10","Racine Ave PS","2023","290,662.5","11.46338900462","6","High","202345-10-SARS-CoV-2"
"202419","19","05/05/2024","05/11/2024","2023-2024","Influenza A","8","Little Village","2024","3,937.5","9.5952205668","1.7","Minimal","202419-8-Influenza A"
"202243","43","10/23/2022","10/29/2022","2022-2023","RSV","999","All sites","2022",,,"0","Minimal","202243-999-RSV"
"202340","40","10/01/2023","10/07/2023","2023-2024","Influenza A","10","Racine Ave PS","2023","1,950","9.29003461136","1","Minimal","202340-10-Influenza A"
"202339","39","09/24/2023","09/30/2023","2022-2023","SARS-CoV-2","9","North Branch PS","2023","399,525","11.60154396018","5.7","High","202339-9-SARS-CoV-2"
"202552","52","12/21/2025","12/27/2025","2025-2026","SARS-CoV-2","9","North Branch PS","2025","259,200","11.4136349972","4.2","Moderate","202552-9-SARS-CoV-2"
"202538","38","09/14/2025","09/20/2025","2024-2025","RSV","6","West Pullman/Roseland","2025","0",,"0","Minimal","202538-6-RSV"
"202445","45","11/03/2024","11/09/2024","2024-2025","Influenza B","6","West Pullman/Roseland","2024","0",,"0","Minimal","202445-6-Influenza B"
"202241","41","10/09/2022","10/15/2022","2022-2023","SARS-CoV-2","6","West Pullman/Roseland","2022","34,050","10.53211711625","2.5","Low","202241-6-SARS-CoV-2"
"202344","44","10/29/2023","11/04/2023","2023-2024","SARS-CoV-2","4","Austin/Montclare","2023","693,450","11.84101515249","7.3","High","202344-4-SARS-CoV-2"
"202510","10","03/02/2025","03/08/2025","2024-2025","RSV","5","Chicago Lawn/Ashburn","2025","8,625","9.93575910375","3","Low","202510-5-RSV"
"202318","18","04/30/2023","05/06/2023","2022-2023","SARS-CoV-2","4","Austin/Montclare","2023","318,487.5","11.50309239181","5","Moderate","202318-4-SARS-CoV-2"
"202338","38","09/17/2023","09/23/2023","2022-2023","RSV","6","West Pullman/Roseland","2023","0",,"0","Minimal","202338-6-RSV"
"202418","18","04/28/2024","05/04/2024","2023-2024","Influenza B","5","Chicago Lawn/Ashburn","2024","53,887.5","10.73148803586","8.7","Moderate","202418-5-Influenza B"
"202306","6","02/05/2023","02/11/2023","2022-2023","Influenza B","8","Little Village","2023","3,937.5","9.5952205668","2.4","Minimal","202306-8-Influenza B"
"202312","12","03/19/2023","03/25/2023","2022-2023","Influenza A","6","West Pullman/Roseland","2023","0",,"0","Minimal","202312-6-Influenza A"
"202452","52","12/22/2024","12/28/2024","2024-2025","Influenza A","8","Little Village","2024","33,000","10.51851393988","5","Low","202452-8-Influenza A"
"202313","13","03/26/2023","04/01/2023","2022-2023","RSV","4","Austin/Montclare","2023","0",,"0","Minimal","202313-4-RSV"
"202301","1","01/01/2023","01/07/2023","2022-2023","Influenza A","6","West Pullman/Roseland","2023","3,975","9.59933713299","1","Minimal","202301-6-Influenza A"
"202211","11","03/13/2022","03/19/2022","2021-2022","RSV","999","All sites","2022",,,"0","Minimal","202211-999-RSV"
"202534","34","08/17/2025","08/23/2025","2024-2025","Influenza A","6","West Pullman/Roseland","2025","0",,"0","Minimal","202534-6-Influenza A"
"202601","1","01/04/2026","01/10/2026","2025-2026","RSV","9","North Branch PS","2026","15,542.5134554505","10.19152125202","2.8","Low","202601-9-RSV"
"202413","13","03/24/2024","03/30/2024","2023-2024","RSV","10","Racine Ave PS","2024","9,975","9.99891290436","3.6","Low","202413-10-RSV"
"202352","52","12/24/2023","12/30/2023","2023-2024","Influenza A","9","North Branch PS","2023","26,850","10.42894429004","4.4","Low","202352-9-Influenza A"
"202231","31","07/31/2022","08/06/2022","2021-2022","Influenza A","6","West Pullman/Roseland","2022",,,"0","Minimal","202231-6-Influenza A"
"202438","38","09/15/2024","09/21/2024","2023-2024","Influenza A","11","125th St PS","2024","0",,"0","Minimal","202438-11-Influenza A"
"202425","25","06/16/2024","06/22/2024","2023-2024","Influenza A","11","125th St PS","2024","0",,"0","Minimal","202425-11-Influenza A"
"202449","49","12/01/2024","12/07/2024","2024-2025","SARS-CoV-2","10","Racine Ave PS","2024","73,387.5","10.86562209339","2.2","Low","202449-10-SARS-CoV-2"
"202504","4","01/19/2025","01/25/2025","2024-2025","RSV","6","West Pullman/Roseland","2025","0",,"0","Minimal","202504-6-RSV"
"202315","15","04/09/2023","04/15/2023","2022-2023","SARS-CoV-2","5","Chicago Lawn/Ashburn","2023","148,012.5","11.17029839412","3.9","Moderate","202315-5-SARS-CoV-2"
"202428","28","07/07/2024","07/13/2024","2023-2024","SARS-CoV-2","11","125th St PS","2024","76,537.5","10.88387427244","4.6","Moderate","202428-11-SARS-CoV-2"
"202212","12","03/20/2022","03/26/2022","2021-2022","Influenza B","4","Austin/Montclare","2022",,,"0","Minimal","202212-4-Influenza B"
"202304","4","01/22/2023","01/28/2023","2022-2023","SARS-CoV-2","6","West Pullman/Roseland","2023","2,001,562.5","12.30136915576","34.3","Very High","202304-6-SARS-CoV-2"
"202349","49","12/03/2023","12/09/2023","2023-2024","RSV","9","North Branch PS","2023","236,512.5","11.37385409872","19.7","Very High","202349-9-RSV"
"202404","4","01/21/2024","01/27/2024","2023-2024","Influenza B","11","125th St PS","2024","6,000","9.77815125038","1.6","Minimal","202404-11-Influenza B"
"202434","34","08/18/2024","08/24/2024","2023-2024","RSV","999","All sites","2024","0",,"0","Minimal","202434-999-RSV"
"202541","41","10/05/2025","10/11/2025","2025-2026","SARS-CoV-2","8","Little Village","2025","12,600","10.10037054512","0.6","Minimal","202541-8-SARS-CoV-2"
"202403","3","01/14/2024","01/20/2024","2023-2024","RSV","11","125th St PS","2024","48,600","10.68663626926","8.4","High","202403-11-RSV"
"202533","33","08/10/2025","08/16/2025","2024-2025","SARS-CoV-2","4","Austin/Montclare","2025","71,287.5","10.85301338459","2","Minimal","202533-4-SARS-CoV-2"
"202251","51","12/18/2022","12/24/2022","2022-2023","RSV","8","Little Village","2022",,,"0","Minimal","202251-8-RSV"
"202335","35","08/27/2023","09/02/2023","2022-2023","Influenza B","8","Little Village","2023","0",,"0","Minimal","202335-8-Influenza B"
"202313","13","03/26/2023","04/01/2023","2022-2023","Influenza A","6","West Pullman/Roseland","2023","0",,"0","Minimal","202313-6-Influenza A"
"202236","36","09/04/2022","09/10/2022","2021-2022","Influenza B","4","Austin/Montclare","2022",,,"0","Minimal","202236-4-Influenza B"
"202433","33","08/11/2024","08/17/2024","2023-2024","Influenza B","9","North Branch PS","2024","0",,"0","Minimal","202433-9-Influenza B"
"202536","36","08/31/2025","09/06/2025","2024-2025","Influenza B","6","West Pullman/Roseland","2025","1,987.5","9.29830713733","1","Minimal","202536-6-Influenza B"
"202404","4","01/21/2024","01/27/2024","2023-2024","SARS-CoV-2","4","Austin/Montclare","2024","799,275","11.90269622917","9.8","Very High","202404-4-SARS-CoV-2"
"202430","30","07/21/2024","07/27/2024","2023-2024","SARS-CoV-2","9","North Branch PS","2024","478,762.5","11.68012012611","6.6","High","202430-9-SARS-CoV-2"
"202341","41","10/08/2023","10/14/2023","2023-2024","Influenza A","8","Little Village","2023","5,962.5","9.77542839205","1.3","Minimal","202341-8-Influenza A"
"202543","43","10/19/2025","10/25/2025","2025-2026","Influenza B","9","North Branch PS","2025","1,950","9.29003461136","1","Minimal","202543-9-Influenza B"
"202530","30","07/20/2025","07/26/2025","2024-2025","Influenza A","11","125th St PS","2025","0",,"0","Minimal","202530-11-Influenza A"
"202327","27","07/02/2023","07/08/2023","2022-2023","RSV","11","125th St PS","2023","0",,"0","Minimal","202327-11-RSV"
"202402","2","01/07/2024","01/13/2024","2023-2024","RSV","8","Little Village","2024","141,937.5","11.15209715156","14.9","Very High","202402-8-RSV"
"202526","26","06/22/2025","06/28/2025","2024-2025","Influenza A","5","Chicago Lawn/Ashburn","2025","1,950","9.29003461136","1","Minimal","202526-5-Influenza A"
"202515","15","04/06/2025","04/12/2025","2024-2025","SARS-CoV-2","4","Austin/Montclare","2025","219,487.5","11.34140979184","4.2","Moderate","202515-4-SARS-CoV-2"
"202212","12","03/20/2022","03/26/2022","2021-2022","RSV","999","All sites","2022",,,"0","Minimal","202212-999-RSV"
"202307","7","02/12/2023","02/18/2023","2022-2023","Influenza A","5","Chicago Lawn/Ashburn","2023","4,687.5","9.67094128074","1.1","Minimal","202307-5-Influenza A"
"202548","48","11/23/2025","11/29/2025","2025-2026","SARS-CoV-2","999","All sites","2025","60,867.8571428571","10.78438801265","1.9","Minimal","202548-999-SARS-CoV-2"
"202603","3","01/18/2026","01/24/2026","2025-2026","Influenza B","9","North Branch PS","2026","0",,"0","Minimal","202603-9-Influenza B"
"202518","18","04/27/2025","05/03/2025","2024-2025","SARS-CoV-2","8","Little Village","2025","75,412.5","10.87744333832","2.2","Low","202518-8-SARS-CoV-2"
"202531","31","07/27/2025","08/02/2025","2024-2025","Influenza A","6","West Pullman/Roseland","2025","0",,"0","Minimal","202531-6-Influenza A"
"202541","41","10/05/2025","10/11/2025","2025-2026","Influenza B","8","Little Village","2025","1,800","9.2552725051","0.9","Minimal","202541-8-Influenza B"
"202421","21","05/19/2024","05/25/2024","2023-2024","RSV","5","Chicago Lawn/Ashburn","2024","0",,"0","Minimal","202421-5-RSV"
"202316","16","04/16/2023","04/22/2023","2022-2023","SARS-CoV-2","999","All sites","2023","248,268.75","11.39492205763","5.1","Moderate","202316-999-SARS-CoV-2"
"202406","6","02/04/2024","02/10/2024","2023-2024","Influenza A","999","All sites","2024","41,351.7857142857","10.61649426864","6","Low","202406-999-Influenza A"
"202517","17","04/20/2025","04/26/2025","2024-2025","SARS-CoV-2","5","Chicago Lawn/Ashburn","2025","114,562.5","11.05904248231","3.3","Low","202517-5-SARS-CoV-2"
"202335","35","08/27/2023","09/02/2023","2022-2023","Influenza B","4","Austin/Montclare","2023","1,896.5","9.27795284704","1","Minimal","202335-4-Influenza B"
"202333","33","08/13/2023","08/19/2023","2022-2023","SARS-CoV-2","8","Little Village","2023","143,737.5","11.15757008698","3.5","Moderate","202333-8-SARS-CoV-2"
"202601","1","01/04/2026","01/10/2026","2025-2026","SARS-CoV-2","8","Little Village","2026","447,194.105","11.65049606996","7.8","High","202601-8-SARS-CoV-2"
"202340","40","10/01/2023","10/07/2023","2023-2024","Influenza B","4","Austin/Montclare","2023","0",,"0","Minimal","202340-4-Influenza B"
"202537","37","09/07/2025","09/13/2025","2024-2025","Influenza B","4","Austin/Montclare","2025","0",,"0","Minimal","202537-4-Influenza B"
"202416","16","04/14/2024","04/20/2024","2023-2024","Influenza B","11","125th St PS","2024","14,100","10.14921911266","4.5","Low","202416-11-Influenza B"
"202415","15","04/07/2024","04/13/2024","2023-2024","Influenza B","5","Chicago Lawn/Ashburn","2024","158,700","11.20057692675","21.6","Very High","202415-5-Influenza B"
"202338","38","09/17/2023","09/23/2023","2022-2023","RSV","11","125th St PS","2023","3,937.5","9.5952205668","1.8","Minimal","202338-11-RSV"
"202327","27","07/02/2023","07/08/2023","2022-2023","Influenza B","8","Little Village","2023","0",,"0","Minimal","202327-8-Influenza B"
"202520","20","05/11/2025","05/17/2025","2024-2025","RSV","999","All sites","2025","562.5","8.75012252678","0","Minimal","202520-999-RSV"
"202525","25","06/15/2025","06/21/2025","2024-2025","RSV","5","Chicago Lawn/Ashburn","2025","0",,"0","Minimal","202525-5-RSV"
"202411","11","03/10/2024","03/16/2024","2023-2024","Influenza B","8","Little Village","2024","17,925","10.25345916434","7.2","Moderate","202411-8-Influenza B"
"202450","50","12/08/2024","12/14/2024","2024-2025","Influenza B","4","Austin/Montclare","2024","1,987.5","9.29830713733","1","Minimal","202450-4-Influenza B"
"202416","16","04/14/2024","04/20/2024","2023-2024","Influenza B","999","All sites","2024","16,767.8571428571","10.22447756526","6.8","Moderate","202416-999-Influenza B"
"202541","41","10/05/2025","10/11/2025","2025-2026","Influenza B","999","All sites","2025","514.28571428571","8.71120446075","0","Minimal","202541-999-Influenza B"
"202427","27","06/30/2024","07/06/2024","2023-2024","Influenza B","6","West Pullman/Roseland","2024","0",,"0","Minimal","202427-6-Influenza B"
"202318","18","04/30/2023","05/06/2023","2022-2023","RSV","999","All sites","2023","337.5","8.52827377717","0","Minimal","202318-999-RSV"
"202449","49","12/01/2024","12/07/2024","2024-2025","Influenza B","8","Little Village","2024","0",,"0","Minimal","202449-8-Influenza B"
"202435","35","08/25/2024","08/31/2024","2023-2024","RSV","11","125th St PS","2024","0",,"0","Minimal","202435-11-RSV"
"202545","45","11/02/2025","11/08/2025","2025-2026","Influenza B","4","Austin/Montclare","2025","0",,"0","Minimal","202545-4-Influenza B"
"202343","43","10/22/2023","10/28/2023","2023-2024","Influenza B","5","Chicago Lawn/Ashburn","2023","0",,"0","Minimal","202343-5-Influenza B"
"202411","11","03/10/2024","03/16/2024","2023-2024","Influenza B","9","North Branch PS","2024","19,800","10.29666519026","4.8","Low","202411-9-Influenza B"
"202542","42","10/12/2025","10/18/2025","2025-2026","RSV","999","All sites","2025","541.07142857143","8.7332546015","0","Minimal","202542-999-RSV"
"202426","26","06/23/2024","06/29/2024","2023-2024","Influenza A","5","Chicago Lawn/Ashburn","2024","2,662.5","9.42528961645","1.2","Minimal","202426-5-Influenza A"
"202510","10","03/02/2025","03/08/2025","2024-2025","RSV","4","Austin/Montclare","2025","20,700","10.31597034546","3.3","Low","202510-4-RSV"
"202308","8","02/19/2023","02/25/2023","2022-2023","RSV","4","Austin/Montclare","2023",,,"0","Minimal","202308-4-RSV"
"202433","33","08/11/2024","08/17/2024","2023-2024","Influenza A","4","Austin/Montclare","2024","0",,"0","Minimal","202433-4-Influenza A"
"202334","34","08/20/2023","08/26/2023","2022-2023","RSV","10","Racine Ave PS","2023","2,100","9.32221929473","1","Minimal","202334-10-RSV"
"202542","42","10/12/2025","10/18/2025","2025-2026","RSV","10","Racine Ave PS","2025","0",,"0","Minimal","202542-10-RSV"
"202528","28","07/06/2025","07/12/2025","2024-2025","SARS-CoV-2","999","All sites","2025","25,044.6428571429","10.39871484292","1.2","Minimal","202528-999-SARS-CoV-2"
"202344","44","10/29/2023","11/04/2023","2023-2024","Influenza B","11","125th St PS","2023","0",,"0","Minimal","202344-11-Influenza B"
"202438","38","09/15/2024","09/21/2024","2023-2024","RSV","999","All sites","2024","0",,"0","Minimal","202438-999-RSV"
"202337","37","09/10/2023","09/16/2023","2022-2023","Influenza A","10","Racine Ave PS","2023","2,025","9.30642502755","1","Minimal","202337-10-Influenza A"
"202510","10","03/02/2025","03/08/2025","2024-2025","SARS-CoV-2","10","Racine Ave PS","2025","3,168,337.5","12.50083143762","26.4","Very High","202510-10-SARS-CoV-2"
"202534","34","08/17/2025","08/23/2025","2024-2025","SARS-CoV-2","5","Chicago Lawn/Ashburn","2025","5,887.5","9.76993092014","0.8","Minimal","202534-5-SARS-CoV-2"
"202428","28","07/07/2024","07/13/2024","2023-2024","SARS-CoV-2","4","Austin/Montclare","2024","826,687.5","11.91734137089","9.8","Very High","202428-4-SARS-CoV-2"
"202539","39","09/21/2025","09/27/2025","2024-2025","Influenza B","6","West Pullman/Roseland","2025","0",,"0","Minimal","202539-6-Influenza B"
"202513","13","03/23/2025","03/29/2025","2024-2025","Influenza A","10","Racine Ave PS","2025","51,562.5","10.71233396589","6.7","Moderate","202513-10-Influenza A"
"202330","30","07/23/2023","07/29/2023","2022-2023","Influenza B","5","Chicago Lawn/Ashburn","2023","4,125","9.61542395289","1","Minimal","202330-5-Influenza B"
"202344","44","10/29/2023","11/04/2023","2023-2024","Influenza A","9","North Branch PS","2023","4,050","9.60745502321","1","Minimal","202344-9-Influenza A"
"202324","24","06/11/2023","06/17/2023","2022-2023","Influenza A","9","North Branch PS","2023","0",,"0","Minimal","202324-9-Influenza A"
"202232","32","08/07/2022","08/13/2022","2021-2022","Influenza A","4","Austin/Montclare","2022",,,"0","Minimal","202232-4-Influenza A"
"202514","14","03/30/2025","04/05/2025","2024-2025","Influenza B","4","Austin/Montclare","2025","7,837.5","9.89417755384","5.5","Low","202514-4-Influenza B"
"202506","6","02/02/2025","02/08/2025","2024-2025","Influenza A","6","West Pullman/Roseland","2025","0",,"0","Minimal","202506-6-Influenza A"
"202235","35","08/28/2022","09/03/2022","2021-2022","RSV","4","Austin/Montclare","2022",,,"0","Minimal","202235-4-RSV"
"202524","24","06/08/2025","06/14/2025","2024-2025","SARS-CoV-2","4","Austin/Montclare","2025","337,087.5","11.52774264816","4.8","Moderate","202524-4-SARS-CoV-2"
"202602","2","01/11/2026","01/17/2026","2025-2026","Influenza B","8","Little Village","2026","0",,"0","Minimal","202602-8-Influenza B"
"202342","42","10/15/2023","10/21/2023","2023-2024","Influenza B","4","Austin/Montclare","2023","0",,"0","Minimal","202342-4-Influenza B"
"202519","19","05/04/2025","05/10/2025","2024-2025","Influenza B","6","West Pullman/Roseland","2025","4,012.5","9.60341504541","1.9","Minimal","202519-6-Influenza B"
"202312","12","03/19/2023","03/25/2023","2022-2023","Influenza B","8","Little Village","2023","4,087.5","9.61145776567","1","Minimal","202312-8-Influenza B"
"202443","43","10/20/2024","10/26/2024","2024-2025","RSV","5","Chicago Lawn/Ashburn","2024","0",,"0","Minimal","202443-5-RSV"
"202228","28","07/10/2022","07/16/2022","2021-2022","Influenza B","4","Austin/Montclare","2022",,,"0","Minimal","202228-4-Influenza B"
"202515","15","04/06/2025","04/12/2025","2024-2025","SARS-CoV-2","5","Chicago Lawn/Ashburn","2025","28,725","10.45826003736","1.4","Minimal","202515-5-SARS-CoV-2"
"202504","4","01/19/2025","01/25/2025","2024-2025","Influenza A","8","Little Village","2025","144,600","11.16016829296","15.5","High","202504-8-Influenza A"
"202441","41","10/06/2024","10/12/2024","2024-2025","Influenza B","6","West Pullman/Roseland","2024","0",,"0","Minimal","202441-6-Influenza B"
"202225","25","06/19/2022","06/25/2022","2021-2022","Influenza B","999","All sites","2022",,,"0","Minimal","202225-999-Influenza B"
"202216","16","04/17/2022","04/23/2022","2021-2022","Influenza A","999","All sites","2022",,,"0","Minimal","202216-999-Influenza A"
"202421","21","05/19/2024","05/25/2024","2023-2024","SARS-CoV-2","11","125th St PS","2024","18,562.5","10.26863646666","1.7","Minimal","202421-11-SARS-CoV-2"
"202518","18","04/27/2025","05/03/2025","2024-2025","SARS-CoV-2","10","Racine Ave PS","2025","71,512.5","10.85438196077","2.3","Low","202518-10-SARS-CoV-2"
"202529","29","07/13/2025","07/19/2025","2024-2025","SARS-CoV-2","999","All sites","2025","37,869.6428571429","10.57829120937","1.2","Minimal","202529-999-SARS-CoV-2"
"202312","12","03/19/2023","03/25/2023","2022-2023","Influenza B","4","Austin/Montclare","2023","6,075","9.78354628227","1.7","Minimal","202312-4-Influenza B"
"202448","48","11/24/2024","11/30/2024","2024-2025","Influenza B","5","Chicago Lawn/Ashburn","2024","0",,"0","Minimal","202448-5-Influenza B"
"202418","18","04/28/2024","05/04/2024","2023-2024","RSV","8","Little Village","2024","0",,"0","Minimal","202418-8-RSV"
"202543","43","10/19/2025","10/25/2025","2025-2026","RSV","10","Racine Ave PS","2025","0",,"0","Minimal","202543-10-RSV"
"202601","1","01/04/2026","01/10/2026","2025-2026","Influenza B","10","Racine Ave PS","2026","5,874.271654263","9.76895402649","3.4","Low","202601-10-Influenza B"
"202448","48","11/24/2024","11/30/2024","2024-2025","Influenza A","6","West Pullman/Roseland","2024","0",,"0","Minimal","202448-6-Influenza A"
"202421","21","05/19/2024","05/25/2024","2023-2024","Influenza B","6","West Pullman/Roseland","2024","10,125","10.00539503189","4.7","Low","202421-6-Influenza B"
"202318","18","04/30/2023","05/06/2023","2022-2023","Influenza B","9","North Branch PS","2023","4,050","9.60745502321","1","Minimal","202318-9-Influenza B"
"202522","22","05/25/2025","05/31/2025","2024-2025","Influenza A","6","West Pullman/Roseland","2025","0",,"0","Minimal","202522-6-Influenza A"
"202319","19","05/07/2023","05/13/2023","2022-2023","RSV","6","West Pullman/Roseland","2023","0",,"0","Minimal","202319-6-RSV"
"202351","51","12/17/2023","12/23/2023","2023-2024","Influenza A","6","West Pullman/Roseland","2023","79,687.5","10.90139020211","55","Very High","202351-6-Influenza A"
"202428","28","07/07/2024","07/13/2024","2023-2024","SARS-CoV-2","9","North Branch PS","2024","242,062.5","11.38392751433","3.9","Moderate","202428-9-SARS-CoV-2"
"202311","11","03/12/2023","03/18/2023","2022-2023","RSV","4","Austin/Montclare","2023","4,200","9.6232492904","1.7","Minimal","202311-4-RSV"
"202337","37","09/10/2023","09/16/2023","2022-2023","SARS-CoV-2","6","West Pullman/Roseland","2023","132,375","11.12180597312","6.3","High","202337-6-SARS-CoV-2"
"202533","33","08/10/2025","08/16/2025","2024-2025","Influenza A","5","Chicago Lawn/Ashburn","2025","0",,"0","Minimal","202533-5-Influenza A"
"202543","43","10/19/2025","10/25/2025","2025-2026","SARS-CoV-2","5","Chicago Lawn/Ashburn","2025","11,175","10.0482475318","0.7","Minimal","202543-5-SARS-CoV-2"
"202315","15","04/09/2023","04/15/2023","2022-2023","RSV","6","West Pullman/Roseland","2023","0",,"0","Minimal","202315-6-RSV"
"202308","8","02/19/2023","02/25/2023","2022-2023","Influenza B","4","Austin/Montclare","2023","0",,"0","Minimal","202308-4-Influenza B"
"202416","16","04/14/2024","04/20/2024","2023-2024","Influenza A","999","All sites","2024","9,283.92857142857","9.96773179043","2.2","Minimal","202416-999-Influenza A"
"202523","23","06/01/2025","06/07/2025","2024-2025","Influenza B","8","Little Village","2025","1,950","9.29003461136","1","Minimal","202523-8-Influenza B"
"202214","14","04/03/2022","04/09/2022","2021-2022","SARS-CoV-2","4","Austin/Montclare","2022","11,166.6666666667","10.04792355232","0.6","Minimal","202214-4-SARS-CoV-2"
"202342","42","10/15/2023","10/21/2023","2023-2024","SARS-CoV-2","8","Little Village","2023","550,575","11.74081648746","8.5","Very High","202342-8-SARS-CoV-2"
"202351","51","12/17/2023","12/23/2023","2023-2024","RSV","10","Racine Ave PS","2023","7,875","9.89625056246","3","Low","202351-10-RSV"
"202602","2","01/11/2026","01/17/2026","2025-2026","RSV","10","Racine Ave PS","2026","12,060.7216976387","10.08137329619","2.4","Minimal","202602-10-RSV"
"202444","44","10/27/2024","11/02/2024","2024-2025","RSV","9","North Branch PS","2024","0",,"0","Minimal","202444-9-RSV"
"202516","16","04/13/2025","04/19/2025","2024-2025","Influenza B","999","All sites","2025","1,982.14285714286","9.29713495178","0","Minimal","202516-999-Influenza B"
"202545","45","11/02/2025","11/08/2025","2025-2026","Influenza A","6","West Pullman/Roseland","2025","0",,"0","Minimal","202545-6-Influenza A"
"202435","35","08/25/2024","08/31/2024","2023-2024","RSV","10","Racine Ave PS","2024","0",,"0","Minimal","202435-10-RSV"
"202506","6","02/02/2025","02/08/2025","2024-2025","SARS-CoV-2","9","North Branch PS","2025","1,247,250","12.09595351261","14.2","Very High","202506-9-SARS-CoV-2"
"202411","11","03/10/2024","03/16/2024","2023-2024","SARS-CoV-2","9","North Branch PS","2024","402,562.5","11.6048333165","5.9","High","202411-9-SARS-CoV-2"
"202444","44","10/27/2024","11/02/2024","2024-2025","RSV","6","West Pullman/Roseland","2024","0",,"0","Minimal","202444-6-RSV"
"202208","8","02/20/2022","02/26/2022","2021-2022","SARS-CoV-2","4","Austin/Montclare","2022","8,100","9.90848501888","0.8","Minimal","202208-4-SARS-CoV-2"
"202423","23","06/02/2024","06/08/2024","2023-2024","SARS-CoV-2","8","Little Village","2024","95,212.5","10.9786939686","2.5","Low","202423-8-SARS-CoV-2"
"202418","18","04/28/2024","05/04/2024","2023-2024","SARS-CoV-2","8","Little Village","2024","61,237.5","10.78701745246","1.9","Minimal","202418-8-SARS-CoV-2"
"202306","6","02/05/2023","02/11/2023","2022-2023","Influenza A","4","Austin/Montclare","2023","0",,"0","Minimal","202306-4-Influenza A"
"202250","50","12/11/2022","12/17/2022","2022-2023","SARS-CoV-2","6","West Pullman/Roseland","2022","922,087.5","11.96477213468","22.8","Very High","202250-6-SARS-CoV-2"
"202549","49","11/30/2025","12/06/2025","2025-2026","Influenza A","10","Racine Ave PS","2025","21,975","10.34192888375","3.6","Low","202549-10-Influenza A"
"202547","47","11/16/2025","11/22/2025","2025-2026","SARS-CoV-2","6","West Pullman/Roseland","2025","1,875","9.27300127206","0.6","Minimal","202547-6-SARS-CoV-2"
"202539","39","09/21/2025","09/27/2025","2024-2025","Influenza A","11","125th St PS","2025","1,875","9.27300127206","1","Minimal","202539-11-Influenza A"
"202248","48","11/27/2022","12/03/2022","2022-2023","Influenza B","4","Austin/Montclare","2022","0",,"0","Minimal","202248-4-Influenza B"
"202236","36","09/04/2022","09/10/2022","2021-2022","SARS-CoV-2","6","West Pullman/Roseland","2022","283,275","11.45220824822","11","Very High","202236-6-SARS-CoV-2"
"202550","50","12/07/2025","12/13/2025","2025-2026","RSV","11","125th St PS","2025","0",,"0","Minimal","202550-11-RSV"
"202441","41","10/06/2024","10/12/2024","2024-2025","SARS-CoV-2","9","North Branch PS","2024","53,925","10.73179015377","1.2","Minimal","202441-9-SARS-CoV-2"
"202423","23","06/02/2024","06/08/2024","2023-2024","Influenza B","10","Racine Ave PS","2024","4,125","9.61542395289","2.3","Minimal","202423-10-Influenza B"
"202406","6","02/04/2024","02/10/2024","2023-2024","Influenza A","10","Racine Ave PS","2024","54,262.5","10.73449979885","7.2","Moderate","202406-10-Influenza A"
"202247","47","11/20/2022","11/26/2022","2022-2023","SARS-CoV-2","6","West Pullman/Roseland","2022","20,137.5","10.30400555343","1.9","Minimal","202247-6-SARS-CoV-2"
"202231","31","07/31/2022","08/06/2022","2021-2022","Influenza A","5","Chicago Lawn/Ashburn","2022",,,"0","Minimal","202231-5-Influenza A"
"202307","7","02/12/2023","02/18/2023","2022-2023","Influenza B","999","All sites","2023","1,331.25","9.12425962078","0","Minimal","202307-999-Influenza B"
"202430","30","07/21/2024","07/27/2024","2023-2024","Influenza B","4","Austin/Montclare","2024","0",,"0","Minimal","202430-4-Influenza B"
"202439","39","09/22/2024","09/28/2024","2023-2024","RSV","5","Chicago Lawn/Ashburn","2024","0",,"0","Minimal","202439-5-RSV"
"202342","42","10/15/2023","10/21/2023","2023-2024","Influenza A","5","Chicago Lawn/Ashburn","2023","8,137.5","9.91049100158","2.8","Low","202342-5-Influenza A"
"202543","43","10/19/2025","10/25/2025","2025-2026","SARS-CoV-2","6","West Pullman/Roseland","2025","0",,"0","Minimal","202543-6-SARS-CoV-2"
"202534","34","08/17/2025","08/23/2025","2024-2025","Influenza B","4","Austin/Montclare","2025","0",,"0","Minimal","202534-4-Influenza B"
"202416","16","04/14/2024","04/20/2024","2023-2024","Influenza A","10","Racine Ave PS","2024","34,800","10.54157924395","5.1","Low","202416-10-Influenza A"
"202450","50","12/08/2024","12/14/2024","2024-2025","SARS-CoV-2","5","Chicago Lawn/Ashburn","2024","159,862.5","11.20374660037","4","Moderate","202450-5-SARS-CoV-2"
"202229","29","07/17/2022","07/23/2022","2021-2022","SARS-CoV-2","999","All sites","2022","139,475","11.14449637008","4.2","Moderate","202229-999-SARS-CoV-2"
"202321","21","05/21/2023","05/27/2023","2022-2023","SARS-CoV-2","6","West Pullman/Roseland","2023","65,625","10.81706931641","4","Moderate","202321-6-SARS-CoV-2"
"202343","43","10/22/2023","10/28/2023","2023-2024","SARS-CoV-2","10","Racine Ave PS","2023","202,162.5","11.30570059956","4.6","Moderate","202343-10-SARS-CoV-2"
"202449","49","12/01/2024","12/07/2024","2024-2025","SARS-CoV-2","8","Little Village","2024","94,762.5","10.97663650965","2.6","Low","202449-8-SARS-CoV-2"
"202327","27","07/02/2023","07/08/2023","2022-2023","Influenza A","9","North Branch PS","2023","0",,"0","Minimal","202327-9-Influenza A"
"202516","16","04/13/2025","04/19/2025","2024-2025","SARS-CoV-2","10","Racine Ave PS","2025","63,562.5","10.80320097027","2.1","Low","202516-10-SARS-CoV-2"
"202417","17","04/21/2024","04/27/2024","2023-2024","Influenza B","11","125th St PS","2024","0",,"0","Minimal","202417-11-Influenza B"
"202303","3","01/15/2023","01/21/2023","2022-2023","SARS-CoV-2","6","West Pullman/Roseland","2023","2,841,375","12.45352855498","50.9","Very High","202303-6-SARS-CoV-2"
"202315","15","04/09/2023","04/15/2023","2022-2023","Influenza B","8","Little Village","2023","0",,"0","Minimal","202315-8-Influenza B"
"202603","3","01/18/2026","01/24/2026","2025-2026","RSV","6","West Pullman/Roseland","2026","3,612.1750676352","9.55776879066","0.9","Minimal","202603-6-RSV"
"202528","28","07/06/2025","07/12/2025","2024-2025","RSV","5","Chicago Lawn/Ashburn","2025","0",,"0","Minimal","202528-5-RSV"
"202209","9","02/27/2022","03/05/2022","2021-2022","Influenza A","5","Chicago Lawn/Ashburn","2022",,,"0","Minimal","202209-5-Influenza A"
"202305","5","01/29/2023","02/04/2023","2022-2023","Influenza A","5","Chicago Lawn/Ashburn","2023","3,937.5","9.5952205668","1.6","Minimal","202305-5-Influenza A"
"202440","40","09/29/2024","10/05/2024","2024-2025","Influenza B","8","Little Village","2024","0",,"0","Minimal","202440-8-Influenza B"
"202213","13","03/27/2022","04/02/2022","2021-2022","SARS-CoV-2","6","West Pullman/Roseland","2022","16,300","10.2121876044","1.6","Minimal","202213-6-SARS-CoV-2"
"202309","9","02/26/2023","03/04/2023","2022-2023","Influenza A","5","Chicago Lawn/Ashburn","2023","0",,"0","Minimal","202309-5-Influenza A"
"202335","35","08/27/2023","09/02/2023","2022-2023","SARS-CoV-2","5","Chicago Lawn/Ashburn","2023","67,264.5","10.82778591828","2.4","Low","202335-5-SARS-CoV-2"
"202533","33","08/10/2025","08/16/2025","2024-2025","SARS-CoV-2","10","Racine Ave PS","2025","839,925","11.92424050804","10.5","Very High","202533-10-SARS-CoV-2"
"202418","18","04/28/2024","05/04/2024","2023-2024","Influenza B","999","All sites","2024","11,148.2142857143","10.04720530793","0","Minimal","202418-999-Influenza B"
"202338","38","09/17/2023","09/23/2023","2022-2023","SARS-CoV-2","8","Little Village","2023","184,687.5","11.26643750256","4.2","Moderate","202338-8-SARS-CoV-2"
"202519","19","05/04/2025","05/10/2025","2024-2025","Influenza A","8","Little Village","2025","87,525","10.94213211944","10.6","Moderate","202519-8-Influenza A"
"202328","28","07/09/2023","07/15/2023","2022-2023","Influenza B","999","All sites","2023","283.92857142857","8.45320909731","0","Minimal","202328-999-Influenza B"
"202313","13","03/26/2023","04/01/2023","2022-2023","Influenza B","5","Chicago Lawn/Ashburn","2023","5,887.5","9.76993092014","1.4","Minimal","202313-5-Influenza B"
"202520","20","05/11/2025","05/17/2025","2024-2025","Influenza B","6","West Pullman/Roseland","2025","3,937.5","9.5952205668","1","Minimal","202520-6-Influenza B"
"202414","14","03/31/2024","04/06/2024","2023-2024","Influenza A","5","Chicago Lawn/Ashburn","2024","13,987.5","10.14574009954","2.4","Minimal","202414-5-Influenza A"
"202322","22","05/28/2023","06/03/2023","2022-2023","RSV","8","Little Village","2023","0",,"0","Minimal","202322-8-RSV"
"202340","40","10/01/2023","10/07/2023","2023-2024","Influenza A","11","125th St PS","2023","0",,"0","Minimal","202340-11-Influenza A"
"202309","9","02/26/2023","03/04/2023","2022-2023","Influenza A","6","West Pullman/Roseland","2023","0",,"0","Minimal","202309-6-Influenza A"
"202335","35","08/27/2023","09/02/2023","2022-2023","SARS-CoV-2","6","West Pullman/Roseland","2023","69,620.5","10.84273713797","4.2","Moderate","202335-6-SARS-CoV-2"
"202321","21","05/21/2023","05/27/2023","2022-2023","Influenza B","8","Little Village","2023","7,800","9.89209460269","6","Low","202321-8-Influenza B"
"202534","34","08/17/2025","08/23/2025","2024-2025","SARS-CoV-2","4","Austin/Montclare","2025","20,025","10.30157252476","0.9","Minimal","202534-4-SARS-CoV-2"
"202316","16","04/16/2023","04/22/2023","2022-2023","RSV","999","All sites","2023","1,490.625","9.17336840072","0","Minimal","202316-999-RSV"
"202331","31","07/30/2023","08/05/2023","2022-2023","Influenza A","9","North Branch PS","2023","1,950","9.29003461136","1","Minimal","202331-9-Influenza A"
"202419","19","05/05/2024","05/11/2024","2023-2024","SARS-CoV-2","999","All sites","2024","42,953.5714285714","10.63299927963","2","Minimal","202419-999-SARS-CoV-2"
"202315","15","04/09/2023","04/15/2023","2022-2023","SARS-CoV-2","6","West Pullman/Roseland","2023","353,100","11.54789771756","12.4","Very High","202315-6-SARS-CoV-2"
"202408","8","02/18/2024","02/24/2024","2023-2024","SARS-CoV-2","11","125th St PS","2024","984,037.5","11.99301164897","28.1","Very High","202408-11-SARS-CoV-2"
"202533","33","08/10/2025","08/16/2025","2024-2025","Influenza A","4","Austin/Montclare","2025","0",,"0","Minimal","202533-4-Influenza A"
"202234","34","08/21/2022","08/27/2022","2021-2022","SARS-CoV-2","999","All sites","2022","261,850","11.41805257824","6","High","202234-999-SARS-CoV-2"
"202423","23","06/02/2024","06/08/2024","2023-2024","SARS-CoV-2","6","West Pullman/Roseland","2024","25,875","10.41288035847","2","Minimal","202423-6-SARS-CoV-2"
"202515","15","04/06/2025","04/12/2025","2024-2025","RSV","10","Racine Ave PS","2025","23,887.5","10.37817070006","4.1","Low","202515-10-RSV"
"202443","43","10/20/2024","10/26/2024","2024-2025","SARS-CoV-2","10","Racine Ave PS","2024","20,212.5","10.30562003291","1.6","Minimal","202443-10-SARS-CoV-2"
"202337","37","09/10/2023","09/16/2023","2022-2023","Influenza B","6","West Pullman/Roseland","2023","0",,"0","Minimal","202337-6-Influenza B"
"202538","38","09/14/2025","09/20/2025","2024-2025","SARS-CoV-2","4","Austin/Montclare","2025","64,725","10.81107205911","1.9","Minimal","202538-4-SARS-CoV-2"
"202321","21","05/21/2023","05/27/2023","2022-2023","Influenza B","11","125th St PS","2023","0",,"0","Minimal","202321-11-Influenza B"
"202349","49","12/03/2023","12/09/2023","2023-2024","SARS-CoV-2","5","Chicago Lawn/Ashburn","2023","804,375","11.90545856425","11.3","Very High","202349-5-SARS-CoV-2"
"202228","28","07/10/2022","07/16/2022","2021-2022","RSV","5","Chicago Lawn/Ashburn","2022",,,"0","Minimal","202228-5-RSV"
"202419","19","05/05/2024","05/11/2024","2023-2024","RSV","6","West Pullman/Roseland","2024","0",,"0","Minimal","202419-6-RSV"
"202508","8","02/16/2025","02/22/2025","2024-2025","Influenza B","5","Chicago Lawn/Ashburn","2025","435,562.5","11.63905048186","50.9","Very High","202508-5-Influenza B"
"202349","49","12/03/2023","12/09/2023","2023-2024","Influenza A","9","North Branch PS","2023","27,525","10.43972732764","7.8","Moderate","202349-9-Influenza A"
"202233","33","08/14/2022","08/20/2022","2021-2022","Influenza A","5","Chicago Lawn/Ashburn","2022",,,"0","Minimal","202233-5-Influenza A"
"202342","42","10/15/2023","10/21/2023","2023-2024","Influenza B","10","Racine Ave PS","2023","0",,"0","Minimal","202342-10-Influenza B"
"202423","23","06/02/2024","06/08/2024","2023-2024","SARS-CoV-2","4","Austin/Montclare","2024","445,162.5","11.64851857271","6.4","High","202423-4-SARS-CoV-2"
"202226","26","06/26/2022","07/02/2022","2021-2022","RSV","4","Austin/Montclare","2022",,,"0","Minimal","202226-4-RSV"
"202352","52","12/24/2023","12/30/2023","2023-2024","SARS-CoV-2","6","West Pullman/Roseland","2023","344,325","11.53696855616","12.2","Very High","202352-6-SARS-CoV-2"
"202404","4","01/21/2024","01/27/2024","2023-2024","Influenza A","999","All sites","2024","49,698.2142857143","10.69634078431","6.4","Moderate","202404-999-Influenza A"
"202208","8","02/20/2022","02/26/2022","2021-2022","RSV","999","All sites","2022",,,"0","Minimal","202208-999-RSV"
"202430","30","07/21/2024","07/27/2024","2023-2024","RSV","6","West Pullman/Roseland","2024","0",,"0","Minimal","202430-6-RSV"
"202602","2","01/11/2026","01/17/2026","2025-2026","Influenza B","11","125th St PS","2026","0",,"0","Minimal","202602-11-Influenza B"
"202211","11","03/13/2022","03/19/2022","2021-2022","Influenza B","6","West Pullman/Roseland","2022",,,"0","Minimal","202211-6-Influenza B"
"202346","46","11/12/2023","11/18/2023","2023-2024","Influenza B","6","West Pullman/Roseland","2023","0",,"0","Minimal","202346-6-Influenza B"
"202601","1","01/04/2026","01/10/2026","2025-2026","Influenza A","8","Little Village","2026","117,527.2428261","11.07013854778","13.2","High","202601-8-Influenza A"
"202512","12","03/16/2025","03/22/2025","2024-2025","SARS-CoV-2","10","Racine Ave PS","2025","1,162,425","12.06536494166","13.8","Very High","202512-10-SARS-CoV-2"
"202532","32","08/03/2025","08/09/2025","2024-2025","Influenza A","11","125th St PS","2025","0",,"0","Minimal","202532-11-Influenza A"
"202406","6","02/04/2024","02/10/2024","2023-2024","RSV","5","Chicago Lawn/Ashburn","2024","63,712.5","10.8042246466","7.8","Moderate","202406-5-RSV"
"202403","3","01/14/2024","01/20/2024","2023-2024","RSV","10","Racine Ave PS","2024","136,650","11.13560963603","16.6","Very High","202403-10-RSV"
"202345","45","11/05/2023","11/11/2023","2023-2024","Influenza A","4","Austin/Montclare","2023","1,987.5","9.29830713733","1","Minimal","202345-4-Influenza A"
"202346","46","11/12/2023","11/18/2023","2023-2024","Influenza B","11","125th St PS","2023","0",,"0","Minimal","202346-11-Influenza B"
"202423","23","06/02/2024","06/08/2024","2023-2024","SARS-CoV-2","999","All sites","2024","462,401.785714286","11.66501950258","5.9","High","202423-999-SARS-CoV-2"
"202350","50","12/10/2023","12/16/2023","2023-2024","Influenza B","8","Little Village","2023","4,087.5","9.61145776567","1","Minimal","202350-8-Influenza B"
"202320","20","05/14/2023","05/20/2023","2022-2023","RSV","5","Chicago Lawn/Ashburn","2023","0",,"0","Minimal","202320-5-RSV"
"202508","8","02/16/2025","02/22/2025","2024-2025","RSV","6","West Pullman/Roseland","2025","6,000","9.77815125038","1.4","Minimal","202508-6-RSV"
"202250","50","12/11/2022","12/17/2022","2022-2023","Influenza B","4","Austin/Montclare","2022","0",,"0","Minimal","202250-4-Influenza B"
"202442","42","10/13/2024","10/19/2024","2024-2025","RSV","4","Austin/Montclare","2024","0",,"0","Minimal","202442-4-RSV"
"202516","16","04/13/2025","04/19/2025","2024-2025","Influenza B","9","North Branch PS","2025","0",,"0","Minimal","202516-9-Influenza B"
"202420","20","05/12/2024","05/18/2024","2023-2024","RSV","10","Racine Ave PS","2024","2,025","9.30642502755","1","Minimal","202420-10-RSV"
"202544","44","10/26/2025","11/01/2025","2025-2026","RSV","9","North Branch PS","2025","0",,"0","Minimal","202544-9-RSV"
"202535","35","08/24/2025","08/30/2025","2024-2025","RSV","999","All sites","2025","0",,"0","Minimal","202535-999-RSV"
"202247","47","11/20/2022","11/26/2022","2022-2023","Influenza A","5","Chicago Lawn/Ashburn","2022","472,612.5","11.67450520399","30.8","Very High","202247-5-Influenza A"
"202414","14","03/31/2024","04/06/2024","2023-2024","Influenza B","10","Racine Ave PS","2024","8,062.5","9.90646972764","4.9","Low","202414-10-Influenza B"
"202420","20","05/12/2024","05/18/2024","2023-2024","Influenza B","4","Austin/Montclare","2024","5,962.5","9.77542839205","1.7","Minimal","202420-4-Influenza B"
"202243","43","10/23/2022","10/29/2022","2022-2023","Influenza B","4","Austin/Montclare","2022","0",,"0","Minimal","202243-4-Influenza B"
"202409","9","02/25/2024","03/02/2024","2023-2024","RSV","8","Little Village","2024","9,862.5","9.99398701622","2","Minimal","202409-8-RSV"
"202434","34","08/18/2024","08/24/2024","2023-2024","Influenza A","8","Little Village","2024","167,962.5","11.22521233017","16.2","High","202434-8-Influenza A"
"202409","9","02/25/2024","03/02/2024","2023-2024","RSV","10","Racine Ave PS","2024","100,875","11.00378354773","12.8","Very High","202409-10-RSV"
"202223","23","06/05/2022","06/11/2022","2021-2022","Influenza B","4","Austin/Montclare","2022",,,"0","Minimal","202223-4-Influenza B"
"202410","10","03/03/2024","03/09/2024","2023-2024","RSV","5","Chicago Lawn/Ashburn","2024","6,337.5","9.80191797234","1.4","Minimal","202410-5-RSV"
"202315","15","04/09/2023","04/15/2023","2022-2023","SARS-CoV-2","4","Austin/Montclare","2023","170,625","11.23204266438","3.6","Moderate","202315-4-SARS-CoV-2"
"202311","11","03/12/2023","03/18/2023","2022-2023","SARS-CoV-2","8","Little Village","2023","452,437.5","11.65555859397","8","Very High","202311-8-SARS-CoV-2"
"202332","32","08/06/2023","08/12/2023","2022-2023","SARS-CoV-2","999","All sites","2023","323,282.142857143","11.50958171614","6.1","High","202332-999-SARS-CoV-2"
"202402","2","01/07/2024","01/13/2024","2023-2024","Influenza A","11","125th St PS","2024","27,712.5","10.44267570612","4.2","Low","202402-11-Influenza A"
"202531","31","07/27/2025","08/02/2025","2024-2025","SARS-CoV-2","999","All sites","2025","56,200","10.74973631557","1.7","Minimal","202531-999-SARS-CoV-2"
"202545","45","11/02/2025","11/08/2025","2025-2026","Influenza B","8","Little Village","2025","0",,"0","Minimal","202545-8-Influenza B"
"202247","47","11/20/2022","11/26/2022","2022-2023","SARS-CoV-2","5","Chicago Lawn/Ashburn","2022","570,600","11.75633176732","8.6","Very High","202247-5-SARS-CoV-2"
"202441","41","10/06/2024","10/12/2024","2024-2025","Influenza B","5","Chicago Lawn/Ashburn","2024","0",,"0","Minimal","202441-5-Influenza B"
"202511","11","03/09/2025","03/15/2025","2024-2025","RSV","11","125th St PS","2025","30,637.5","10.48625332426","5.6","Moderate","202511-11-RSV"
"202551","51","12/14/2025","12/20/2025","2025-2026","RSV","9","North Branch PS","2025","18,827.8008671121","10.27479959633","3.1","Low","202551-9-RSV"
"202549","49","11/30/2025","12/06/2025","2025-2026","SARS-CoV-2","11","125th St PS","2025","34,875","10.54251421628","2.6","Low","202549-11-SARS-CoV-2"
"202525","25","06/15/2025","06/21/2025","2024-2025","RSV","6","West Pullman/Roseland","2025","3,937.5","9.5952205668","1.8","Minimal","202525-6-RSV"
"202305","5","01/29/2023","02/04/2023","2022-2023","SARS-CoV-2","4","Austin/Montclare","2023","311,325","11.49321399677","5.3","Moderate","202305-4-SARS-CoV-2"
"202509","9","02/23/2025","03/01/2025","2024-2025","SARS-CoV-2","999","All sites","2025","782,319.642857143","11.89338423486","10.5","Very High","202509-999-SARS-CoV-2"
"202337","37","09/10/2023","09/16/2023","2022-2023","Influenza B","999","All sites","2023","278.57142857143","8.44493657135","0","Minimal","202337-999-Influenza B"
"202240","40","10/02/2022","10/08/2022","2022-2023","SARS-CoV-2","4","Austin/Montclare","2022","119,325","11.07673144304","2.8","Low","202240-4-SARS-CoV-2"
"202211","11","03/13/2022","03/19/2022","2021-2022","Influenza A","999","All sites","2022",,,"0","Minimal","202211-999-Influenza A"
"202603","3","01/18/2026","01/24/2026","2025-2026","SARS-CoV-2","11","125th St PS","2026","70,414.14","10.84765987942","4.5","Moderate","202603-11-SARS-CoV-2"
"202344","44","10/29/2023","11/04/2023","2023-2024","Influenza A","11","125th St PS","2023","0",,"0","Minimal","202344-11-Influenza A"
"202518","18","04/27/2025","05/03/2025","2024-2025","Influenza B","8","Little Village","2025","1,987.5","9.29830713733","1","Minimal","202518-8-Influenza B"
"202413","13","03/24/2024","03/30/2024","2023-2024","SARS-CoV-2","4","Austin/Montclare","2024","68,475","10.83553204093","1.9","Minimal","202413-4-SARS-CoV-2"
"202526","26","06/22/2025","06/28/2025","2024-2025","RSV","9","North Branch PS","2025","0",,"0","Minimal","202526-9-RSV"
"202515","15","04/06/2025","04/12/2025","2024-2025","RSV","999","All sites","2025","6,262.5","9.79674773888","0","Minimal","202515-999-RSV"
"202432","32","08/04/2024","08/10/2024","2023-2024","Influenza B","999","All sites","2024","0",,"0","Minimal","202432-999-Influenza B"
"202447","47","11/17/2024","11/23/2024","2024-2025","RSV","11","125th St PS","2024","0",,"0","Minimal","202447-11-RSV"
"202511","11","03/09/2025","03/15/2025","2024-2025","SARS-CoV-2","8","Little Village","2025","694,612.5","11.84174259445","10.6","Very High","202511-8-SARS-CoV-2"
"202406","6","02/04/2024","02/10/2024","2023-2024","SARS-CoV-2","4","Austin/Montclare","2024","616,612.5","11.79001232452","8.1","Very High","202406-4-SARS-CoV-2"
"202338","38","09/17/2023","09/23/2023","2022-2023","SARS-CoV-2","10","Racine Ave PS","2023","166,762.5","11.22209839718","4.2","Moderate","202338-10-SARS-CoV-2"
"202348","48","11/26/2023","12/02/2023","2023-2024","Influenza B","5","Chicago Lawn/Ashburn","2023","0",,"0","Minimal","202348-5-Influenza B"
"202440","40","09/29/2024","10/05/2024","2024-2025","Influenza B","5","Chicago Lawn/Ashburn","2024","0",,"0","Minimal","202440-5-Influenza B"
"202510","10","03/02/2025","03/08/2025","2024-2025","Influenza B","10","Racine Ave PS","2025","7,987.5","9.90241087117","2.2","Minimal","202510-10-Influenza B"
"202216","16","04/17/2022","04/23/2022","2021-2022","RSV","5","Chicago Lawn/Ashburn","2022",,,"0","Minimal","202216-5-RSV"
"202512","12","03/16/2025","03/22/2025","2024-2025","RSV","4","Austin/Montclare","2025","13,800","10.1398790864","2.5","Minimal","202512-4-RSV"
"202445","45","11/03/2024","11/09/2024","2024-2025","RSV","10","Racine Ave PS","2024","0",,"0","Minimal","202445-10-RSV"
"202250","50","12/11/2022","12/17/2022","2022-2023","RSV","4","Austin/Montclare","2022",,,"0","Minimal","202250-4-RSV"
"202347","47","11/19/2023","11/25/2023","2023-2024","SARS-CoV-2","5","Chicago Lawn/Ashburn","2023","1,093,125","12.03866982682","14","Very High","202347-5-SARS-CoV-2"
"202225","25","06/19/2022","06/25/2022","2021-2022","Influenza A","4","Austin/Montclare","2022",,,"0","Minimal","202225-4-Influenza A"
"202522","22","05/25/2025","05/31/2025","2024-2025","Influenza A","8","Little Village","2025","0",,"0","Minimal","202522-8-Influenza A"
"202338","38","09/17/2023","09/23/2023","2022-2023","Influenza B","8","Little Village","2023","0",,"0","Minimal","202338-8-Influenza B"
"202407","7","02/11/2024","02/17/2024","2023-2024","Influenza A","11","125th St PS","2024","8,287.5","9.91842354141","2.9","Low","202407-11-Influenza A"
"202403","3","01/14/2024","01/20/2024","2023-2024","Influenza A","9","North Branch PS","2024","31,837.5","10.50293895797","4.9","Low","202403-9-Influenza A"
"202504","4","01/19/2025","01/25/2025","2024-2025","Influenza A","11","125th St PS","2025","235,612.5","11.37219832744","20.4","Very High","202504-11-Influenza A"
"202404","4","01/21/2024","01/27/2024","2023-2024","RSV","4","Austin/Montclare","2024","25,537.5","10.40717837964","3.7","Low","202404-4-RSV"
"202510","10","03/02/2025","03/08/2025","2024-2025","Influenza B","5","Chicago Lawn/Ashburn","2025","6,450","9.80955971464","2.8","Low","202510-5-Influenza B"
"202520","20","05/11/2025","05/17/2025","2024-2025","SARS-CoV-2","10","Racine Ave PS","2025","77,137.5","10.88726555942","2.5","Low","202520-10-SARS-CoV-2"
"202409","9","02/25/2024","03/02/2024","2023-2024","Influenza A","4","Austin/Montclare","2024","42,525","10.62864432228","5.5","Low","202409-4-Influenza A"
"202429","29","07/14/2024","07/20/2024","2023-2024","SARS-CoV-2","6","West Pullman/Roseland","2024","48,862.5","10.68897568344","3.4","Low","202429-6-SARS-CoV-2"
"202529","29","07/13/2025","07/19/2025","2024-2025","SARS-CoV-2","11","125th St PS","2025","4,050","9.60745502321","0.6","Minimal","202529-11-SARS-CoV-2"
"202513","13","03/23/2025","03/29/2025","2024-2025","RSV","11","125th St PS","2025","8,925","9.95060822478","2","Minimal","202513-11-RSV"
"202501","1","12/29/2024","01/04/2025","2024-2025","Influenza B","11","125th St PS","2025","0",,"0","Minimal","202501-11-Influenza B"
"202341","41","10/08/2023","10/14/2023","2023-2024","RSV","9","North Branch PS","2023","0",,"0","Minimal","202341-9-RSV"
"202337","37","09/10/2023","09/16/2023","2022-2023","Influenza A","5","Chicago Lawn/Ashburn","2023","0",,"0","Minimal","202337-5-Influenza A"
"202523","23","06/01/2025","06/07/2025","2024-2025","Influenza A","5","Chicago Lawn/Ashburn","2025","18,862.5","10.27559925278","2.8","Low","202523-5-Influenza A"
"202430","30","07/21/2024","07/27/2024","2023-2024","SARS-CoV-2","4","Austin/Montclare","2024","187,912.5","11.27395567047","3.8","Moderate","202430-4-SARS-CoV-2"
"202501","1","12/29/2024","01/04/2025","2024-2025","SARS-CoV-2","6","West Pullman/Roseland","2025","56,587.5","10.7527205075","3.6","Moderate","202501-6-SARS-CoV-2"
"202530","30","07/20/2025","07/26/2025","2024-2025","RSV","999","All sites","2025","0",,"0","Minimal","202530-999-RSV"
"202219","19","05/08/2022","05/14/2022","2021-2022","Influenza B","999","All sites","2022",,,"0","Minimal","202219-999-Influenza B"
"202550","50","12/07/2025","12/13/2025","2025-2026","SARS-CoV-2","6","West Pullman/Roseland","2025","82,500","10.91645394855","4.8","Moderate","202550-6-SARS-CoV-2"
"202444","44","10/27/2024","11/02/2024","2024-2025","Influenza B","8","Little Village","2024","0",,"0","Minimal","202444-8-Influenza B"
"202332","32","08/06/2023","08/12/2023","2022-2023","SARS-CoV-2","10","Racine Ave PS","2023","304,650","11.48380118246","5.7","High","202332-10-SARS-CoV-2"
"202344","44","10/29/2023","11/04/2023","2023-2024","SARS-CoV-2","999","All sites","2023","296,292.857142857","11.47172118189","4.9","Moderate","202344-999-SARS-CoV-2"
"202329","29","07/16/2023","07/22/2023","2022-2023","Influenza A","4","Austin/Montclare","2023","0",,"0","Minimal","202329-4-Influenza A"
"202332","32","08/06/2023","08/12/2023","2022-2023","Influenza A","4","Austin/Montclare","2023","0",,"0","Minimal","202332-4-Influenza A"
"202416","16","04/14/2024","04/20/2024","2023-2024","RSV","999","All sites","2024","19,655.3571428571","10.29348093947","0","Minimal","202416-999-RSV"
"202230","30","07/24/2022","07/30/2022","2021-2022","RSV","5","Chicago Lawn/Ashburn","2022",,,"0","Minimal","202230-5-RSV"
"202328","28","07/09/2023","07/15/2023","2022-2023","SARS-CoV-2","9","North Branch PS","2023","81,750","10.91248776133","1.7","Minimal","202328-9-SARS-CoV-2"
"202542","42","10/12/2025","10/18/2025","2025-2026","Influenza A","10","Racine Ave PS","2025","0",,"0","Minimal","202542-10-Influenza A"
"202436","36","09/01/2024","09/07/2024","2023-2024","Influenza A","4","Austin/Montclare","2024","0",,"0","Minimal","202436-4-Influenza A"
"202328","28","07/09/2023","07/15/2023","2022-2023","Influenza A","4","Austin/Montclare","2023","0",,"0","Minimal","202328-4-Influenza A"
"202224","24","06/12/2022","06/18/2022","2021-2022","SARS-CoV-2","999","All sites","2022","422,500","11.62582671329","8.9","Very High","202224-999-SARS-CoV-2"
"202503","3","01/12/2025","01/18/2025","2024-2025","Influenza B","6","West Pullman/Roseland","2025","0",,"0","Minimal","202503-6-Influenza B"
"202513","13","03/23/2025","03/29/2025","2024-2025","RSV","6","West Pullman/Roseland","2025","1,987.5","9.29830713733","1","Minimal","202513-6-RSV"
"202428","28","07/07/2024","07/13/2024","2023-2024","Influenza B","4","Austin/Montclare","2024","0",,"0","Minimal","202428-4-Influenza B"
"202529","29","07/13/2025","07/19/2025","2024-2025","Influenza A","11","125th St PS","2025","0",,"0","Minimal","202529-11-Influenza A"
"202321","21","05/21/2023","05/27/2023","2022-2023","RSV","5","Chicago Lawn/Ashburn","2023","0",,"0","Minimal","202321-5-RSV"
"202531","31","07/27/2025","08/02/2025","2024-2025","SARS-CoV-2","5","Chicago Lawn/Ashburn","2025","18,900","10.27646180417","1","Minimal","202531-5-SARS-CoV-2"
"202548","48","11/23/2025","11/29/2025","2025-2026","RSV","10","Racine Ave PS","2025","2,025","9.30642502755","1","Minimal","202548-10-RSV"
"202449","49","12/01/2024","12/07/2024","2024-2025","SARS-CoV-2","6","West Pullman/Roseland","2024","7,875","9.89625056246","1","Minimal","202449-6-SARS-CoV-2"
"202340","40","10/01/2023","10/07/2023","2023-2024","Influenza B","5","Chicago Lawn/Ashburn","2023","0",,"0","Minimal","202340-5-Influenza B"
"202529","29","07/13/2025","07/19/2025","2024-2025","SARS-CoV-2","4","Austin/Montclare","2025","17,625","10.24612912566","1.3","Minimal","202529-4-SARS-CoV-2"
"202429","29","07/14/2024","07/20/2024","2023-2024","SARS-CoV-2","9","North Branch PS","2024","568,837.5","11.75498821906","7.6","High","202429-9-SARS-CoV-2"
"202324","24","06/11/2023","06/17/2023","2022-2023","SARS-CoV-2","10","Racine Ave PS","2023","63,337.5","10.8016609173","2.1","Low","202324-10-SARS-CoV-2"
"202228","28","07/10/2022","07/16/2022","2021-2022","Influenza A","6","West Pullman/Roseland","2022",,,"0","Minimal","202228-6-Influenza A"
"202522","22","05/25/2025","05/31/2025","2024-2025","SARS-CoV-2","11","125th St PS","2025","55,650","10.74546516867","3.8","Moderate","202522-11-SARS-CoV-2"
"202402","2","01/07/2024","01/13/2024","2023-2024","Influenza B","8","Little Village","2024","3,975","9.59933713299","2.5","Minimal","202402-8-Influenza B"
"202433","33","08/11/2024","08/17/2024","2023-2024","RSV","11","125th St PS","2024","0",,"0","Minimal","202433-11-RSV"
"202224","24","06/12/2022","06/18/2022","2021-2022","Influenza A","6","West Pullman/Roseland","2022",,,"0","Minimal","202224-6-Influenza A"
"202215","15","04/10/2022","04/16/2022","2021-2022","Influenza B","999","All sites","2022",,,"0","Minimal","202215-999-Influenza B"
"202416","16","04/14/2024","04/20/2024","2023-2024","Influenza A","6","West Pullman/Roseland","2024","3,975","9.59933713299","2.1","Minimal","202416-6-Influenza A"
"202320","20","05/14/2023","05/20/2023","2022-2023","RSV","4","Austin/Montclare","2023","0",,"0","Minimal","202320-4-RSV"
"202508","8","02/16/2025","02/22/2025","2024-2025","SARS-CoV-2","5","Chicago Lawn/Ashburn","2025","431,775","11.63525749285","7.4","High","202508-5-SARS-CoV-2"
"202339","39","09/24/2023","09/30/2023","2022-2023","Influenza A","999","All sites","2023","8,298.21428571429","9.91898464547","0","Minimal","202339-999-Influenza A"
"202502","2","01/05/2025","01/11/2025","2024-2025","SARS-CoV-2","999","All sites","2025","527,083.928571429","11.72187977425","9","Very High","202502-999-SARS-CoV-2"
"202517","17","04/20/2025","04/26/2025","2024-2025","Influenza B","4","Austin/Montclare","2025","18,862.5","10.27559925278","7","Moderate","202517-4-Influenza B"
"202550","50","12/07/2025","12/13/2025","2025-2026","Influenza B","4","Austin/Montclare","2025","0",,"0","Minimal","202550-4-Influenza B"
"202542","42","10/12/2025","10/18/2025","2025-2026","RSV","5","Chicago Lawn/Ashburn","2025","1,875","9.27300127206","1","Minimal","202542-5-RSV"
"202305","5","01/29/2023","02/04/2023","2022-2023","Influenza B","999","All sites","2023","2,484.375","9.39521715034","0","Minimal","202305-999-Influenza B"
"202436","36","09/01/2024","09/07/2024","2023-2024","Influenza B","8","Little Village","2024","0",,"0","Minimal","202436-8-Influenza B"
"202328","28","07/09/2023","07/15/2023","2022-2023","Influenza A","5","Chicago Lawn/Ashburn","2023","0",,"0","Minimal","202328-5-Influenza A"
"202322","22","05/28/2023","06/03/2023","2022-2023","Influenza B","999","All sites","2023","0",,"0","Minimal","202322-999-Influenza B"
"202548","48","11/23/2025","11/29/2025","2025-2026","SARS-CoV-2","4","Austin/Montclare","2025","43,687.5","10.64035719309","1.5","Minimal","202548-4-SARS-CoV-2"
"202541","41","10/05/2025","10/11/2025","2025-2026","SARS-CoV-2","9","North Branch PS","2025","9,000","9.95424250944","0.3","Minimal","202541-9-SARS-CoV-2"
"202329","29","07/16/2023","07/22/2023","2022-2023","Influenza B","10","Racine Ave PS","2023","0",,"0","Minimal","202329-10-Influenza B"
"202351","51","12/17/2023","12/23/2023","2023-2024","Influenza B","4","Austin/Montclare","2023","3,937.5","9.5952205668","2.4","Minimal","202351-4-Influenza B"
"202553","53","12/28/2025","01/03/2026","2025-2026","SARS-CoV-2","5","Chicago Lawn/Ashburn","2025","327,262.5","11.51489624369","6.3","High","202553-5-SARS-CoV-2"
"202518","18","04/27/2025","05/03/2025","2024-2025","Influenza A","9","North Branch PS","2025","152,812.5","11.1841588808","15.9","High","202518-9-Influenza A"
"202314","14","04/02/2023","04/08/2023","2022-2023","Influenza A","999","All sites","2023","6,553.125","9.81644845215","0","Minimal","202314-999-Influenza A"
"202509","9","02/23/2025","03/01/2025","2024-2025","Influenza B","4","Austin/Montclare","2025","5,850","9.76715586608","3.8","Low","202509-4-Influenza B"
"202405","5","01/28/2024","02/03/2024","2023-2024","Influenza B","4","Austin/Montclare","2024","18,112.5","10.25797839848","6.6","Moderate","202405-4-Influenza B"
"202446","46","11/10/2024","11/16/2024","2024-2025","RSV","4","Austin/Montclare","2024","190,162.5","11.27912487828","15.5","Very High","202446-4-RSV"
"202326","26","06/25/2023","07/01/2023","2022-2023","SARS-CoV-2","5","Chicago Lawn/Ashburn","2023","30,375","10.48251628661","2.2","Low","202326-5-SARS-CoV-2"
"202214","14","04/03/2022","04/09/2022","2021-2022","Influenza A","6","West Pullman/Roseland","2022",,,"0","Minimal","202214-6-Influenza A"
"202601","1","01/04/2026","01/10/2026","2025-2026","Influenza A","999","All sites","2026","154,352.57056985","11.18851386657","18.1","Very High","202601-999-Influenza A"
"202526","26","06/22/2025","06/28/2025","2024-2025","Influenza B","999","All sites","2025","851.78571428571","8.93033035203","0","Minimal","202526-999-Influenza B"
"202519","19","05/04/2025","05/10/2025","2024-2025","SARS-CoV-2","10","Racine Ave PS","2025","289,200","11.46119828862","5.9","High","202519-10-SARS-CoV-2"
"202212","12","03/20/2022","03/26/2022","2021-2022","SARS-CoV-2","999","All sites","2022","9,055.55555555555","9.9569150993","1","Minimal","202212-999-SARS-CoV-2"
"202515","15","04/06/2025","04/12/2025","2024-2025","Influenza A","8","Little Village","2025","626,325","11.79679974708","43","Very High","202515-8-Influenza A"
"202433","33","08/11/2024","08/17/2024","2023-2024","RSV","4","Austin/Montclare","2024","0",,"0","Minimal","202433-4-RSV"
"202306","6","02/05/2023","02/11/2023","2022-2023","SARS-CoV-2","999","All sites","2023","1,105,978.125","12.0437465372","13.2","Very High","202306-999-SARS-CoV-2"
"202248","48","11/27/2022","12/03/2022","2022-2023","Influenza A","5","Chicago Lawn/Ashburn","2022","322,012.5","11.50787273063","23.8","Very High","202248-5-Influenza A"
"202328","28","07/09/2023","07/15/2023","2022-2023","Influenza B","9","North Branch PS","2023","0",,"0","Minimal","202328-9-Influenza B"
"202415","15","04/07/2024","04/13/2024","2023-2024","Influenza B","10","Racine Ave PS","2024","17,437.5","10.24148422062","5.5","Low","202415-10-Influenza B"
"202527","27","06/29/2025","07/05/2025","2024-2025","Influenza A","8","Little Village","2025","0",,"0","Minimal","202527-8-Influenza A"
"202342","42","10/15/2023","10/21/2023","2023-2024","Influenza A","9","North Branch PS","2023","0",,"0","Minimal","202342-9-Influenza A"
"202439","39","09/22/2024","09/28/2024","2023-2024","Influenza A","11","125th St PS","2024","0",,"0","Minimal","202439-11-Influenza A"
"202508","8","02/16/2025","02/22/2025","2024-2025","SARS-CoV-2","6","West Pullman/Roseland","2025","270,975","11.43292922496","9.3","Very High","202508-6-SARS-CoV-2"
"202332","32","08/06/2023","08/12/2023","2022-2023","RSV","999","All sites","2023","900","8.95424250944","0","Minimal","202332-999-RSV"
"202220","20","05/15/2022","05/21/2022","2021-2022","RSV","999","All sites","2022",,,"0","Minimal","202220-999-RSV"
"202439","39","09/22/2024","09/28/2024","2023-2024","RSV","9","North Branch PS","2024","0",,"0","Minimal","202439-9-RSV"
"202603","3","01/18/2026","01/24/2026","2025-2026","RSV","8","Little Village","2026","8,221.48972145615","9.91495051817","1.7","Minimal","202603-8-RSV"
"202447","47","11/17/2024","11/23/2024","2024-2025","Influenza A","9","North Branch PS","2024","3,975","9.59933713299","1.7","Minimal","202447-9-Influenza A"
"202551","51","12/14/2025","12/20/2025","2025-2026","Influenza A","10","Racine Ave PS","2025","56,168.004853964","10.74948899756","7.4","Moderate","202551-10-Influenza A"
"202310","10","03/05/2023","03/11/2023","2022-2023","Influenza A","8","Little Village","2023","4,050","9.60745502321","1.7","Minimal","202310-8-Influenza A"
"202321","21","05/21/2023","05/27/2023","2022-2023","RSV","999","All sites","2023","669.64285714286","8.82584324072","0","Minimal","202321-999-RSV"
"202533","33","08/10/2025","08/16/2025","2024-2025","RSV","5","Chicago Lawn/Ashburn","2025","0",,"0","Minimal","202533-5-RSV"
"202521","21","05/18/2025","05/24/2025","2024-2025","SARS-CoV-2","4","Austin/Montclare","2025","34,725","10.54064225441","1.3","Minimal","202521-4-SARS-CoV-2"
"202247","47","11/20/2022","11/26/2022","2022-2023","Influenza B","8","Little Village","2022","0",,"0","Minimal","202247-8-Influenza B"
"202535","35","08/24/2025","08/30/2025","2024-2025","RSV","11","125th St PS","2025","0",,"0","Minimal","202535-11-RSV"
"202234","34","08/21/2022","08/27/2022","2021-2022","RSV","999","All sites","2022",,,"0","Minimal","202234-999-RSV"
"202249","49","12/04/2022","12/10/2022","2022-2023","Influenza B","8","Little Village","2022","0",,"0","Minimal","202249-8-Influenza B"
"202320","20","05/14/2023","05/20/2023","2022-2023","SARS-CoV-2","9","North Branch PS","2023","206,700","11.31534047663","3.5","Moderate","202320-9-SARS-CoV-2"
"202219","19","05/08/2022","05/14/2022","2021-2022","Influenza A","4","Austin/Montclare","2022",,,"0","Minimal","202219-4-Influenza A"
"202519","19","05/04/2025","05/10/2025","2024-2025","Influenza A","4","Austin/Montclare","2025","2,675","9.42732378636","1.7","Minimal","202519-4-Influenza A"
"202318","18","04/30/2023","05/06/2023","2022-2023","RSV","8","Little Village","2023","0",,"0","Minimal","202318-8-RSV"
"202433","33","08/11/2024","08/17/2024","2023-2024","Influenza A","5","Chicago Lawn/Ashburn","2024","2,700","9.43136376416","1.3","Minimal","202433-5-Influenza A"
"202420","20","05/12/2024","05/18/2024","2023-2024","Influenza A","5","Chicago Lawn/Ashburn","2024","0",,"0","Minimal","202420-5-Influenza A"
"202333","33","08/13/2023","08/19/2023","2022-2023","SARS-CoV-2","4","Austin/Montclare","2023","91,087.5","10.95945878253","2.4","Low","202333-4-SARS-CoV-2"
"202444","44","10/27/2024","11/02/2024","2024-2025","Influenza A","4","Austin/Montclare","2024","0",,"0","Minimal","202444-4-Influenza A"
"202519","19","05/04/2025","05/10/2025","2024-2025","Influenza B","4","Austin/Montclare","2025","1,325","9.12221587827","1","Minimal","202519-4-Influenza B"
"202233","33","08/14/2022","08/20/2022","2021-2022","RSV","999","All sites","2022",,,"0","Minimal","202233-999-RSV"
"202329","29","07/16/2023","07/22/2023","2022-2023","Influenza B","5","Chicago Lawn/Ashburn","2023","0",,"0","Minimal","202329-5-Influenza B"
"202530","30","07/20/2025","07/26/2025","2024-2025","Influenza B","10","Racine Ave PS","2025","0",,"0","Minimal","202530-10-Influenza B"
"202404","4","01/21/2024","01/27/2024","2023-2024","Influenza B","6","West Pullman/Roseland","2024","1,987.5","9.29830713733","1","Minimal","202404-6-Influenza B"
"202446","46","11/10/2024","11/16/2024","2024-2025","Influenza A","6","West Pullman/Roseland","2024","0",,"0","Minimal","202446-6-Influenza A"
"202208","8","02/20/2022","02/26/2022","2021-2022","Influenza B","5","Chicago Lawn/Ashburn","2022",,,"0","Minimal","202208-5-Influenza B"
"202519","19","05/04/2025","05/10/2025","2024-2025","SARS-CoV-2","6","West Pullman/Roseland","2025","158,700","11.20057692675","6.6","High","202519-6-SARS-CoV-2"
"202432","32","08/04/2024","08/10/2024","2023-2024","SARS-CoV-2","10","Racine Ave PS","2024","154,125","11.1878730896","3.9","Moderate","202432-10-SARS-CoV-2"
"202439","39","09/22/2024","09/28/2024","2023-2024","Influenza A","10","Racine Ave PS","2024","8,325","9.92038424218","1.7","Minimal","202439-10-Influenza A"
"202347","47","11/19/2023","11/25/2023","2023-2024","RSV","999","All sites","2023","99,048.2142857143","10.99584665016","10.7","High","202347-999-RSV"
"202428","28","07/07/2024","07/13/2024","2023-2024","RSV","999","All sites","2024","0",,"0","Minimal","202428-999-RSV"
"202331","31","07/30/2023","08/05/2023","2022-2023","Influenza A","4","Austin/Montclare","2023","0",,"0","Minimal","202331-4-Influenza A"
"202450","50","12/08/2024","12/14/2024","2024-2025","Influenza B","6","West Pullman/Roseland","2024","0",,"0","Minimal","202450-6-Influenza B"
"202313","13","03/26/2023","04/01/2023","2022-2023","SARS-CoV-2","999","All sites","2023","622,012.5","11.79379911239","11.9","Very High","202313-999-SARS-CoV-2"
"202217","17","04/24/2022","04/30/2022","2021-2022","Influenza B","999","All sites","2022",,,"0","Minimal","202217-999-Influenza B"
"202548","48","11/23/2025","11/29/2025","2025-2026","Influenza B","5","Chicago Lawn/Ashburn","2025","0",,"0","Minimal","202548-5-Influenza B"
"202211","11","03/13/2022","03/19/2022","2021-2022","Influenza B","5","Chicago Lawn/Ashburn","2022",,,"0","Minimal","202211-5-Influenza B"
"202323","23","06/04/2023","06/10/2023","2022-2023","RSV","10","Racine Ave PS","2023","7,875","9.89625056246","3","Low","202323-10-RSV"
"202329","29","07/16/2023","07/22/2023","2022-2023","RSV","9","North Branch PS","2023","1,987.5","9.29830713733","1","Minimal","202329-9-RSV"
"202304","4","01/22/2023","01/28/2023","2022-2023","RSV","4","Austin/Montclare","2023",,,"0","Minimal","202304-4-RSV"
"202516","16","04/13/2025","04/19/2025","2024-2025","RSV","6","West Pullman/Roseland","2025","0",,"0","Minimal","202516-6-RSV"
"202220","20","05/15/2022","05/21/2022","2021-2022","SARS-CoV-2","999","All sites","2022","211,358.333333333","11.32501937565","5.7","High","202220-999-SARS-CoV-2"
"202312","12","03/19/2023","03/25/2023","2022-2023","Influenza B","6","West Pullman/Roseland","2023","0",,"0","Minimal","202312-6-Influenza B"
"202419","19","05/05/2024","05/11/2024","2023-2024","Influenza B","10","Racine Ave PS","2024","5,025","9.70113606609","1.3","Minimal","202419-10-Influenza B"
"202349","49","12/03/2023","12/09/2023","2023-2024","SARS-CoV-2","6","West Pullman/Roseland","2023","791,550","11.89847835323","21.2","Very High","202349-6-SARS-CoV-2"
"202537","37","09/07/2025","09/13/2025","2024-2025","SARS-CoV-2","5","Chicago Lawn/Ashburn","2025","83,587.5","10.92214133621","2.7","Low","202537-5-SARS-CoV-2"
"202304","4","01/22/2023","01/28/2023","2022-2023","Influenza B","4","Austin/Montclare","2023","2,437.5","9.38694462437","1.3","Minimal","202304-4-Influenza B"
"202406","6","02/04/2024","02/10/2024","2023-2024","RSV","10","Racine Ave PS","2024","60,562.5","10.78220379439","8.4","High","202406-10-RSV"
"202407","7","02/11/2024","02/17/2024","2023-2024","Influenza B","11","125th St PS","2024","4,050","9.60745502321","1","Minimal","202407-11-Influenza B"
"202530","30","07/20/2025","07/26/2025","2024-2025","RSV","8","Little Village","2025","0",,"0","Minimal","202530-8-RSV"
"202304","4","01/22/2023","01/28/2023","2022-2023","Influenza A","4","Austin/Montclare","2023","0",,"0","Minimal","202304-4-Influenza A"
"202551","51","12/14/2025","12/20/2025","2025-2026","RSV","8","Little Village","2025","5,634.6307783901","9.75086546321","1.3","Minimal","202551-8-RSV"
"202404","4","01/21/2024","01/27/2024","2023-2024","RSV","11","125th St PS","2024","31,950","10.50447086249","5.8","Moderate","202404-11-RSV"
"202214","14","04/03/2022","04/09/2022","2021-2022","Influenza B","999","All sites","2022",,,"0","Minimal","202214-999-Influenza B"
"202553","53","12/28/2025","01/03/2026","2025-2026","Influenza A","9","North Branch PS","2025","131,225.31524196","11.11801762475","15.4","High","202553-9-Influenza A"
"202342","42","10/15/2023","10/21/2023","2023-2024","Influenza B","6","West Pullman/Roseland","2023","0",,"0","Minimal","202342-6-Influenza B"
"202339","39","09/24/2023","09/30/2023","2022-2023","Influenza B","5","Chicago Lawn/Ashburn","2023","0",,"0","Minimal","202339-5-Influenza B"
"202327","27","07/02/2023","07/08/2023","2022-2023","SARS-CoV-2","6","West Pullman/Roseland","2023","20,662.5","10.31518286658","1.9","Minimal","202327-6-SARS-CoV-2"
"202541","41","10/05/2025","10/11/2025","2025-2026","Influenza A","999","All sites","2025","0",,"0","Minimal","202541-999-Influenza A"
"202537","37","09/07/2025","09/13/2025","2024-2025","SARS-CoV-2","10","Racine Ave PS","2025","101,512.5","11.0065195235","3","Low","202537-10-SARS-CoV-2"
"202505","5","01/26/2025","02/01/2025","2024-2025","Influenza A","8","Little Village","2025","224,100","11.35044185654","21.7","Very High","202505-8-Influenza A"
"202330","30","07/23/2023","07/29/2023","2022-2023","SARS-CoV-2","10","Racine Ave PS","2023","224,025","11.350296486","4.8","Moderate","202330-10-SARS-CoV-2"
"202214","14","04/03/2022","04/09/2022","2021-2022","SARS-CoV-2","999","All sites","2022","14,230.5555555556","10.15322185511","1","Minimal","202214-999-SARS-CoV-2"
"202440","40","09/29/2024","10/05/2024","2024-2025","SARS-CoV-2","9","North Branch PS","2024","12,600","10.10037054512","0.4","Minimal","202440-9-SARS-CoV-2"
"202207","7","02/13/2022","02/19/2022","2021-2022","RSV","4","Austin/Montclare","2022",,,"0","Minimal","202207-4-RSV"
"202347","47","11/19/2023","11/25/2023","2023-2024","Influenza A","10","Racine Ave PS","2023","24,337.5","10.38627596453","6.6","Moderate","202347-10-Influenza A"
"202239","39","09/25/2022","10/01/2022","2021-2022","SARS-CoV-2","4","Austin/Montclare","2022","61,425","10.78834516515","1.8","Minimal","202239-4-SARS-CoV-2"
"202348","48","11/26/2023","12/02/2023","2023-2024","SARS-CoV-2","11","125th St PS","2023","151,050","11.17912072961","6.8","High","202348-11-SARS-CoV-2"
"202519","19","05/04/2025","05/10/2025","2024-2025","SARS-CoV-2","4","Austin/Montclare","2025","122,475","11.08804744813","2.8","Low","202519-4-SARS-CoV-2"
"202320","20","05/14/2023","05/20/2023","2022-2023","Influenza A","6","West Pullman/Roseland","2023","0",,"0","Minimal","202320-6-Influenza A"
"202305","5","01/29/2023","02/04/2023","2022-2023","RSV","5","Chicago Lawn/Ashburn","2023",,,"0","Minimal","202305-5-RSV"
"202440","40","09/29/2024","10/05/2024","2024-2025","Influenza A","11","125th St PS","2024","0",,"0","Minimal","202440-11-Influenza A"
"202225","25","06/19/2022","06/25/2022","2021-2022","SARS-CoV-2","4","Austin/Montclare","2022","116,812.5","11.06748931872","4.4","Moderate","202225-4-SARS-CoV-2"
"202436","36","09/01/2024","09/07/2024","2023-2024","RSV","999","All sites","2024","283.92857142857","8.45320909731","0","Minimal","202436-999-RSV"
"202325","25","06/18/2023","06/24/2023","2022-2023","Influenza A","8","Little Village","2023","90,375","10.9560483103","10.8","Moderate","202325-8-Influenza A"
"202509","9","02/23/2025","03/01/2025","2024-2025","Influenza B","11","125th St PS","2025","0",,"0","Minimal","202509-11-Influenza B"
"202413","13","03/24/2024","03/30/2024","2023-2024","Influenza A","999","All sites","2024","21,439.2857142857","10.33121031201","2.9","Low","202413-999-Influenza A"
"202338","38","09/17/2023","09/23/2023","2022-2023","Influenza A","8","Little Village","2023","0",,"0","Minimal","202338-8-Influenza A"
"202535","35","08/24/2025","08/30/2025","2024-2025","Influenza A","10","Racine Ave PS","2025","5,962.5","9.77542839205","2.3","Minimal","202535-10-Influenza A"
"202248","48","11/27/2022","12/03/2022","2022-2023","RSV","5","Chicago Lawn/Ashburn","2022",,,"0","Minimal","202248-5-RSV"
"202302","2","01/08/2023","01/14/2023","2022-2023","Influenza B","5","Chicago Lawn/Ashburn","2023","0",,"0","Minimal","202302-5-Influenza B"
"202236","36","09/04/2022","09/10/2022","2021-2022","SARS-CoV-2","5","Chicago Lawn/Ashburn","2022","128,925","11.11033714008","3.6","Moderate","202236-5-SARS-CoV-2"
"202322","22","05/28/2023","06/03/2023","2022-2023","SARS-CoV-2","4","Austin/Montclare","2023","16,125","10.20749972331","0.8","Minimal","202322-4-SARS-CoV-2"
"202435","35","08/25/2024","08/31/2024","2023-2024","SARS-CoV-2","8","Little Village","2024","124,462.5","11.09503852014","3.1","Low","202435-8-SARS-CoV-2"
"202524","24","06/08/2025","06/14/2025","2024-2025","RSV","6","West Pullman/Roseland","2025","0",,"0","Minimal","202524-6-RSV"
"202521","21","05/18/2025","05/24/2025","2024-2025","SARS-CoV-2","10","Racine Ave PS","2025","666,375","11.82371869553","10.1","Very High","202521-10-SARS-CoV-2"
"202423","23","06/02/2024","06/08/2024","2023-2024","Influenza A","4","Austin/Montclare","2024","16,050","10.20547503674","2.7","Minimal","202423-4-Influenza A"
"202526","26","06/22/2025","06/28/2025","2024-2025","RSV","10","Racine Ave PS","2025","0",,"0","Minimal","202526-10-RSV"
"202507","7","02/09/2025","02/15/2025","2024-2025","RSV","5","Chicago Lawn/Ashburn","2025","10,462.5","10.019635471","3.4","Low","202507-5-RSV"
"202451","51","12/15/2024","12/21/2024","2024-2025","SARS-CoV-2","4","Austin/Montclare","2024","511,687.5","11.70900480773","7.3","High","202451-4-SARS-CoV-2"
"202444","44","10/27/2024","11/02/2024","2024-2025","SARS-CoV-2","4","Austin/Montclare","2024","29,475","10.46945381377","1.2","Minimal","202444-4-SARS-CoV-2"
"202541","41","10/05/2025","10/11/2025","2025-2026","SARS-CoV-2","6","West Pullman/Roseland","2025","0",,"0","Minimal","202541-6-SARS-CoV-2"
"202322","22","05/28/2023","06/03/2023","2022-2023","Influenza B","4","Austin/Montclare","2023","0",,"0","Minimal","202322-4-Influenza B"
"202419","19","05/05/2024","05/11/2024","2023-2024","Influenza A","5","Chicago Lawn/Ashburn","2024","0",,"0","Minimal","202419-5-Influenza A"
"202518","18","04/27/2025","05/03/2025","2024-2025","Influenza A","8","Little Village","2025","63,562.5","10.80320097027","8.2","Moderate","202518-8-Influenza A"
"202327","27","07/02/2023","07/08/2023","2022-2023","Influenza B","11","125th St PS","2023","0",,"0","Minimal","202327-11-Influenza B"
"202408","8","02/18/2024","02/24/2024","2023-2024","Influenza B","5","Chicago Lawn/Ashburn","2024","18,000","10.2552725051","3.7","Low","202408-5-Influenza B"
"202450","50","12/08/2024","12/14/2024","2024-2025","SARS-CoV-2","10","Racine Ave PS","2024","702,525","11.84666178362","10.4","Very High","202450-10-SARS-CoV-2"
"202411","11","03/10/2024","03/16/2024","2023-2024","Influenza B","6","West Pullman/Roseland","2024","16,237.5","10.21051916408","3.8","Low","202411-6-Influenza B"
"202530","30","07/20/2025","07/26/2025","2024-2025","SARS-CoV-2","11","125th St PS","2025","32,137.5","10.50701208965","4.2","Moderate","202530-11-SARS-CoV-2"
"202228","28","07/10/2022","07/16/2022","2021-2022","RSV","6","West Pullman/Roseland","2022",,,"0","Minimal","202228-6-RSV"
"202452","52","12/22/2024","12/28/2024","2024-2025","RSV","4","Austin/Montclare","2024","114,900","11.06032002869","11.6","Very High","202452-4-RSV"
"202432","32","08/04/2024","08/10/2024","2023-2024","RSV","5","Chicago Lawn/Ashburn","2024","0",,"0","Minimal","202432-5-RSV"
"202352","52","12/24/2023","12/30/2023","2023-2024","Influenza B","11","125th St PS","2023","0",,"0","Minimal","202352-11-Influenza B"
"202325","25","06/18/2023","06/24/2023","2022-2023","Influenza A","4","Austin/Montclare","2023","0",,"0","Minimal","202325-4-Influenza A"
"202542","42","10/12/2025","10/18/2025","2025-2026","Influenza A","5","Chicago Lawn/Ashburn","2025","0",,"0","Minimal","202542-5-Influenza A"
"202503","3","01/12/2025","01/18/2025","2024-2025","Influenza B","5","Chicago Lawn/Ashburn","2025","0",,"0","Minimal","202503-5-Influenza B"
"202420","20","05/12/2024","05/18/2024","2023-2024","SARS-CoV-2","11","125th St PS","2024","18,375","10.26422734776","1.7","Minimal","202420-11-SARS-CoV-2"
"202317","17","04/23/2023","04/29/2023","2022-2023","SARS-CoV-2","8","Little Village","2023","110,625","11.04385328371","2.6","Low","202317-8-SARS-CoV-2"
"202230","30","07/24/2022","07/30/2022","2021-2022","RSV","6","West Pullman/Roseland","2022",,,"0","Minimal","202230-6-RSV"
"202414","14","03/31/2024","04/06/2024","2023-2024","Influenza A","999","All sites","2024","8,973.21428571429","9.95294803909","2.2","Minimal","202414-999-Influenza A"
"202333","33","08/13/2023","08/19/2023","2022-2023","SARS-CoV-2","5","Chicago Lawn/Ashburn","2023","144,037.5","11.15847557489","3.6","Moderate","202333-5-SARS-CoV-2"
"202533","33","08/10/2025","08/16/2025","2024-2025","RSV","4","Austin/Montclare","2025","0",,"0","Minimal","202533-4-RSV"
"202552","52","12/21/2025","12/27/2025","2025-2026","RSV","999","All sites","2025","10,189.2857142857","10.00814374031","0","Minimal","202552-999-RSV"
"202341","41","10/08/2023","10/14/2023","2023-2024","Influenza A","5","Chicago Lawn/Ashburn","2023","0",,"0","Minimal","202341-5-Influenza A"
"202251","51","12/18/2022","12/24/2022","2022-2023","Influenza A","999","All sites","2022","122,221.875","11.08714894193","11.6","High","202251-999-Influenza A"
"202322","22","05/28/2023","06/03/2023","2022-2023","SARS-CoV-2","9","North Branch PS","2023","408,487.5","11.61117877136","5.6","High","202322-9-SARS-CoV-2"
"202511","11","03/09/2025","03/15/2025","2024-2025","RSV","4","Austin/Montclare","2025","13,725","10.13751235312","4.1","Low","202511-4-RSV"
"202531","31","07/27/2025","08/02/2025","2024-2025","RSV","6","West Pullman/Roseland","2025","0",,"0","Minimal","202531-6-RSV"
"202513","13","03/23/2025","03/29/2025","2024-2025","Influenza B","999","All sites","2025","3,150","9.49831055379","0","Minimal","202513-999-Influenza B"
"202514","14","03/30/2025","04/05/2025","2024-2025","Influenza A","6","West Pullman/Roseland","2025","3,937.5","9.5952205668","2.1","Minimal","202514-6-Influenza A"
"202245","45","11/06/2022","11/12/2022","2022-2023","RSV","999","All sites","2022",,,"0","Minimal","202245-999-RSV"
"202449","49","12/01/2024","12/07/2024","2024-2025","Influenza B","999","All sites","2024","0",,"0","Minimal","202449-999-Influenza B"
"202504","4","01/19/2025","01/25/2025","2024-2025","RSV","4","Austin/Montclare","2025","25,575","10.40781564238","3.9","Low","202504-4-RSV"
"202219","19","05/08/2022","05/14/2022","2021-2022","SARS-CoV-2","999","All sites","2022","133,006.25","11.12387204906","3.7","Moderate","202219-999-SARS-CoV-2"
"202409","9","02/25/2024","03/02/2024","2023-2024","Influenza B","6","West Pullman/Roseland","2024","28,012.5","10.44735186954","6.4","Moderate","202409-6-Influenza B"
"202343","43","10/22/2023","10/28/2023","2023-2024","SARS-CoV-2","11","125th St PS","2023","75,337.5","10.87701120448","4.4","Moderate","202343-11-SARS-CoV-2"
"202216","16","04/17/2022","04/23/2022","2021-2022","RSV","999","All sites","2022",,,"0","Minimal","202216-999-RSV"
"202426","26","06/23/2024","06/29/2024","2023-2024","SARS-CoV-2","10","Racine Ave PS","2024","149,400","11.17435059748","3.9","Moderate","202426-10-SARS-CoV-2"
"202549","49","11/30/2025","12/06/2025","2025-2026","RSV","5","Chicago Lawn/Ashburn","2025","3,637.5","9.56080300199","1.6","Minimal","202549-5-RSV"
"202402","2","01/07/2024","01/13/2024","2023-2024","Influenza A","5","Chicago Lawn/Ashburn","2024","25,725","10.41035538343","6.4","Moderate","202402-5-Influenza A"
"202451","51","12/15/2024","12/21/2024","2024-2025","Influenza A","5","Chicago Lawn/Ashburn","2024","30,787.5","10.48837442485","4.4","Low","202451-5-Influenza A"
"202520","20","05/11/2025","05/17/2025","2024-2025","Influenza B","11","125th St PS","2025","0",,"0","Minimal","202520-11-Influenza B"
"202336","36","09/03/2023","09/09/2023","2022-2023","Influenza B","999","All sites","2023","0",,"0","Minimal","202336-999-Influenza B"
"202433","33","08/11/2024","08/17/2024","2023-2024","Influenza A","9","North Branch PS","2024","0",,"0","Minimal","202433-9-Influenza A"
"202514","14","03/30/2025","04/05/2025","2024-2025","Influenza A","8","Little Village","2025","13,912.5","10.14340517734","2.6","Minimal","202514-8-Influenza A"
"202238","38","09/18/2022","09/24/2022","2021-2022","Influenza B","5","Chicago Lawn/Ashburn","2022",,,"0","Minimal","202238-5-Influenza B"
"202452","52","12/22/2024","12/28/2024","2024-2025","Influenza A","11","125th St PS","2024","18,375","10.26422734776","3.1","Low","202452-11-Influenza A"
"202443","43","10/20/2024","10/26/2024","2024-2025","RSV","4","Austin/Montclare","2024","1,950","9.29003461136","1","Minimal","202443-4-RSV"
"202514","14","03/30/2025","04/05/2025","2024-2025","SARS-CoV-2","999","All sites","2025","116,158.928571429","11.06505259752","3.4","Low","202514-999-SARS-CoV-2"
"202341","41","10/08/2023","10/14/2023","2023-2024","SARS-CoV-2","11","125th St PS","2023","22,162.5","10.34561874861","1.9","Minimal","202341-11-SARS-CoV-2"
"202524","24","06/08/2025","06/14/2025","2024-2025","Influenza B","999","All sites","2025","2,014.28571428571","9.30412107264","0","Minimal","202524-999-Influenza B"
"202221","21","05/22/2022","05/28/2022","2021-2022","RSV","5","Chicago Lawn/Ashburn","2022",,,"0","Minimal","202221-5-RSV"
"202312","12","03/19/2023","03/25/2023","2022-2023","SARS-CoV-2","6","West Pullman/Roseland","2023","557,287.5","11.74607930191","16.7","Very High","202312-6-SARS-CoV-2"
"202438","38","09/15/2024","09/21/2024","2023-2024","RSV","10","Racine Ave PS","2024","0",,"0","Minimal","202438-10-RSV"
"202240","40","10/02/2022","10/08/2022","2022-2023","Influenza B","5","Chicago Lawn/Ashburn","2022",,,"0","Minimal","202240-5-Influenza B"
"202430","30","07/21/2024","07/27/2024","2023-2024","RSV","8","Little Village","2024","0",,"0","Minimal","202430-8-RSV"
"202527","27","06/29/2025","07/05/2025","2024-2025","SARS-CoV-2","9","North Branch PS","2025","75,262.5","10.87657864022","1.6","Minimal","202527-9-SARS-CoV-2"
"202320","20","05/14/2023","05/20/2023","2022-2023","RSV","9","North Branch PS","2023","2,025","9.30642502755","1","Minimal","202320-9-RSV"
"202533","33","08/10/2025","08/16/2025","2024-2025","Influenza B","11","125th St PS","2025","0",,"0","Minimal","202533-11-Influenza B"
"202432","32","08/04/2024","08/10/2024","2023-2024","SARS-CoV-2","5","Chicago Lawn/Ashburn","2024","235,537.5","11.37206006113","4.8","Moderate","202432-5-SARS-CoV-2"
"202343","43","10/22/2023","10/28/2023","2023-2024","SARS-CoV-2","6","West Pullman/Roseland","2023","119,325","11.07673144304","6.1","High","202343-6-SARS-CoV-2"
"202434","34","08/18/2024","08/24/2024","2023-2024","RSV","4","Austin/Montclare","2024","0",,"0","Minimal","202434-4-RSV"
"202246","46","11/13/2022","11/19/2022","2022-2023","Influenza B","5","Chicago Lawn/Ashburn","2022","0",,"0","Minimal","202246-5-Influenza B"
"202525","25","06/15/2025","06/21/2025","2024-2025","Influenza A","8","Little Village","2025","0",,"0","Minimal","202525-8-Influenza A"
"202530","30","07/20/2025","07/26/2025","2024-2025","Influenza A","9","North Branch PS","2025","3,937.5","9.5952205668","1.7","Minimal","202530-9-Influenza A"
"202244","44","10/30/2022","11/05/2022","2022-2023","SARS-CoV-2","999","All sites","2022","261,178.125","11.41693679975","5.7","High","202244-999-SARS-CoV-2"
"202208","8","02/20/2022","02/26/2022","2021-2022","Influenza A","5","Chicago Lawn/Ashburn","2022",,,"0","Minimal","202208-5-Influenza A"
"202524","24","06/08/2025","06/14/2025","2024-2025","RSV","9","North Branch PS","2025","0",,"0","Minimal","202524-9-RSV"
"202511","11","03/09/2025","03/15/2025","2024-2025","Influenza A","8","Little Village","2025","59,625","10.77542839205","7.5","Moderate","202511-8-Influenza A"
"202324","24","06/11/2023","06/17/2023","2022-2023","RSV","4","Austin/Montclare","2023","1,950","9.29003461136","1","Minimal","202324-4-RSV"
"202251","51","12/18/2022","12/24/2022","2022-2023","SARS-CoV-2","999","All sites","2022","2,082,825","12.31865278184","25.6","Very High","202251-999-SARS-CoV-2"
"202531","31","07/27/2025","08/02/2025","2024-2025","RSV","11","125th St PS","2025","0",,"0","Minimal","202531-11-RSV"
"202448","48","11/24/2024","11/30/2024","2024-2025","RSV","4","Austin/Montclare","2024","25,725","10.41035538343","3.8","Low","202448-4-RSV"
"202421","21","05/19/2024","05/25/2024","2023-2024","RSV","10","Racine Ave PS","2024","13,762.5","10.13869733198","4.7","Low","202421-10-RSV"
"202520","20","05/11/2025","05/17/2025","2024-2025","Influenza A","8","Little Village","2025","6,000","9.77815125038","2.3","Minimal","202520-8-Influenza A"
"202350","50","12/10/2023","12/16/2023","2023-2024","Influenza A","8","Little Village","2023","54,975","10.74016523803","7.3","Moderate","202350-8-Influenza A"
"202544","44","10/26/2025","11/01/2025","2025-2026","RSV","5","Chicago Lawn/Ashburn","2025","0",,"0","Minimal","202544-5-RSV"
"202327","27","07/02/2023","07/08/2023","2022-2023","RSV","5","Chicago Lawn/Ashburn","2023","0",,"0","Minimal","202327-5-RSV"
"202424","24","06/09/2024","06/15/2024","2023-2024","Influenza B","5","Chicago Lawn/Ashburn","2024","0",,"0","Minimal","202424-5-Influenza B"
"202327","27","07/02/2023","07/08/2023","2022-2023","Influenza A","11","125th St PS","2023","2,025","9.30642502755","1","Minimal","202327-11-Influenza A"
"202439","39","09/22/2024","09/28/2024","2023-2024","Influenza B","6","West Pullman/Roseland","2024","0",,"0","Minimal","202439-6-Influenza B"
"202218","18","05/01/2022","05/07/2022","2021-2022","Influenza B","6","West Pullman/Roseland","2022",,,"0","Minimal","202218-6-Influenza B"
"202538","38","09/14/2025","09/20/2025","2024-2025","Influenza B","4","Austin/Montclare","2025","0",,"0","Minimal","202538-4-Influenza B"
"202417","17","04/21/2024","04/27/2024","2023-2024","Influenza B","9","North Branch PS","2024","1,950","9.29003461136","1","Minimal","202417-9-Influenza B"
"202445","45","11/03/2024","11/09/2024","2024-2025","SARS-CoV-2","8","Little Village","2024","66,975","10.82591272228","2","Minimal","202445-8-SARS-CoV-2"
"202501","1","12/29/2024","01/04/2025","2024-2025","Influenza A","11","125th St PS","2025","80,325","10.90485073422","9.7","Moderate","202501-11-Influenza A"
"202329","29","07/16/2023","07/22/2023","2022-2023","SARS-CoV-2","11","125th St PS","2023","91,050","10.95927995013","4.7","Moderate","202329-11-SARS-CoV-2"
"202311","11","03/12/2023","03/18/2023","2022-2023","Influenza B","5","Chicago Lawn/Ashburn","2023","0",,"0","Minimal","202311-5-Influenza B"
"202427","27","06/30/2024","07/06/2024","2023-2024","Influenza B","9","North Branch PS","2024","0",,"0","Minimal","202427-9-Influenza B"
"202536","36","08/31/2025","09/06/2025","2024-2025","Influenza B","8","Little Village","2025","0",,"0","Minimal","202536-8-Influenza B"
"202445","45","11/03/2024","11/09/2024","2024-2025","Influenza B","999","All sites","2024","0",,"0","Minimal","202445-999-Influenza B"
"202447","47","11/17/2024","11/23/2024","2024-2025","Influenza B","9","North Branch PS","2024","0",,"0","Minimal","202447-9-Influenza B"
"202441","41","10/06/2024","10/12/2024","2024-2025","Influenza A","10","Racine Ave PS","2024","4,012.5","9.60341504541","1","Minimal","202441-10-Influenza A"
"202515","15","04/06/2025","04/12/2025","2024-2025","Influenza A","11","125th St PS","2025","0",,"0","Minimal","202515-11-Influenza A"
"202522","22","05/25/2025","05/31/2025","2024-2025","RSV","9","North Branch PS","2025","0",,"0","Minimal","202522-9-RSV"
"202548","48","11/23/2025","11/29/2025","2025-2026","SARS-CoV-2","8","Little Village","2025","241,500","11.38291713509","4.8","Moderate","202548-8-SARS-CoV-2"
"202511","11","03/09/2025","03/15/2025","2024-2025","RSV","10","Racine Ave PS","2025","23,025","10.36219963887","4","Low","202511-10-RSV"
"202552","52","12/21/2025","12/27/2025","2025-2026","Influenza B","6","West Pullman/Roseland","2025","0",,"0","Minimal","202552-6-Influenza B"
"202330","30","07/23/2023","07/29/2023","2022-2023","Influenza A","8","Little Village","2023","0",,"0","Minimal","202330-8-Influenza A"
"202420","20","05/12/2024","05/18/2024","2023-2024","Influenza A","999","All sites","2024","2,014.28571428571","9.30412107264","0","Minimal","202420-999-Influenza A"
"202510","10","03/02/2025","03/08/2025","2024-2025","Influenza A","11","125th St PS","2025","88,087.5","10.94491428451","17.5","High","202510-11-Influenza A"
"202350","50","12/10/2023","12/16/2023","2023-2024","SARS-CoV-2","4","Austin/Montclare","2023","1,037,625","12.01604042687","11.6","Very High","202350-4-SARS-CoV-2"
"202414","14","03/31/2024","04/06/2024","2023-2024","RSV","10","Racine Ave PS","2024","6,037.5","9.78085714376","2.4","Minimal","202414-10-RSV"
"202409","9","02/25/2024","03/02/2024","2023-2024","SARS-CoV-2","4","Austin/Montclare","2024","678,712.5","11.83168584776","8.7","Very High","202409-4-SARS-CoV-2"
"202306","6","02/05/2023","02/11/2023","2022-2023","Influenza B","5","Chicago Lawn/Ashburn","2023","4,050","9.60745502321","1","Minimal","202306-5-Influenza B"
"202532","32","08/03/2025","08/09/2025","2024-2025","RSV","5","Chicago Lawn/Ashburn","2025","0",,"0","Minimal","202532-5-RSV"
"202343","43","10/22/2023","10/28/2023","2023-2024","Influenza B","4","Austin/Montclare","2023","0",,"0","Minimal","202343-4-Influenza B"
"202344","44","10/29/2023","11/04/2023","2023-2024","Influenza B","9","North Branch PS","2023","0",,"0","Minimal","202344-9-Influenza B"
"202347","47","11/19/2023","11/25/2023","2023-2024","RSV","10","Racine Ave PS","2023","66,562.5","10.82322962512","9.3","High","202347-10-RSV"
"202216","16","04/17/2022","04/23/2022","2021-2022","SARS-CoV-2","6","West Pullman/Roseland","2022","31,856.25","10.50319465093","2.7","Low","202216-6-SARS-CoV-2"
"202521","21","05/18/2025","05/24/2025","2024-2025","RSV","8","Little Village","2025","0",,"0","Minimal","202521-8-RSV"
"202430","30","07/21/2024","07/27/2024","2023-2024","Influenza A","5","Chicago Lawn/Ashburn","2024","0",,"0","Minimal","202430-5-Influenza A"
"202342","42","10/15/2023","10/21/2023","2023-2024","Influenza B","999","All sites","2023","0",,"0","Minimal","202342-999-Influenza B"
"202334","34","08/20/2023","08/26/2023","2022-2023","Influenza B","6","West Pullman/Roseland","2023","0",,"0","Minimal","202334-6-Influenza B"
"202515","15","04/06/2025","04/12/2025","2024-2025","Influenza A","5","Chicago Lawn/Ashburn","2025","192,675","11.28482536766","16.1","High","202515-5-Influenza A"
"202252","52","12/25/2022","12/31/2022","2022-2023","Influenza B","8","Little Village","2022","0",,"0","Minimal","202252-8-Influenza B"
"202444","44","10/27/2024","11/02/2024","2024-2025","Influenza B","11","125th St PS","2024","0",,"0","Minimal","202444-11-Influenza B"
"202341","41","10/08/2023","10/14/2023","2023-2024","SARS-CoV-2","999","All sites","2023","143,925","11.15813623813","3.2","Low","202341-999-SARS-CoV-2"
"202408","8","02/18/2024","02/24/2024","2023-2024","Influenza A","6","West Pullman/Roseland","2024","0",,"0","Minimal","202408-6-Influenza A"
"202512","12","03/16/2025","03/22/2025","2024-2025","RSV","8","Little Village","2025","15,900","10.20139712432","2.8","Low","202512-8-RSV"
"202438","38","09/15/2024","09/21/2024","2023-2024","SARS-CoV-2","6","West Pullman/Roseland","2024","42,262.5","10.62595518377","2.9","Low","202438-6-SARS-CoV-2"
"202416","16","04/14/2024","04/20/2024","2023-2024","SARS-CoV-2","999","All sites","2024","133,253.571428571","11.12467885771","3.7","Moderate","202416-999-SARS-CoV-2"
"202232","32","08/07/2022","08/13/2022","2021-2022","Influenza B","5","Chicago Lawn/Ashburn","2022",,,"0","Minimal","202232-5-Influenza B"
"202403","3","01/14/2024","01/20/2024","2023-2024","Influenza B","999","All sites","2024","10,157.1428571429","10.00677156072","0","Minimal","202403-999-Influenza B"
"202235","35","08/28/2022","09/03/2022","2021-2022","Influenza B","4","Austin/Montclare","2022",,,"0","Minimal","202235-4-Influenza B"
"202405","5","01/28/2024","02/03/2024","2023-2024","Influenza A","6","West Pullman/Roseland","2024","1,987.5","9.29830713733","1","Minimal","202405-6-Influenza A"
"202403","3","01/14/2024","01/20/2024","2023-2024","SARS-CoV-2","8","Little Village","2024","506,850","11.70487945083","8.7","Very High","202403-8-SARS-CoV-2"
"202552","52","12/21/2025","12/27/2025","2025-2026","RSV","4","Austin/Montclare","2025","22,650","10.35506820635","3.5","Low","202552-4-RSV"
"202444","44","10/27/2024","11/02/2024","2024-2025","SARS-CoV-2","6","West Pullman/Roseland","2024","9,900","9.9956351946","1.1","Minimal","202444-6-SARS-CoV-2"
"202439","39","09/22/2024","09/28/2024","2023-2024","SARS-CoV-2","6","West Pullman/Roseland","2024","15,787.5","10.19831336356","1.6","Minimal","202439-6-SARS-CoV-2"
"202340","40","10/01/2023","10/07/2023","2023-2024","Influenza B","6","West Pullman/Roseland","2023","0",,"0","Minimal","202340-6-Influenza B"
"202545","45","11/02/2025","11/08/2025","2025-2026","SARS-CoV-2","6","West Pullman/Roseland","2025","15,037.5","10.17717564035","1.4","Minimal","202545-6-SARS-CoV-2"
"202350","50","12/10/2023","12/16/2023","2023-2024","Influenza A","10","Racine Ave PS","2023","45,262.5","10.65573853783","5.6","Low","202350-10-Influenza A"
"202507","7","02/09/2025","02/15/2025","2024-2025","RSV","6","West Pullman/Roseland","2025","4,050","9.60745502321","1.8","Minimal","202507-6-RSV"
"202546","46","11/09/2025","11/15/2025","2025-2026","Influenza B","6","West Pullman/Roseland","2025","1,875","9.27300127206","0.9","Minimal","202546-6-Influenza B"
"202601","1","01/04/2026","01/10/2026","2025-2026","Influenza B","8","Little Village","2026","3,968.60393139985","9.59863775827","1","Minimal","202601-8-Influenza B"
"202545","45","11/02/2025","11/08/2025","2025-2026","SARS-CoV-2","8","Little Village","2025","93,337.5","10.97005616434","2.5","Low","202545-8-SARS-CoV-2"
"202549","49","11/30/2025","12/06/2025","2025-2026","Influenza B","6","West Pullman/Roseland","2025","0",,"0","Minimal","202549-6-Influenza B"
"202420","20","05/12/2024","05/18/2024","2023-2024","SARS-CoV-2","5","Chicago Lawn/Ashburn","2024","19,762.5","10.29584188294","1.1","Minimal","202420-5-SARS-CoV-2"
"202552","52","12/21/2025","12/27/2025","2025-2026","SARS-CoV-2","999","All sites","2025","569,003.571428571","11.75511499231","10.5","Very High","202552-999-SARS-CoV-2"
"202250","50","12/11/2022","12/17/2022","2022-2023","SARS-CoV-2","8","Little Village","2022","494,250","11.69394667799","7.6","High","202250-8-SARS-CoV-2"
"202341","41","10/08/2023","10/14/2023","2023-2024","RSV","10","Racine Ave PS","2023","11,812.5","10.07234182152","2.3","Minimal","202341-10-RSV"
"202231","31","07/31/2022","08/06/2022","2021-2022","RSV","4","Austin/Montclare","2022",,,"0","Minimal","202231-4-RSV"
"202426","26","06/23/2024","06/29/2024","2023-2024","SARS-CoV-2","4","Austin/Montclare","2024","151,612.5","11.18073500906","3.3","Low","202426-4-SARS-CoV-2"
"202418","18","04/28/2024","05/04/2024","2023-2024","Influenza A","5","Chicago Lawn/Ashburn","2024","6,000","9.77815125038","1.3","Minimal","202418-5-Influenza A"
"202404","4","01/21/2024","01/27/2024","2023-2024","RSV","10","Racine Ave PS","2024","210,600","11.32345836685","23.4","Very High","202404-10-RSV"
"202521","21","05/18/2025","05/24/2025","2024-2025","Influenza B","10","Racine Ave PS","2025","11,925","10.07645838771","7.7","Moderate","202521-10-Influenza B"
"202241","41","10/09/2022","10/15/2022","2022-2023","Influenza B","8","Little Village","2022","0",,"0","Minimal","202241-8-Influenza B"
"202510","10","03/02/2025","03/08/2025","2024-2025","SARS-CoV-2","9","North Branch PS","2025","375,262.5","11.57433516751","5.6","High","202510-9-SARS-CoV-2"
"202539","39","09/21/2025","09/27/2025","2024-2025","Influenza A","999","All sites","2025","1,071.42857142857","9.02996322338","0","Minimal","202539-999-Influenza A"
"202520","20","05/11/2025","05/17/2025","2024-2025","SARS-CoV-2","9","North Branch PS","2025","58,312.5","10.76576166109","1.3","Minimal","202520-9-SARS-CoV-2"
"202409","9","02/25/2024","03/02/2024","2023-2024","Influenza A","5","Chicago Lawn/Ashburn","2024","6,000","9.77815125038","1.3","Minimal","202409-5-Influenza A"
"202409","9","02/25/2024","03/02/2024","2023-2024","Influenza A","6","West Pullman/Roseland","2024","18,075","10.25707830597","5.3","Low","202409-6-Influenza A"
"202211","11","03/13/2022","03/19/2022","2021-2022","RSV","5","Chicago Lawn/Ashburn","2022",,,"0","Minimal","202211-5-RSV"
"202533","33","08/10/2025","08/16/2025","2024-2025","Influenza B","8","Little Village","2025","1,987.5","9.29830713733","1","Minimal","202533-8-Influenza B"
"202327","27","07/02/2023","07/08/2023","2022-2023","SARS-CoV-2","9","North Branch PS","2023","43,575","10.63923739578","1.8","Minimal","202327-9-SARS-CoV-2"
"202541","41","10/05/2025","10/11/2025","2025-2026","RSV","999","All sites","2025","0",,"0","Minimal","202541-999-RSV"
"202329","29","07/16/2023","07/22/2023","2022-2023","Influenza B","11","125th St PS","2023","0",,"0","Minimal","202329-11-Influenza B"
"202320","20","05/14/2023","05/20/2023","2022-2023","SARS-CoV-2","4","Austin/Montclare","2023","552,637.5","11.74244035125","7.5","High","202320-4-SARS-CoV-2"
"202422","22","05/26/2024","06/01/2024","2023-2024","Influenza A","5","Chicago Lawn/Ashburn","2024","0",,"0","Minimal","202422-5-Influenza A"
"202331","31","07/30/2023","08/05/2023","2022-2023","RSV","6","West Pullman/Roseland","2023","2,025","9.30642502755","1","Minimal","202331-6-RSV"
"202440","40","09/29/2024","10/05/2024","2024-2025","SARS-CoV-2","999","All sites","2024","27,583.9285714286","10.44065611954","1.4","Minimal","202440-999-SARS-CoV-2"
"202225","25","06/19/2022","06/25/2022","2021-2022","Influenza A","999","All sites","2022",,,"0","Minimal","202225-999-Influenza A"
"202523","23","06/01/2025","06/07/2025","2024-2025","RSV","4","Austin/Montclare","2025","0",,"0","Minimal","202523-4-RSV"
"202242","42","10/16/2022","10/22/2022","2022-2023","Influenza B","4","Austin/Montclare","2022","14,025","10.14690286993","11.2","Moderate","202242-4-Influenza B"
"202521","21","05/18/2025","05/24/2025","2024-2025","Influenza B","999","All sites","2025","2,833.92857142857","9.45238889975","0","Minimal","202521-999-Influenza B"
"202428","28","07/07/2024","07/13/2024","2023-2024","Influenza A","6","West Pullman/Roseland","2024","0",,"0","Minimal","202428-6-Influenza A"
"202428","28","07/07/2024","07/13/2024","2023-2024","RSV","11","125th St PS","2024","0",,"0","Minimal","202428-11-RSV"
"202421","21","05/19/2024","05/25/2024","2023-2024","SARS-CoV-2","5","Chicago Lawn/Ashburn","2024","18,075","10.25707830597","1","Minimal","202421-5-SARS-CoV-2"
"202242","42","10/16/2022","10/22/2022","2022-2023","SARS-CoV-2","4","Austin/Montclare","2022","266,250","11.42528961645","4.4","Moderate","202242-4-SARS-CoV-2"
"202410","10","03/03/2024","03/09/2024","2023-2024","RSV","9","North Branch PS","2024","3,975","9.59933713299","1","Minimal","202410-9-RSV"
"202528","28","07/06/2025","07/12/2025","2024-2025","Influenza B","8","Little Village","2025","0",,"0","Minimal","202528-8-Influenza B"
"202241","41","10/09/2022","10/15/2022","2022-2023","RSV","6","West Pullman/Roseland","2022",,,"0","Minimal","202241-6-RSV"
"202551","51","12/14/2025","12/20/2025","2025-2026","Influenza A","9","North Branch PS","2025","54,493.411001489","10.73634399331","7.4","Moderate","202551-9-Influenza A"
"202335","35","08/27/2023","09/02/2023","2022-2023","Influenza A","9","North Branch PS","2023","1,950","9.29003461136","1","Minimal","202335-9-Influenza A"
"202435","35","08/25/2024","08/31/2024","2023-2024","SARS-CoV-2","10","Racine Ave PS","2024","144,600","11.16016829296","3.7","Moderate","202435-10-SARS-CoV-2"
"202602","2","01/11/2026","01/17/2026","2025-2026","SARS-CoV-2","999","All sites","2026","188,111.033333333","11.2744142691","4.4","Moderate","202602-999-SARS-CoV-2"
"202212","12","03/20/2022","03/26/2022","2021-2022","Influenza A","999","All sites","2022",,,"0","Minimal","202212-999-Influenza A"
"202525","25","06/15/2025","06/21/2025","2024-2025","Influenza B","999","All sites","2025","3,696.42857142857","9.56778231845","0","Minimal","202525-999-Influenza B"
"202509","9","02/23/2025","03/01/2025","2024-2025","Influenza B","9","North Branch PS","2025","2,025","9.30642502755","1","Minimal","202509-9-Influenza B"
"202547","47","11/16/2025","11/22/2025","2025-2026","Influenza B","999","All sites","2025","0",,"0","Minimal","202547-999-Influenza B"
"202323","23","06/04/2023","06/10/2023","2022-2023","SARS-CoV-2","10","Racine Ave PS","2023","53,512.5","10.72845524084","1.9","Minimal","202323-10-SARS-CoV-2"
"202322","22","05/28/2023","06/03/2023","2022-2023","SARS-CoV-2","10","Racine Ave PS","2023","28,050","10.44793286559","1.3","Minimal","202322-10-SARS-CoV-2"
"202414","14","03/31/2024","04/06/2024","2023-2024","RSV","11","125th St PS","2024","6,000","9.77815125038","2.6","Low","202414-11-RSV"
"202322","22","05/28/2023","06/03/2023","2022-2023","RSV","5","Chicago Lawn/Ashburn","2023","0",,"0","Minimal","202322-5-RSV"
"202450","50","12/08/2024","12/14/2024","2024-2025","SARS-CoV-2","4","Austin/Montclare","2024","205,387.5","11.31257400866","4.1","Moderate","202450-4-SARS-CoV-2"
"202344","44","10/29/2023","11/04/2023","2023-2024","RSV","6","West Pullman/Roseland","2023","0",,"0","Minimal","202344-6-RSV"
"202302","2","01/08/2023","01/14/2023","2022-2023","Influenza A","4","Austin/Montclare","2023","29,512.5","10.47000600009","4.1","Low","202302-4-Influenza A"
"202535","35","08/24/2025","08/30/2025","2024-2025","SARS-CoV-2","6","West Pullman/Roseland","2025","21,862.5","10.33969982249","2","Minimal","202535-6-SARS-CoV-2"
"202244","44","10/30/2022","11/05/2022","2022-2023","RSV","999","All sites","2022",,,"0","Minimal","202244-999-RSV"
"202447","47","11/17/2024","11/23/2024","2024-2025","SARS-CoV-2","8","Little Village","2024","16,537.5","10.2184698572","0.7","Minimal","202447-8-SARS-CoV-2"
"202305","5","01/29/2023","02/04/2023","2022-2023","Influenza B","8","Little Village","2023","5,887.5","9.76993092014","4.1","Low","202305-8-Influenza B"
"202539","39","09/21/2025","09/27/2025","2024-2025","Influenza A","4","Austin/Montclare","2025","0",,"0","Minimal","202539-4-Influenza A"
"202216","16","04/17/2022","04/23/2022","2021-2022","RSV","4","Austin/Montclare","2022",,,"0","Minimal","202216-4-RSV"
"202434","34","08/18/2024","08/24/2024","2023-2024","Influenza A","999","All sites","2024","25,730.3571428571","10.41044581435","0","Minimal","202434-999-Influenza A"
"202416","16","04/14/2024","04/20/2024","2023-2024","RSV","10","Racine Ave PS","2024","38,625","10.58686849243","5.9","Moderate","202416-10-RSV"
"202539","39","09/21/2025","09/27/2025","2024-2025","Influenza B","4","Austin/Montclare","2025","0",,"0","Minimal","202539-4-Influenza B"
"202535","35","08/24/2025","08/30/2025","2024-2025","Influenza A","11","125th St PS","2025","0",,"0","Minimal","202535-11-Influenza A"
"202328","28","07/09/2023","07/15/2023","2022-2023","SARS-CoV-2","999","All sites","2023","47,983.9285714286","10.68109580193","1.9","Minimal","202328-999-SARS-CoV-2"
"202343","43","10/22/2023","10/28/2023","2023-2024","Influenza A","11","125th St PS","2023","1,987.5","9.29830713733","1","Minimal","202343-11-Influenza A"
"202547","47","11/16/2025","11/22/2025","2025-2026","RSV","5","Chicago Lawn/Ashburn","2025","1,875","9.27300127206","1","Minimal","202547-5-RSV"
"202249","49","12/04/2022","12/10/2022","2022-2023","Influenza A","5","Chicago Lawn/Ashburn","2022","160,875","11.20648855991","14.4","High","202249-5-Influenza A"
"202433","33","08/11/2024","08/17/2024","2023-2024","SARS-CoV-2","11","125th St PS","2024","59,775","10.77651958479","4","Moderate","202433-11-SARS-CoV-2"
"202449","49","12/01/2024","12/07/2024","2024-2025","RSV","999","All sites","2024","12,985.7142857143","10.11346584321","0","Minimal","202449-999-RSV"
"202448","48","11/24/2024","11/30/2024","2024-2025","SARS-CoV-2","8","Little Village","2024","35,775","10.55357964243","1.3","Minimal","202448-8-SARS-CoV-2"
"202305","5","01/29/2023","02/04/2023","2022-2023","Influenza B","5","Chicago Lawn/Ashburn","2023","0",,"0","Minimal","202305-5-Influenza B"
"202251","51","12/18/2022","12/24/2022","2022-2023","Influenza B","999","All sites","2022","1,518.75","9.18148629094","0","Minimal","202251-999-Influenza B"
"202421","21","05/19/2024","05/25/2024","2023-2024","Influenza B","4","Austin/Montclare","2024","1,987.5","9.29830713733","1","Minimal","202421-4-Influenza B"
"202513","13","03/23/2025","03/29/2025","2024-2025","Influenza A","4","Austin/Montclare","2025","16,087.5","10.20648855991","2.7","Minimal","202513-4-Influenza A"
"202546","46","11/09/2025","11/15/2025","2025-2026","Influenza A","10","Racine Ave PS","2025","19,687.5","10.29419057113","3.3","Low","202546-10-Influenza A"
"202413","13","03/24/2024","03/30/2024","2023-2024","Influenza A","8","Little Village","2024","7,987.5","9.90241087117","1.6","Minimal","202413-8-Influenza A"
"202247","47","11/20/2022","11/26/2022","2022-2023","RSV","6","West Pullman/Roseland","2022",,,"0","Minimal","202247-6-RSV"
"202323","23","06/04/2023","06/10/2023","2022-2023","Influenza B","5","Chicago Lawn/Ashburn","2023","3,975","9.59933713299","1","Minimal","202323-5-Influenza B"
"202538","38","09/14/2025","09/20/2025","2024-2025","Influenza A","4","Austin/Montclare","2025","0",,"0","Minimal","202538-4-Influenza A"
"202438","38","09/15/2024","09/21/2024","2023-2024","RSV","9","North Branch PS","2024","0",,"0","Minimal","202438-9-RSV"
"202436","36","09/01/2024","09/07/2024","2023-2024","SARS-CoV-2","6","West Pullman/Roseland","2024","95,550","10.98023069139","4.8","Moderate","202436-6-SARS-CoV-2"
"202432","32","08/04/2024","08/10/2024","2023-2024","RSV","4","Austin/Montclare","2024","0",,"0","Minimal","202432-4-RSV"
"202533","33","08/10/2025","08/16/2025","2024-2025","Influenza B","999","All sites","2025","567.85714285714","8.75423909298","0","Minimal","202533-999-Influenza B"
"202422","22","05/26/2024","06/01/2024","2023-2024","Influenza A","8","Little Village","2024","3,975","9.59933713299","1.7","Minimal","202422-8-Influenza A"
"202527","27","06/29/2025","07/05/2025","2024-2025","RSV","4","Austin/Montclare","2025","0",,"0","Minimal","202527-4-RSV"
"202440","40","09/29/2024","10/05/2024","2024-2025","Influenza B","6","West Pullman/Roseland","2024","0",,"0","Minimal","202440-6-Influenza B"
"202338","38","09/17/2023","09/23/2023","2022-2023","SARS-CoV-2","5","Chicago Lawn/Ashburn","2023","141,225","11.14991158341","3.7","Moderate","202338-5-SARS-CoV-2"
"202507","7","02/09/2025","02/15/2025","2024-2025","RSV","9","North Branch PS","2025","41,812.5","10.62130613511","5.8","Moderate","202507-9-RSV"
"202413","13","03/24/2024","03/30/2024","2023-2024","SARS-CoV-2","6","West Pullman/Roseland","2024","154,087.5","11.18776740899","6.9","High","202413-6-SARS-CoV-2"
"202414","14","03/31/2024","04/06/2024","2023-2024","SARS-CoV-2","4","Austin/Montclare","2024","349,087.5","11.54293429803","5.5","High","202414-4-SARS-CoV-2"
"202540","40","09/28/2025","10/04/2025","2025-2026","SARS-CoV-2","11","125th St PS","2025","15,112.5","10.17933631387","1.5","Minimal","202540-11-SARS-CoV-2"
"202422","22","05/26/2024","06/01/2024","2023-2024","Influenza B","9","North Branch PS","2024","0",,"0","Minimal","202422-9-Influenza B"
"202411","11","03/10/2024","03/16/2024","2023-2024","SARS-CoV-2","8","Little Village","2024","145,612.5","11.16319865827","3.5","Moderate","202411-8-SARS-CoV-2"
"202331","31","07/30/2023","08/05/2023","2022-2023","SARS-CoV-2","11","125th St PS","2023","50,700","10.70500795933","5.8","High","202331-11-SARS-CoV-2"
"202306","6","02/05/2023","02/11/2023","2022-2023","RSV","6","West Pullman/Roseland","2023",,,"0","Minimal","202306-6-RSV"
"202530","30","07/20/2025","07/26/2025","2024-2025","Influenza A","6","West Pullman/Roseland","2025","0",,"0","Minimal","202530-6-Influenza A"
"202445","45","11/03/2024","11/09/2024","2024-2025","Influenza B","5","Chicago Lawn/Ashburn","2024","0",,"0","Minimal","202445-5-Influenza B"
"202544","44","10/26/2025","11/01/2025","2025-2026","RSV","8","Little Village","2025","0",,"0","Minimal","202544-8-RSV"
"202439","39","09/22/2024","09/28/2024","2023-2024","SARS-CoV-2","9","North Branch PS","2024","93,637.5","10.97144981008","1.9","Minimal","202439-9-SARS-CoV-2"
"202327","27","07/02/2023","07/08/2023","2022-2023","Influenza B","4","Austin/Montclare","2023","0",,"0","Minimal","202327-4-Influenza B"
"202413","13","03/24/2024","03/30/2024","2023-2024","RSV","4","Austin/Montclare","2024","16,050","10.20547503674","2.7","Low","202413-4-RSV"
"202447","47","11/17/2024","11/23/2024","2024-2025","Influenza B","999","All sites","2024","278.57142857143","8.44493657135","0","Minimal","202447-999-Influenza B"
"202429","29","07/14/2024","07/20/2024","2023-2024","Influenza B","5","Chicago Lawn/Ashburn","2024","0",,"0","Minimal","202429-5-Influenza B"
"202403","3","01/14/2024","01/20/2024","2023-2024","Influenza A","8","Little Village","2024","130,425","11.11536084539","14.3","High","202403-8-Influenza A"
"202319","19","05/07/2023","05/13/2023","2022-2023","RSV","5","Chicago Lawn/Ashburn","2023","0",,"0","Minimal","202319-5-RSV"
"202544","44","10/26/2025","11/01/2025","2025-2026","SARS-CoV-2","4","Austin/Montclare","2025","16,725","10.22336612644","0.8","Minimal","202544-4-SARS-CoV-2"
"202315","15","04/09/2023","04/15/2023","2022-2023","Influenza B","6","West Pullman/Roseland","2023","0",,"0","Minimal","202315-6-Influenza B"
"202427","27","06/30/2024","07/06/2024","2023-2024","Influenza A","999","All sites","2024","1,467.85714285714","9.16668379053","0","Minimal","202427-999-Influenza A"
"202528","28","07/06/2025","07/12/2025","2024-2025","Influenza A","4","Austin/Montclare","2025","0",,"0","Minimal","202528-4-Influenza A"
"202541","41","10/05/2025","10/11/2025","2025-2026","Influenza B","4","Austin/Montclare","2025","0",,"0","Minimal","202541-4-Influenza B"
"202430","30","07/21/2024","07/27/2024","2023-2024","Influenza B","6","West Pullman/Roseland","2024","0",,"0","Minimal","202430-6-Influenza B"
"202345","45","11/05/2023","11/11/2023","2023-2024","RSV","8","Little Village","2023","36,675","10.56437012252","5.4","Moderate","202345-8-RSV"
"202347","47","11/19/2023","11/25/2023","2023-2024","RSV","8","Little Village","2023","285,037.5","11.45490200026","25.2","Very High","202347-8-RSV"
"202431","31","07/28/2024","08/03/2024","2023-2024","RSV","10","Racine Ave PS","2024","0",,"0","Minimal","202431-10-RSV"
"202442","42","10/13/2024","10/19/2024","2024-2025","Influenza B","999","All sites","2024","0",,"0","Minimal","202442-999-Influenza B"
"202520","20","05/11/2025","05/17/2025","2024-2025","Influenza A","10","Racine Ave PS","2025","13,837.5","10.14105763389","2.4","Minimal","202520-10-Influenza A"
"202541","41","10/05/2025","10/11/2025","2025-2026","RSV","6","West Pullman/Roseland","2025","0",,"0","Minimal","202541-6-RSV"
"202308","8","02/19/2023","02/25/2023","2022-2023","Influenza A","6","West Pullman/Roseland","2023","0",,"0","Minimal","202308-6-Influenza A"
"202229","29","07/17/2022","07/23/2022","2021-2022","RSV","5","Chicago Lawn/Ashburn","2022",,,"0","Minimal","202229-5-RSV"
"202345","45","11/05/2023","11/11/2023","2023-2024","Influenza A","8","Little Village","2023","6,112.5","9.78621887213","1.4","Minimal","202345-8-Influenza A"
"202408","8","02/18/2024","02/24/2024","2023-2024","Influenza B","8","Little Village","2024","16,537.5","10.2184698572","6.8","Moderate","202408-8-Influenza B"
"202348","48","11/26/2023","12/02/2023","2023-2024","SARS-CoV-2","8","Little Village","2023","1,403,812.5","12.14730910519","16.5","Very High","202348-8-SARS-CoV-2"
"202325","25","06/18/2023","06/24/2023","2022-2023","SARS-CoV-2","6","West Pullman/Roseland","2023","22,050","10.3434085938","2","Minimal","202325-6-SARS-CoV-2"
"202431","31","07/28/2024","08/03/2024","2023-2024","RSV","999","All sites","2024","0",,"0","Minimal","202431-999-RSV"
"202416","16","04/14/2024","04/20/2024","2023-2024","Influenza B","8","Little Village","2024","48,412.5","10.68495750999","26.3","Very High","202416-8-Influenza B"
"202348","48","11/26/2023","12/02/2023","2023-2024","Influenza A","999","All sites","2023","23,914.2857142857","10.37865741364","3.9","Low","202348-999-Influenza A"
"202314","14","04/02/2023","04/08/2023","2022-2023","SARS-CoV-2","6","West Pullman/Roseland","2023","429,225","11.6326850093","13.4","Very High","202314-6-SARS-CoV-2"
"202329","29","07/16/2023","07/22/2023","2022-2023","Influenza A","5","Chicago Lawn/Ashburn","2023","0",,"0","Minimal","202329-5-Influenza A"
"202548","48","11/23/2025","11/29/2025","2025-2026","RSV","4","Austin/Montclare","2025","0",,"0","Minimal","202548-4-RSV"
"202249","49","12/04/2022","12/10/2022","2022-2023","RSV","8","Little Village","2022",,,"0","Minimal","202249-8-RSV"
"202502","2","01/05/2025","01/11/2025","2024-2025","Influenza B","8","Little Village","2025","1,987.5","9.29830713733","1","Minimal","202502-8-Influenza B"
"202337","37","09/10/2023","09/16/2023","2022-2023","Influenza A","9","North Branch PS","2023","0",,"0","Minimal","202337-9-Influenza A"
"202413","13","03/24/2024","03/30/2024","2023-2024","Influenza B","10","Racine Ave PS","2024","8,062.5","9.90646972764","2.3","Minimal","202413-10-Influenza B"
"202303","3","01/15/2023","01/21/2023","2022-2023","RSV","999","All sites","2023",,,"0","Minimal","202303-999-RSV"
"202236","36","09/04/2022","09/10/2022","2021-2022","SARS-CoV-2","4","Austin/Montclare","2022","129,000","11.1105897103","3","Low","202236-4-SARS-CoV-2"
"202236","36","09/04/2022","09/10/2022","2021-2022","Influenza A","6","West Pullman/Roseland","2022",,,"0","Minimal","202236-6-Influenza A"
"202337","37","09/10/2023","09/16/2023","2022-2023","Influenza A","999","All sites","2023","1,135.71428571429","9.05526908864","0","Minimal","202337-999-Influenza A"
"202451","51","12/15/2024","12/21/2024","2024-2025","RSV","9","North Branch PS","2024","31,875","10.50345019344","4.6","Low","202451-9-RSV"
"202529","29","07/13/2025","07/19/2025","2024-2025","Influenza A","10","Racine Ave PS","2025","9,862.5","9.99398701622","1.9","Minimal","202529-10-Influenza A"
"202344","44","10/29/2023","11/04/2023","2023-2024","Influenza B","999","All sites","2023","283.92857142857","8.45320909731","0","Minimal","202344-999-Influenza B"
"202451","51","12/15/2024","12/21/2024","2024-2025","Influenza B","10","Racine Ave PS","2024","0",,"0","Minimal","202451-10-Influenza B"
"202324","24","06/11/2023","06/17/2023","2022-2023","Influenza A","4","Austin/Montclare","2023","5,812.5","9.7643629659","2.2","Minimal","202324-4-Influenza A"
"202238","38","09/18/2022","09/24/2022","2021-2022","Influenza A","5","Chicago Lawn/Ashburn","2022",,,"0","Minimal","202238-5-Influenza A"
"202515","15","04/06/2025","04/12/2025","2024-2025","Influenza A","9","North Branch PS","2025","73,575","10.86673027077","9.3","Moderate","202515-9-Influenza A"
"202331","31","07/30/2023","08/05/2023","2022-2023","Influenza A","5","Chicago Lawn/Ashburn","2023","0",,"0","Minimal","202331-5-Influenza A"
"202524","24","06/08/2025","06/14/2025","2024-2025","Influenza A","10","Racine Ave PS","2025","0",,"0","Minimal","202524-10-Influenza A"
"202450","50","12/08/2024","12/14/2024","2024-2025","Influenza A","8","Little Village","2024","13,950","10.14457420761","2.5","Minimal","202450-8-Influenza A"
"202529","29","07/13/2025","07/19/2025","2024-2025","Influenza A","4","Austin/Montclare","2025","0",,"0","Minimal","202529-4-Influenza A"
"202308","8","02/19/2023","02/25/2023","2022-2023","SARS-CoV-2","5","Chicago Lawn/Ashburn","2023","429,637.5","11.63310218082","7.7","High","202308-5-SARS-CoV-2"
"202544","44","10/26/2025","11/01/2025","2025-2026","Influenza A","9","North Branch PS","2025","0",,"0","Minimal","202544-9-Influenza A"
"202328","28","07/09/2023","07/15/2023","2022-2023","Influenza B","4","Austin/Montclare","2023","1,987.5","9.29830713733","1","Minimal","202328-4-Influenza B"
"202408","8","02/18/2024","02/24/2024","2023-2024","SARS-CoV-2","5","Chicago Lawn/Ashburn","2024","780,375","11.89230334794","11.3","Very High","202408-5-SARS-CoV-2"
"202507","7","02/09/2025","02/15/2025","2024-2025","Influenza A","999","All sites","2025","111,155.357142857","11.0459303984","11.7","High","202507-999-Influenza A"
"202228","28","07/10/2022","07/16/2022","2021-2022","SARS-CoV-2","5","Chicago Lawn/Ashburn","2022","211,687.5","11.32569521399","4.9","Moderate","202228-5-SARS-CoV-2"
"202216","16","04/17/2022","04/23/2022","2021-2022","Influenza A","6","West Pullman/Roseland","2022",,,"0","Minimal","202216-6-Influenza A"
"202407","7","02/11/2024","02/17/2024","2023-2024","Influenza B","999","All sites","2024","16,950","10.22916970254","6","Low","202407-999-Influenza B"
"202221","21","05/22/2022","05/28/2022","2021-2022","Influenza A","6","West Pullman/Roseland","2022",,,"0","Minimal","202221-6-Influenza A"
"202513","13","03/23/2025","03/29/2025","2024-2025","Influenza B","4","Austin/Montclare","2025","8,062.5","9.90646972764","2.5","Minimal","202513-4-Influenza B"
"202520","20","05/11/2025","05/17/2025","2024-2025","SARS-CoV-2","5","Chicago Lawn/Ashburn","2025","4,672,950","12.66959113415","28.3","Very High","202520-5-SARS-CoV-2"
"202505","5","01/26/2025","02/01/2025","2024-2025","Influenza B","4","Austin/Montclare","2025","8,437.5","9.92621378584","2.7","Minimal","202505-4-Influenza B"
"202530","30","07/20/2025","07/26/2025","2024-2025","RSV","5","Chicago Lawn/Ashburn","2025","0",,"0","Minimal","202530-5-RSV"
"202431","31","07/28/2024","08/03/2024","2023-2024","Influenza A","4","Austin/Montclare","2024","0",,"0","Minimal","202431-4-Influenza A"
"202232","32","08/07/2022","08/13/2022","2021-2022","Influenza A","999","All sites","2022",,,"0","Minimal","202232-999-Influenza A"
"202523","23","06/01/2025","06/07/2025","2024-2025","RSV","8","Little Village","2025","0",,"0","Minimal","202523-8-RSV"
"202502","2","01/05/2025","01/11/2025","2024-2025","SARS-CoV-2","8","Little Village","2025","278,400","11.44466923094","5.6","High","202502-8-SARS-CoV-2"
"202313","13","03/26/2023","04/01/2023","2022-2023","SARS-CoV-2","6","West Pullman/Roseland","2023","1,172,737.5","12.06920081258","27.2","Very High","202313-6-SARS-CoV-2"
"202521","21","05/18/2025","05/24/2025","2024-2025","Influenza B","4","Austin/Montclare","2025","0",,"0","Minimal","202521-4-Influenza B"
"202430","30","07/21/2024","07/27/2024","2023-2024","Influenza B","10","Racine Ave PS","2024","10,012.5","10.00054252909","6.3","Moderate","202430-10-Influenza B"
"202331","31","07/30/2023","08/05/2023","2022-2023","Influenza B","6","West Pullman/Roseland","2023","0",,"0","Minimal","202331-6-Influenza B"
"202517","17","04/20/2025","04/26/2025","2024-2025","Influenza B","5","Chicago Lawn/Ashburn","2025","7,837.5","9.89417755384","3.3","Low","202517-5-Influenza B"
"202302","2","01/08/2023","01/14/2023","2022-2023","RSV","8","Little Village","2023",,,"0","Minimal","202302-8-RSV"
"202522","22","05/25/2025","05/31/2025","2024-2025","Influenza A","9","North Branch PS","2025","0",,"0","Minimal","202522-9-Influenza A"
"202516","16","04/13/2025","04/19/2025","2024-2025","Influenza B","11","125th St PS","2025","2,025","9.30642502755","1","Minimal","202516-11-Influenza B"
"202241","41","10/09/2022","10/15/2022","2022-2023","Influenza A","5","Chicago Lawn/Ashburn","2022","1,987.5","9.29830713733","1","Minimal","202241-5-Influenza A"
"202526","26","06/22/2025","06/28/2025","2024-2025","SARS-CoV-2","8","Little Village","2025","21,825","10.33895425238","0.8","Minimal","202526-8-SARS-CoV-2"
"202248","48","11/27/2022","12/03/2022","2022-2023","Influenza B","5","Chicago Lawn/Ashburn","2022","1,950","9.29003461136","1","Minimal","202248-5-Influenza B"
"202318","18","04/30/2023","05/06/2023","2022-2023","Influenza A","8","Little Village","2023","257,962.5","11.41155657718","24","Very High","202318-8-Influenza A"
"202518","18","04/27/2025","05/03/2025","2024-2025","Influenza A","999","All sites","2025","60,910.7142857143","10.7846936924","0","Minimal","202518-999-Influenza A"
"202338","38","09/17/2023","09/23/2023","2022-2023","Influenza A","10","Racine Ave PS","2023","135,862.5","11.13309960176","12.8","High","202338-10-Influenza A"
"202236","36","09/04/2022","09/10/2022","2021-2022","RSV","999","All sites","2022",,,"0","Minimal","202236-999-RSV"
"202452","52","12/22/2024","12/28/2024","2024-2025","SARS-CoV-2","999","All sites","2024","140,014.285714286","11.14617234918","4.1","Moderate","202452-999-SARS-CoV-2"
"202416","16","04/14/2024","04/20/2024","2023-2024","RSV","5","Chicago Lawn/Ashburn","2024","20,100","10.30319605742","3.3","Low","202416-5-RSV"
"202331","31","07/30/2023","08/05/2023","2022-2023","RSV","999","All sites","2023","873.21428571429","8.94112083212","0","Minimal","202331-999-RSV"
"202525","25","06/15/2025","06/21/2025","2024-2025","SARS-CoV-2","8","Little Village","2025","41,962.5","10.62286135426","1.4","Minimal","202525-8-SARS-CoV-2"
"202324","24","06/11/2023","06/17/2023","2022-2023","Influenza B","11","125th St PS","2023","0",,"0","Minimal","202324-11-Influenza B"
"202540","40","09/28/2025","10/04/2025","2025-2026","SARS-CoV-2","9","North Branch PS","2025","41,512.5","10.61817888861","1","Minimal","202540-9-SARS-CoV-2"
"202350","50","12/10/2023","12/16/2023","2023-2024","Influenza A","4","Austin/Montclare","2023","46,500","10.66745295289","5.8","Low","202350-4-Influenza A"
"202452","52","12/22/2024","12/28/2024","2024-2025","Influenza B","9","North Branch PS","2024","0",,"0","Minimal","202452-9-Influenza B"
"202424","24","06/09/2024","06/15/2024","2023-2024","Influenza B","9","North Branch PS","2024","0",,"0","Minimal","202424-9-Influenza B"
"202339","39","09/24/2023","09/30/2023","2022-2023","Influenza A","9","North Branch PS","2023","5,925","9.77268835468","1.4","Minimal","202339-9-Influenza A"
"202213","13","03/27/2022","04/02/2022","2021-2022","Influenza B","999","All sites","2022",,,"0","Minimal","202213-999-Influenza B"
"202244","44","10/30/2022","11/05/2022","2022-2023","Influenza B","999","All sites","2022","0",,"0","Minimal","202244-999-Influenza B"
"202252","52","12/25/2022","12/31/2022","2022-2023","Influenza B","5","Chicago Lawn/Ashburn","2022","0",,"0","Minimal","202252-5-Influenza B"
"202538","38","09/14/2025","09/20/2025","2024-2025","Influenza A","999","All sites","2025","2,678.57142857143","9.42790323205","0","Minimal","202538-999-Influenza A"
"202524","24","06/08/2025","06/14/2025","2024-2025","Influenza A","9","North Branch PS","2025","1,987.5","9.29830713733","1","Minimal","202524-9-Influenza A"
"202250","50","12/11/2022","12/17/2022","2022-2023","Influenza B","6","West Pullman/Roseland","2022","0",,"0","Minimal","202250-6-Influenza B"
"202351","51","12/17/2023","12/23/2023","2023-2024","Influenza B","11","125th St PS","2023","0",,"0","Minimal","202351-11-Influenza B"
"202439","39","09/22/2024","09/28/2024","2023-2024","Influenza B","4","Austin/Montclare","2024","0",,"0","Minimal","202439-4-Influenza B"
"202337","37","09/10/2023","09/16/2023","2022-2023","RSV","10","Racine Ave PS","2023","0",,"0","Minimal","202337-10-RSV"
"202249","49","12/04/2022","12/10/2022","2022-2023","Influenza A","4","Austin/Montclare","2022","235,275","11.37157578209","18.9","Very High","202249-4-Influenza A"
"202336","36","09/03/2023","09/09/2023","2022-2023","Influenza B","10","Racine Ave PS","2023","0",,"0","Minimal","202336-10-Influenza B"
"202546","46","11/09/2025","11/15/2025","2025-2026","Influenza A","9","North Branch PS","2025","1,950","9.29003461136","1","Minimal","202546-9-Influenza A"
"202342","42","10/15/2023","10/21/2023","2023-2024","Influenza A","999","All sites","2023","3,155.35714285714","9.4990485225","0","Minimal","202342-999-Influenza A"
"202545","45","11/02/2025","11/08/2025","2025-2026","Influenza B","6","West Pullman/Roseland","2025","0",,"0","Minimal","202545-6-Influenza B"
"202428","28","07/07/2024","07/13/2024","2023-2024","RSV","10","Racine Ave PS","2024","0",,"0","Minimal","202428-10-RSV"
"202428","28","07/07/2024","07/13/2024","2023-2024","Influenza B","9","North Branch PS","2024","0",,"0","Minimal","202428-9-Influenza B"
"202246","46","11/13/2022","11/19/2022","2022-2023","Influenza A","8","Little Village","2022","158,437.5","11.19985798101","16.4","High","202246-8-Influenza A"
"202509","9","02/23/2025","03/01/2025","2024-2025","Influenza A","10","Racine Ave PS","2025","211,425","11.32515633926","17.8","Very High","202509-10-Influenza A"
"202537","37","09/07/2025","09/13/2025","2024-2025","Influenza A","4","Austin/Montclare","2025","0",,"0","Minimal","202537-4-Influenza A"
"202511","11","03/09/2025","03/15/2025","2024-2025","SARS-CoV-2","5","Chicago Lawn/Ashburn","2025","354,300","11.54937115233","6.7","High","202511-5-SARS-CoV-2"
"202524","24","06/08/2025","06/14/2025","2024-2025","Influenza A","11","125th St PS","2025","1,987.5","9.29830713733","1","Minimal","202524-11-Influenza A"
"202552","52","12/21/2025","12/27/2025","2025-2026","SARS-CoV-2","5","Chicago Lawn/Ashburn","2025","390,225","11.59131508929","7.3","High","202552-5-SARS-CoV-2"
"202603","3","01/18/2026","01/24/2026","2025-2026","Influenza A","999","All sites","2026","53,605.5663686968","10.7292098889","8.2","Moderate","202603-999-Influenza A"
"202524","24","06/08/2025","06/14/2025","2024-2025","SARS-CoV-2","10","Racine Ave PS","2025","85,012.5","10.92948278785","2.4","Low","202524-10-SARS-CoV-2"
"202328","28","07/09/2023","07/15/2023","2022-2023","RSV","4","Austin/Montclare","2023","3,975","9.59933713299","1","Minimal","202328-4-RSV"
"202440","40","09/29/2024","10/05/2024","2024-2025","Influenza A","4","Austin/Montclare","2024","0",,"0","Minimal","202440-4-Influenza A"
"202551","51","12/14/2025","12/20/2025","2025-2026","Influenza B","999","All sites","2025","0",,"0","Minimal","202551-999-Influenza B"
"202501","1","12/29/2024","01/04/2025","2024-2025","Influenza B","5","Chicago Lawn/Ashburn","2025","0",,"0","Minimal","202501-5-Influenza B"
"202223","23","06/05/2022","06/11/2022","2021-2022","SARS-CoV-2","4","Austin/Montclare","2022","155,587.5","11.19197470256","3.4","Low","202223-4-SARS-CoV-2"
"202439","39","09/22/2024","09/28/2024","2023-2024","Influenza B","5","Chicago Lawn/Ashburn","2024","0",,"0","Minimal","202439-5-Influenza B"
"202240","40","10/02/2022","10/08/2022","2022-2023","Influenza A","999","All sites","2022",,,"0","Minimal","202240-999-Influenza A"
"202214","14","04/03/2022","04/09/2022","2021-2022","RSV","999","All sites","2022",,,"0","Minimal","202214-999-RSV"
"202401","1","12/31/2023","01/06/2024","2023-2024","Influenza A","11","125th St PS","2024","94,650","10.9761206183","10.6","Moderate","202401-11-Influenza A"
"202324","24","06/11/2023","06/17/2023","2022-2023","Influenza A","999","All sites","2023","2,250","9.35218251811","0","Minimal","202324-999-Influenza A"
"202332","32","08/06/2023","08/12/2023","2022-2023","RSV","8","Little Village","2023","0",,"0","Minimal","202332-8-RSV"
"202510","10","03/02/2025","03/08/2025","2024-2025","Influenza B","999","All sites","2025","5,882.14285714286","9.76953556783","0","Minimal","202510-999-Influenza B"
"202543","43","10/19/2025","10/25/2025","2025-2026","Influenza A","8","Little Village","2025","0",,"0","Minimal","202543-8-Influenza A"
"202241","41","10/09/2022","10/15/2022","2022-2023","RSV","8","Little Village","2022",,,"0","Minimal","202241-8-RSV"
"202432","32","08/04/2024","08/10/2024","2023-2024","Influenza A","5","Chicago Lawn/Ashburn","2024","0",,"0","Minimal","202432-5-Influenza A"
"202325","25","06/18/2023","06/24/2023","2022-2023","Influenza B","10","Racine Ave PS","2023","0",,"0","Minimal","202325-10-Influenza B"
"202534","34","08/17/2025","08/23/2025","2024-2025","Influenza B","6","West Pullman/Roseland","2025","0",,"0","Minimal","202534-6-Influenza B"
"202418","18","04/28/2024","05/04/2024","2023-2024","RSV","9","North Branch PS","2024","0",,"0","Minimal","202418-9-RSV"
"202337","37","09/10/2023","09/16/2023","2022-2023","RSV","9","North Branch PS","2023","0",,"0","Minimal","202337-9-RSV"
"202341","41","10/08/2023","10/14/2023","2023-2024","Influenza A","9","North Branch PS","2023","6,037.5","9.78085714376","1.4","Minimal","202341-9-Influenza A"
"202603","3","01/18/2026","01/24/2026","2025-2026","RSV","10","Racine Ave PS","2026","72,336.510228464","10.85935755301","10","High","202603-10-RSV"
"202247","47","11/20/2022","11/26/2022","2022-2023","RSV","4","Austin/Montclare","2022",,,"0","Minimal","202247-4-RSV"
"202301","1","01/01/2023","01/07/2023","2022-2023","RSV","4","Austin/Montclare","2023",,,"0","Minimal","202301-4-RSV"
"202501","1","12/29/2024","01/04/2025","2024-2025","Influenza A","5","Chicago Lawn/Ashburn","2025","74,212.5","10.87047706193","8.2","Moderate","202501-5-Influenza A"
"202407","7","02/11/2024","02/17/2024","2023-2024","Influenza A","9","North Branch PS","2024","36,150","10.55810830163","5.6","Low","202407-9-Influenza A"
"202305","5","01/29/2023","02/04/2023","2022-2023","Influenza A","4","Austin/Montclare","2023","4,050","9.60745502321","1","Minimal","202305-4-Influenza A"
"202438","38","09/15/2024","09/21/2024","2023-2024","SARS-CoV-2","5","Chicago Lawn/Ashburn","2024","73,800","10.86805636182","2.5","Low","202438-5-SARS-CoV-2"
"202440","40","09/29/2024","10/05/2024","2024-2025","RSV","8","Little Village","2024","0",,"0","Minimal","202440-8-RSV"
"202513","13","03/23/2025","03/29/2025","2024-2025","SARS-CoV-2","9","North Branch PS","2025","81,487.5","10.91109099405","1.7","Minimal","202513-9-SARS-CoV-2"
"202534","34","08/17/2025","08/23/2025","2024-2025","RSV","9","North Branch PS","2025","0",,"0","Minimal","202534-9-RSV"
"202542","42","10/12/2025","10/18/2025","2025-2026","Influenza A","999","All sites","2025","367.85714285714","8.56567919336","0","Minimal","202542-999-Influenza A"
"202320","20","05/14/2023","05/20/2023","2022-2023","RSV","11","125th St PS","2023","1,987.5","9.29830713733","1","Minimal","202320-11-RSV"
"202231","31","07/31/2022","08/06/2022","2021-2022","SARS-CoV-2","5","Chicago Lawn/Ashburn","2022","106,912.5","11.02902848504","2.7","Low","202231-5-SARS-CoV-2"
"202420","20","05/12/2024","05/18/2024","2023-2024","SARS-CoV-2","9","North Branch PS","2024","85,162.5","10.93024840195","1.8","Minimal","202420-9-SARS-CoV-2"
"202431","31","07/28/2024","08/03/2024","2023-2024","Influenza A","11","125th St PS","2024","0",,"0","Minimal","202431-11-Influenza A"
"202317","17","04/23/2023","04/29/2023","2022-2023","Influenza A","999","All sites","2023","506.25","8.70436503622","0","Minimal","202317-999-Influenza A"
"202506","6","02/02/2025","02/08/2025","2024-2025","Influenza B","9","North Branch PS","2025","8,100","9.90848501888","2","Minimal","202506-9-Influenza B"
"202435","35","08/25/2024","08/31/2024","2023-2024","Influenza A","10","Racine Ave PS","2024","2,100","9.32221929473","1","Minimal","202435-10-Influenza A"
"202244","44","10/30/2022","11/05/2022","2022-2023","Influenza A","999","All sites","2022","9,806.25","9.99150296093","0","Minimal","202244-999-Influenza A"
"202537","37","09/07/2025","09/13/2025","2024-2025","RSV","999","All sites","2025","535.71428571429","8.72893322771","0","Minimal","202537-999-RSV"
"202309","9","02/26/2023","03/04/2023","2022-2023","Influenza A","8","Little Village","2023","6,000","9.77815125038","1.3","Minimal","202309-8-Influenza A"
"202404","4","01/21/2024","01/27/2024","2023-2024","Influenza A","6","West Pullman/Roseland","2024","12,000","10.07918124605","3.3","Low","202404-6-Influenza A"
"202318","18","04/30/2023","05/06/2023","2022-2023","SARS-CoV-2","6","West Pullman/Roseland","2023","245,137.5","11.38940975269","9.5","Very High","202318-6-SARS-CoV-2"
"202350","50","12/10/2023","12/16/2023","2023-2024","Influenza B","10","Racine Ave PS","2023","6,037.5","9.78085714376","1.6","Minimal","202350-10-Influenza B"
"202404","4","01/21/2024","01/27/2024","2023-2024","Influenza B","8","Little Village","2024","6,750","9.82930377283","2","Minimal","202404-8-Influenza B"
"202324","24","06/11/2023","06/17/2023","2022-2023","SARS-CoV-2","4","Austin/Montclare","2023","45,150","10.65465775465","1.5","Minimal","202324-4-SARS-CoV-2"
"202450","50","12/08/2024","12/14/2024","2024-2025","SARS-CoV-2","8","Little Village","2024","379,575","11.5792976007","6.9","High","202450-8-SARS-CoV-2"
"202436","36","09/01/2024","09/07/2024","2023-2024","SARS-CoV-2","5","Chicago Lawn/Ashburn","2024","378,637.5","11.57822362399","6.7","High","202436-5-SARS-CoV-2"
"202545","45","11/02/2025","11/08/2025","2025-2026","Influenza A","10","Racine Ave PS","2025","39,412.5","10.59563398376","5.5","Low","202545-10-Influenza A"
"202509","9","02/23/2025","03/01/2025","2024-2025","RSV","8","Little Village","2025","17,812.5","10.25072487735","3.1","Low","202509-8-RSV"
"202501","1","12/29/2024","01/04/2025","2024-2025","RSV","10","Racine Ave PS","2025","92,250","10.96496637483","11.2","Very High","202501-10-RSV"
"202227","27","07/03/2022","07/09/2022","2021-2022","RSV","6","West Pullman/Roseland","2022",,,"0","Minimal","202227-6-RSV"
"202343","43","10/22/2023","10/28/2023","2023-2024","Influenza A","10","Racine Ave PS","2023","6,075","9.78354628227","2.3","Minimal","202343-10-Influenza A"
"202547","47","11/16/2025","11/22/2025","2025-2026","SARS-CoV-2","5","Chicago Lawn/Ashburn","2025","33,487.5","10.52488272662","1.4","Minimal","202547-5-SARS-CoV-2"
"202410","10","03/03/2024","03/09/2024","2023-2024","Influenza B","999","All sites","2024","36,717.8571428571","10.56487732781","13","High","202410-999-Influenza B"
"202426","26","06/23/2024","06/29/2024","2023-2024","Influenza A","4","Austin/Montclare","2024","3,900","9.59106460703","1.6","Minimal","202426-4-Influenza A"
"202506","6","02/02/2025","02/08/2025","2024-2025","RSV","5","Chicago Lawn/Ashburn","2025","37,725","10.57662924845","7.1","Moderate","202506-5-RSV"
"202432","32","08/04/2024","08/10/2024","2023-2024","Influenza A","6","West Pullman/Roseland","2024","2,062.5","9.31439395722","1","Minimal","202432-6-Influenza A"
"202545","45","11/02/2025","11/08/2025","2025-2026","SARS-CoV-2","11","125th St PS","2025","7,575","9.87938263717","0.9","Minimal","202545-11-SARS-CoV-2"
"202409","9","02/25/2024","03/02/2024","2023-2024","SARS-CoV-2","11","125th St PS","2024","710,287.5","11.8514341718","21.6","Very High","202409-11-SARS-CoV-2"
"202333","33","08/13/2023","08/19/2023","2022-2023","SARS-CoV-2","6","West Pullman/Roseland","2023","58,237.5","10.76520272346","3.6","Moderate","202333-6-SARS-CoV-2"
"202315","15","04/09/2023","04/15/2023","2022-2023","Influenza A","4","Austin/Montclare","2023","0",,"0","Minimal","202315-4-Influenza A"
"202603","3","01/18/2026","01/24/2026","2025-2026","Influenza A","5","Chicago Lawn/Ashburn","2026","76,266.013242858","10.88233104452","8.4","Moderate","202603-5-Influenza A"
"202410","10","03/03/2024","03/09/2024","2023-2024","Influenza B","10","Racine Ave PS","2024","51,675","10.7132804853","19.4","Very High","202410-10-Influenza B"
"202404","4","01/21/2024","01/27/2024","2023-2024","RSV","9","North Branch PS","2024","85,312.5","10.93101266872","9.9","High","202404-9-RSV"
"202212","12","03/20/2022","03/26/2022","2021-2022","SARS-CoV-2","5","Chicago Lawn/Ashburn","2022","3,466.66666666667","9.53991208458","0.7","Minimal","202212-5-SARS-CoV-2"
"202422","22","05/26/2024","06/01/2024","2023-2024","Influenza A","9","North Branch PS","2024","3,937.5","9.5952205668","1.7","Minimal","202422-9-Influenza A"
"202443","43","10/20/2024","10/26/2024","2024-2025","Influenza A","4","Austin/Montclare","2024","0",,"0","Minimal","202443-4-Influenza A"
"202422","22","05/26/2024","06/01/2024","2023-2024","Influenza B","4","Austin/Montclare","2024","1,950","9.29003461136","1","Minimal","202422-4-Influenza B"
"202543","43","10/19/2025","10/25/2025","2025-2026","Influenza B","6","West Pullman/Roseland","2025","0",,"0","Minimal","202543-6-Influenza B"
"202424","24","06/09/2024","06/15/2024","2023-2024","Influenza B","4","Austin/Montclare","2024","4,012.5","9.60341504541","2.4","Minimal","202424-4-Influenza B"
"202351","51","12/17/2023","12/23/2023","2023-2024","SARS-CoV-2","4","Austin/Montclare","2023","4,007,250","12.60284643757","25.9","Very High","202351-4-SARS-CoV-2"
"202344","44","10/29/2023","11/04/2023","2023-2024","RSV","4","Austin/Montclare","2023","9,825","9.99233255905","3.2","Low","202344-4-RSV"
"202342","42","10/15/2023","10/21/2023","2023-2024","Influenza B","9","North Branch PS","2023","0",,"0","Minimal","202342-9-Influenza B"
"202501","1","12/29/2024","01/04/2025","2024-2025","Influenza A","8","Little Village","2025","76,275","10.88238221631","9.4","Moderate","202501-8-Influenza A"
"202435","35","08/25/2024","08/31/2024","2023-2024","RSV","9","North Branch PS","2024","0",,"0","Minimal","202435-9-RSV"
"202417","17","04/21/2024","04/27/2024","2023-2024","Influenza B","6","West Pullman/Roseland","2024","1,987.5","9.29830713733","1","Minimal","202417-6-Influenza B"
"202412","12","03/17/2024","03/23/2024","2023-2024","Influenza A","4","Austin/Montclare","2024","17,775","10.2498096094","2.9","Low","202412-4-Influenza A"
"202439","39","09/22/2024","09/28/2024","2023-2024","RSV","10","Racine Ave PS","2024","0",,"0","Minimal","202439-10-RSV"
"202211","11","03/13/2022","03/19/2022","2021-2022","Influenza A","4","Austin/Montclare","2022",,,"0","Minimal","202211-4-Influenza A"
"202502","2","01/05/2025","01/11/2025","2024-2025","RSV","9","North Branch PS","2025","170,850","11.23261498313","15.8","Very High","202502-9-RSV"
"202529","29","07/13/2025","07/19/2025","2024-2025","Influenza B","6","West Pullman/Roseland","2025","0",,"0","Minimal","202529-6-Influenza B"
"202417","17","04/21/2024","04/27/2024","2023-2024","SARS-CoV-2","6","West Pullman/Roseland","2024","31,950","10.50447086249","2.5","Low","202417-6-SARS-CoV-2"
"202540","40","09/28/2025","10/04/2025","2025-2026","Influenza A","10","Racine Ave PS","2025","5,625","9.75012252678","2.2","Minimal","202540-10-Influenza A"
"202413","13","03/24/2024","03/30/2024","2023-2024","SARS-CoV-2","9","North Branch PS","2024","79,012.5","10.89769580334","1.7","Minimal","202413-9-SARS-CoV-2"
"202433","33","08/11/2024","08/17/2024","2023-2024","RSV","8","Little Village","2024","0",,"0","Minimal","202433-8-RSV"
"202523","23","06/01/2025","06/07/2025","2024-2025","SARS-CoV-2","6","West Pullman/Roseland","2025","29,550","10.47055748522","2.3","Low","202523-6-SARS-CoV-2"
"202418","18","04/28/2024","05/04/2024","2023-2024","SARS-CoV-2","5","Chicago Lawn/Ashburn","2024","48,337.5","10.68428418508","1.9","Minimal","202418-5-SARS-CoV-2"
"202544","44","10/26/2025","11/01/2025","2025-2026","Influenza B","8","Little Village","2025","0",,"0","Minimal","202544-8-Influenza B"
"202444","44","10/27/2024","11/02/2024","2024-2025","Influenza A","8","Little Village","2024","2,100","9.32221929473","1","Minimal","202444-8-Influenza A"
"202452","52","12/22/2024","12/28/2024","2024-2025","SARS-CoV-2","5","Chicago Lawn/Ashburn","2024","86,175","10.93538129208","2.5","Low","202452-5-SARS-CoV-2"
"202426","26","06/23/2024","06/29/2024","2023-2024","RSV","999","All sites","2024","1,414.28571428571","9.15053715458","0","Minimal","202426-999-RSV"
"202304","4","01/22/2023","01/28/2023","2022-2023","SARS-CoV-2","4","Austin/Montclare","2023","5,608,875","12.74887576138","31","Very High","202304-4-SARS-CoV-2"
"202551","51","12/14/2025","12/20/2025","2025-2026","SARS-CoV-2","6","West Pullman/Roseland","2025","48,818.96","10.68858852332","3.4","Low","202551-6-SARS-CoV-2"
"202549","49","11/30/2025","12/06/2025","2025-2026","RSV","6","West Pullman/Roseland","2025","0",,"0","Minimal","202549-6-RSV"
"202503","3","01/12/2025","01/18/2025","2024-2025","Influenza B","9","North Branch PS","2025","1,987.5","9.29830713733","1","Minimal","202503-9-Influenza B"
"202321","21","05/21/2023","05/27/2023","2022-2023","RSV","9","North Branch PS","2023","2,737.5","9.43735412785","1.3","Minimal","202321-9-RSV"
"202420","20","05/12/2024","05/18/2024","2023-2024","RSV","6","West Pullman/Roseland","2024","0",,"0","Minimal","202420-6-RSV"
"202423","23","06/02/2024","06/08/2024","2023-2024","Influenza B","9","North Branch PS","2024","0",,"0","Minimal","202423-9-Influenza B"
"202331","31","07/30/2023","08/05/2023","2022-2023","RSV","9","North Branch PS","2023","0",,"0","Minimal","202331-9-RSV"
"202245","45","11/06/2022","11/12/2022","2022-2023","SARS-CoV-2","4","Austin/Montclare","2022","186,337.5","11.27030026447","3.8","Moderate","202245-4-SARS-CoV-2"
"202446","46","11/10/2024","11/16/2024","2024-2025","RSV","6","West Pullman/Roseland","2024","0",,"0","Minimal","202446-6-RSV"
"202408","8","02/18/2024","02/24/2024","2023-2024","SARS-CoV-2","6","West Pullman/Roseland","2024","822,562.5","11.91516890647","21.1","Very High","202408-6-SARS-CoV-2"
"202603","3","01/18/2026","01/24/2026","2025-2026","Influenza B","999","All sites","2026","0",,"0","Minimal","202603-999-Influenza B"
"202508","8","02/16/2025","02/22/2025","2024-2025","SARS-CoV-2","999","All sites","2025","431,008.928571429","11.63448626689","8","Very High","202508-999-SARS-CoV-2"
"202321","21","05/21/2023","05/27/2023","2022-2023","RSV","6","West Pullman/Roseland","2023","0",,"0","Minimal","202321-6-RSV"
"202344","44","10/29/2023","11/04/2023","2023-2024","Influenza A","6","West Pullman/Roseland","2023","4,012.5","9.60341504541","1","Minimal","202344-6-Influenza A"
"202246","46","11/13/2022","11/19/2022","2022-2023","SARS-CoV-2","4","Austin/Montclare","2022","363,262.5","11.56022056746","5.7","High","202246-4-SARS-CoV-2"
"202227","27","07/03/2022","07/09/2022","2021-2022","Influenza A","4","Austin/Montclare","2022",,,"0","Minimal","202227-4-Influenza A"
"202535","35","08/24/2025","08/30/2025","2024-2025","SARS-CoV-2","999","All sites","2025","53,378.5714285714","10.72736694658","1.9","Minimal","202535-999-SARS-CoV-2"
"202308","8","02/19/2023","02/25/2023","2022-2023","Influenza B","6","West Pullman/Roseland","2023","0",,"0","Minimal","202308-6-Influenza B"
"202344","44","10/29/2023","11/04/2023","2023-2024","SARS-CoV-2","5","Chicago Lawn/Ashburn","2023","638,250","11.80499082348","8.5","Very High","202344-5-SARS-CoV-2"
"202409","9","02/25/2024","03/02/2024","2023-2024","SARS-CoV-2","9","North Branch PS","2024","419,437.5","11.62266725616","6.1","High","202409-9-SARS-CoV-2"
"202442","42","10/13/2024","10/19/2024","2024-2025","Influenza B","9","North Branch PS","2024","0",,"0","Minimal","202442-9-Influenza B"
"202242","42","10/16/2022","10/22/2022","2022-2023","SARS-CoV-2","5","Chicago Lawn/Ashburn","2022","62,662.5","10.79700771762","2.2","Low","202242-5-SARS-CoV-2"
"202320","20","05/14/2023","05/20/2023","2022-2023","Influenza A","11","125th St PS","2023","0",,"0","Minimal","202320-11-Influenza A"
"202325","25","06/18/2023","06/24/2023","2022-2023","SARS-CoV-2","4","Austin/Montclare","2023","6,075","9.78354628227","0.4","Minimal","202325-4-SARS-CoV-2"
"202441","41","10/06/2024","10/12/2024","2024-2025","Influenza A","9","North Branch PS","2024","1,987.5","9.29830713733","1","Minimal","202441-9-Influenza A"
"202423","23","06/02/2024","06/08/2024","2023-2024","Influenza A","11","125th St PS","2024","1,987.5","9.29830713733","1","Minimal","202423-11-Influenza A"
"202546","46","11/09/2025","11/15/2025","2025-2026","Influenza A","999","All sites","2025","10,264.2857142857","10.01132873246","2.4","Minimal","202546-999-Influenza A"
"202322","22","05/28/2023","06/03/2023","2022-2023","RSV","9","North Branch PS","2023","1,987.5","9.29830713733","1","Minimal","202322-9-RSV"
"202232","32","08/07/2022","08/13/2022","2021-2022","RSV","4","Austin/Montclare","2022",,,"0","Minimal","202232-4-RSV"
"202426","26","06/23/2024","06/29/2024","2023-2024","Influenza B","10","Racine Ave PS","2024","0",,"0","Minimal","202426-10-Influenza B"
"202549","49","11/30/2025","12/06/2025","2025-2026","SARS-CoV-2","4","Austin/Montclare","2025","66,862.5","10.8251826109","1.9","Minimal","202549-4-SARS-CoV-2"
"202530","30","07/20/2025","07/26/2025","2024-2025","RSV","10","Racine Ave PS","2025","0",,"0","Minimal","202530-10-RSV"
"202248","48","11/27/2022","12/03/2022","2022-2023","RSV","6","West Pullman/Roseland","2022",,,"0","Minimal","202248-6-RSV"
"202550","50","12/07/2025","12/13/2025","2025-2026","SARS-CoV-2","10","Racine Ave PS","2025","153,112.5","11.18501064765","3.9","Moderate","202550-10-SARS-CoV-2"
"202337","37","09/10/2023","09/16/2023","2022-2023","Influenza B","5","Chicago Lawn/Ashburn","2023","0",,"0","Minimal","202337-5-Influenza B"
"202504","4","01/19/2025","01/25/2025","2024-2025","Influenza B","9","North Branch PS","2025","0",,"0","Minimal","202504-9-Influenza B"
"202311","11","03/12/2023","03/18/2023","2022-2023","SARS-CoV-2","999","All sites","2023","396,543.75","11.59829110927","7.7","High","202311-999-SARS-CoV-2"
"202310","10","03/05/2023","03/11/2023","2022-2023","Influenza A","999","All sites","2023","1,537.5","9.18681512445","0","Minimal","202310-999-Influenza A"
"202212","12","03/20/2022","03/26/2022","2021-2022","Influenza A","6","West Pullman/Roseland","2022",,,"0","Minimal","202212-6-Influenza A"
"202449","49","12/01/2024","12/07/2024","2024-2025","Influenza A","4","Austin/Montclare","2024","5,887.5","9.76993092014","1.3","Minimal","202449-4-Influenza A"
"202524","24","06/08/2025","06/14/2025","2024-2025","RSV","8","Little Village","2025","0",,"0","Minimal","202524-8-RSV"
"202335","35","08/27/2023","09/02/2023","2022-2023","Influenza A","11","125th St PS","2023","4,050","9.60745502321","1.7","Minimal","202335-11-Influenza A"
"202352","52","12/24/2023","12/30/2023","2023-2024","Influenza B","9","North Branch PS","2023","0",,"0","Minimal","202352-9-Influenza B"
"202417","17","04/21/2024","04/27/2024","2023-2024","Influenza A","11","125th St PS","2024","0",,"0","Minimal","202417-11-Influenza A"
"202428","28","07/07/2024","07/13/2024","2023-2024","SARS-CoV-2","8","Little Village","2024","480,300","11.68151258664","8.2","Very High","202428-8-SARS-CoV-2"
"202413","13","03/24/2024","03/30/2024","2023-2024","RSV","11","125th St PS","2024","6,037.5","9.78085714376","1.4","Minimal","202413-11-RSV"
"202547","47","11/16/2025","11/22/2025","2025-2026","Influenza A","8","Little Village","2025","7,875","9.89625056246","1.6","Minimal","202547-8-Influenza A"
"202602","2","01/11/2026","01/17/2026","2025-2026","Influenza B","6","West Pullman/Roseland","2026","2,036.7511931783","9.3089379794","1","Minimal","202602-6-Influenza B"
"202424","24","06/09/2024","06/15/2024","2023-2024","RSV","11","125th St PS","2024","0",,"0","Minimal","202424-11-RSV"
"202445","45","11/03/2024","11/09/2024","2024-2025","SARS-CoV-2","9","North Branch PS","2024","116,775","11.06734987596","2.3","Low","202445-9-SARS-CoV-2"
"202543","43","10/19/2025","10/25/2025","2025-2026","RSV","5","Chicago Lawn/Ashburn","2025","0",,"0","Minimal","202543-5-RSV"
"202435","35","08/25/2024","08/31/2024","2023-2024","RSV","999","All sites","2024","0",,"0","Minimal","202435-999-RSV"
"202550","50","12/07/2025","12/13/2025","2025-2026","Influenza B","8","Little Village","2025","0",,"0","Minimal","202550-8-Influenza B"
"202316","16","04/16/2023","04/22/2023","2022-2023","Influenza A","5","Chicago Lawn/Ashburn","2023","0",,"0","Minimal","202316-5-Influenza A"
"202340","40","10/01/2023","10/07/2023","2023-2024","SARS-CoV-2","10","Racine Ave PS","2023","216,450","11.33535759015","4.8","Moderate","202340-10-SARS-CoV-2"
"202320","20","05/14/2023","05/20/2023","2022-2023","Influenza B","11","125th St PS","2023","3,975","9.59933713299","1","Minimal","202320-11-Influenza B"
"202553","53","12/28/2025","01/03/2026","2025-2026","SARS-CoV-2","9","North Branch PS","2025","505,481.29","11.70370508515","7.1","High","202553-9-SARS-CoV-2"
"202320","20","05/14/2023","05/20/2023","2022-2023","SARS-CoV-2","11","125th St PS","2023","267,750","11.4277294795","11.4","Very High","202320-11-SARS-CoV-2"
"202242","42","10/16/2022","10/22/2022","2022-2023","RSV","6","West Pullman/Roseland","2022",,,"0","Minimal","202242-6-RSV"
"202332","32","08/06/2023","08/12/2023","2022-2023","SARS-CoV-2","8","Little Village","2023","152,100","11.18212921405","3.4","Low","202332-8-SARS-CoV-2"
"202217","17","04/24/2022","04/30/2022","2021-2022","SARS-CoV-2","6","West Pullman/Roseland","2022","108,637.5","11.03597976293","6.9","High","202217-6-SARS-CoV-2"
"202405","5","01/28/2024","02/03/2024","2023-2024","Influenza A","4","Austin/Montclare","2024","37,875","10.57835264151","5","Low","202405-4-Influenza A"
"202239","39","09/25/2022","10/01/2022","2021-2022","Influenza B","999","All sites","2022",,,"0","Minimal","202239-999-Influenza B"
"202544","44","10/26/2025","11/01/2025","2025-2026","RSV","4","Austin/Montclare","2025","0",,"0","Minimal","202544-4-RSV"
"202405","5","01/28/2024","02/03/2024","2023-2024","SARS-CoV-2","5","Chicago Lawn/Ashburn","2024","335,887.5","11.52619384194","6.6","High","202405-5-SARS-CoV-2"
"202338","38","09/17/2023","09/23/2023","2022-2023","RSV","8","Little Village","2023","0",,"0","Minimal","202338-8-RSV"
"202217","17","04/24/2022","04/30/2022","2021-2022","Influenza A","999","All sites","2022",,,"0","Minimal","202217-999-Influenza A"
"202545","45","11/02/2025","11/08/2025","2025-2026","SARS-CoV-2","9","North Branch PS","2025","21,637.5","10.33520708088","1.1","Minimal","202545-9-SARS-CoV-2"
"202429","29","07/14/2024","07/20/2024","2023-2024","Influenza B","6","West Pullman/Roseland","2024","0",,"0","Minimal","202429-6-Influenza B"
"202549","49","11/30/2025","12/06/2025","2025-2026","RSV","4","Austin/Montclare","2025","3,787.5","9.57835264151","1.6","Minimal","202549-4-RSV"
"202319","19","05/07/2023","05/13/2023","2022-2023","Influenza A","10","Racine Ave PS","2023","4,837.5","9.68462097803","1.2","Minimal","202319-10-Influenza A"
"202411","11","03/10/2024","03/16/2024","2023-2024","SARS-CoV-2","10","Racine Ave PS","2024","266,475","11.42565647088","5.6","High","202411-10-SARS-CoV-2"
"202314","14","04/02/2023","04/08/2023","2022-2023","SARS-CoV-2","4","Austin/Montclare","2023","1,243,800","12.09475055248","12.4","Very High","202314-4-SARS-CoV-2"
"202331","31","07/30/2023","08/05/2023","2022-2023","Influenza A","8","Little Village","2023","2,100","9.32221929473","1","Minimal","202331-8-Influenza A"
"202449","49","12/01/2024","12/07/2024","2024-2025","Influenza A","5","Chicago Lawn/Ashburn","2024","7,837.5","9.89417755384","1.6","Minimal","202449-5-Influenza A"
"202237","37","09/11/2022","09/17/2022","2021-2022","Influenza B","4","Austin/Montclare","2022",,,"0","Minimal","202237-4-Influenza B"
"202501","1","12/29/2024","01/04/2025","2024-2025","Influenza B","10","Racine Ave PS","2025","0",,"0","Minimal","202501-10-Influenza B"
"202344","44","10/29/2023","11/04/2023","2023-2024","Influenza B","10","Racine Ave PS","2023","0",,"0","Minimal","202344-10-Influenza B"
"202302","2","01/08/2023","01/14/2023","2022-2023","Influenza B","6","West Pullman/Roseland","2023","0",,"0","Minimal","202302-6-Influenza B"
"202301","1","01/01/2023","01/07/2023","2022-2023","Influenza A","999","All sites","2023","66,150","10.82052984852","7.6","Moderate","202301-999-Influenza A"
"202348","48","11/26/2023","12/02/2023","2023-2024","Influenza A","8","Little Village","2023","6,037.5","9.78085714376","2.3","Minimal","202348-8-Influenza A"
"202522","22","05/25/2025","05/31/2025","2024-2025","SARS-CoV-2","999","All sites","2025","131,914.285714286","11.1202918302","3.6","Moderate","202522-999-SARS-CoV-2"
"202421","21","05/19/2024","05/25/2024","2023-2024","Influenza A","9","North Branch PS","2024","8,212.5","9.91447538257","3","Low","202421-9-Influenza A"
"202223","23","06/05/2022","06/11/2022","2021-2022","SARS-CoV-2","5","Chicago Lawn/Ashburn","2022","47,775","10.67920069573","1.9","Minimal","202223-5-SARS-CoV-2"
"202312","12","03/19/2023","03/25/2023","2022-2023","SARS-CoV-2","8","Little Village","2023","490,575","11.69070541252","8.3","Very High","202312-8-SARS-CoV-2"
"202433","33","08/11/2024","08/17/2024","2023-2024","SARS-CoV-2","9","North Branch PS","2024","417,187.5","11.62033128738","5.4","High","202433-9-SARS-CoV-2"
"202410","10","03/03/2024","03/09/2024","2023-2024","Influenza B","6","West Pullman/Roseland","2024","38,737.5","10.58813158925","16.7","High","202410-6-Influenza B"
"202407","7","02/11/2024","02/17/2024","2023-2024","Influenza A","999","All sites","2024","22,242.8571428571","10.34719057255","3.7","Low","202407-999-Influenza A"
"202527","27","06/29/2025","07/05/2025","2024-2025","RSV","6","West Pullman/Roseland","2025","0",,"0","Minimal","202527-6-RSV"
"202528","28","07/06/2025","07/12/2025","2024-2025","SARS-CoV-2","8","Little Village","2025","21,975","10.34192888375","0.9","Minimal","202528-8-SARS-CoV-2"
"202506","6","02/02/2025","02/08/2025","2024-2025","Influenza B","6","West Pullman/Roseland","2025","0",,"0","Minimal","202506-6-Influenza B"
"202424","24","06/09/2024","06/15/2024","2023-2024","SARS-CoV-2","999","All sites","2024","69,032.1428571429","10.83905135472","2.1","Low","202424-999-SARS-CoV-2"
"202325","25","06/18/2023","06/24/2023","2022-2023","Influenza A","9","North Branch PS","2023","0",,"0","Minimal","202325-9-Influenza A"
"202230","30","07/24/2022","07/30/2022","2021-2022","RSV","4","Austin/Montclare","2022",,,"0","Minimal","202230-4-RSV"
"202440","40","09/29/2024","10/05/2024","2024-2025","SARS-CoV-2","10","Racine Ave PS","2024","73,950","10.86893817833","2.4","Low","202440-10-SARS-CoV-2"
"202502","2","01/05/2025","01/11/2025","2024-2025","SARS-CoV-2","9","North Branch PS","2025","459,900","11.66266340957","6.2","High","202502-9-SARS-CoV-2"
"202543","43","10/19/2025","10/25/2025","2025-2026","RSV","6","West Pullman/Roseland","2025","0",,"0","Minimal","202543-6-RSV"
"202503","3","01/12/2025","01/18/2025","2024-2025","RSV","8","Little Village","2025","106,650","11.02796085979","11.7","Very High","202503-8-RSV"
"202245","45","11/06/2022","11/12/2022","2022-2023","SARS-CoV-2","5","Chicago Lawn/Ashburn","2022","88,612.5","10.94749498936","2.5","Low","202245-5-SARS-CoV-2"
"202304","4","01/22/2023","01/28/2023","2022-2023","Influenza A","6","West Pullman/Roseland","2023","2,025","9.30642502755","1","Minimal","202304-6-Influenza A"
"202343","43","10/22/2023","10/28/2023","2023-2024","Influenza A","9","North Branch PS","2023","5,850","9.76715586608","1.3","Minimal","202343-9-Influenza A"
"202434","34","08/18/2024","08/24/2024","2023-2024","SARS-CoV-2","9","North Branch PS","2024","465,412.5","11.66783804334","6.5","High","202434-9-SARS-CoV-2"
"202401","1","12/31/2023","01/06/2024","2023-2024","RSV","999","All sites","2024","173,732.142857143","11.23988017639","18.2","Very High","202401-999-RSV"
"202518","18","04/27/2025","05/03/2025","2024-2025","Influenza B","9","North Branch PS","2025","11,925","10.07645838771","2.9","Low","202518-9-Influenza B"
"202420","20","05/12/2024","05/18/2024","2023-2024","Influenza B","9","North Branch PS","2024","1,987.5","9.29830713733","1","Minimal","202420-9-Influenza B"
"202426","26","06/23/2024","06/29/2024","2023-2024","RSV","4","Austin/Montclare","2024","7,912.5","9.89831372303","1.6","Minimal","202426-4-RSV"
"202552","52","12/21/2025","12/27/2025","2025-2026","Influenza A","4","Austin/Montclare","2025","124,800","11.09621458535","12","High","202552-4-Influenza A"
"202330","30","07/23/2023","07/29/2023","2022-2023","SARS-CoV-2","6","West Pullman/Roseland","2023","61,312.5","10.78754902472","3.4","Low","202330-6-SARS-CoV-2"
"202501","1","12/29/2024","01/04/2025","2024-2025","SARS-CoV-2","10","Racine Ave PS","2025","594,675","11.77427968124","9.7","Very High","202501-10-SARS-CoV-2"
"202330","30","07/23/2023","07/29/2023","2022-2023","SARS-CoV-2","999","All sites","2023","117,883.928571429","11.07145460061","3.4","Low","202330-999-SARS-CoV-2"
"202423","23","06/02/2024","06/08/2024","2023-2024","RSV","5","Chicago Lawn/Ashburn","2024","0",,"0","Minimal","202423-5-RSV"
"202412","12","03/17/2024","03/23/2024","2023-2024","SARS-CoV-2","10","Racine Ave PS","2024","297,562.5","11.47357819882","6","High","202412-10-SARS-CoV-2"
"202308","8","02/19/2023","02/25/2023","2022-2023","RSV","6","West Pullman/Roseland","2023",,,"0","Minimal","202308-6-RSV"
"202537","37","09/07/2025","09/13/2025","2024-2025","Influenza B","9","North Branch PS","2025","0",,"0","Minimal","202537-9-Influenza B"
"202303","3","01/15/2023","01/21/2023","2022-2023","Influenza B","8","Little Village","2023","2,100","9.32221929473","1.1","Minimal","202303-8-Influenza B"
"202422","22","05/26/2024","06/01/2024","2023-2024","Influenza B","10","Racine Ave PS","2024","3,975","9.59933713299","1","Minimal","202422-10-Influenza B"
"202445","45","11/03/2024","11/09/2024","2024-2025","Influenza A","9","North Branch PS","2024","8,025","9.90444504108","1.7","Minimal","202445-9-Influenza A"
"202251","51","12/18/2022","12/24/2022","2022-2023","Influenza A","6","West Pullman/Roseland","2022","4,050","9.60745502321","1","Minimal","202251-6-Influenza A"
"202314","14","04/02/2023","04/08/2023","2022-2023","SARS-CoV-2","5","Chicago Lawn/Ashburn","2023","472,612.5","11.67450520399","8.2","Very High","202314-5-SARS-CoV-2"
"202535","35","08/24/2025","08/30/2025","2024-2025","SARS-CoV-2","4","Austin/Montclare","2025","72,450","10.86003838981","2.1","Low","202535-4-SARS-CoV-2"
"202416","16","04/14/2024","04/20/2024","2023-2024","Influenza B","6","West Pullman/Roseland","2024","6,187.5","9.79151521194","1.5","Minimal","202416-6-Influenza B"
"202329","29","07/16/2023","07/22/2023","2022-2023","SARS-CoV-2","10","Racine Ave PS","2023","48,337.5","10.68428418508","1.8","Minimal","202329-10-SARS-CoV-2"
"202233","33","08/14/2022","08/20/2022","2021-2022","SARS-CoV-2","4","Austin/Montclare","2022","557,512.5","11.74625460916","7.5","High","202233-4-SARS-CoV-2"
"202212","12","03/20/2022","03/26/2022","2021-2022","SARS-CoV-2","6","West Pullman/Roseland","2022","18,500","10.2671717284","1.6","Minimal","202212-6-SARS-CoV-2"
"202543","43","10/19/2025","10/25/2025","2025-2026","Influenza A","11","125th St PS","2025","1,912.5","9.28160144383","1","Minimal","202543-11-Influenza A"
"202303","3","01/15/2023","01/21/2023","2022-2023","Influenza B","6","West Pullman/Roseland","2023","0",,"0","Minimal","202303-6-Influenza B"
"202237","37","09/11/2022","09/17/2022","2021-2022","Influenza B","5","Chicago Lawn/Ashburn","2022",,,"0","Minimal","202237-5-Influenza B"
"202338","38","09/17/2023","09/23/2023","2022-2023","Influenza B","9","North Branch PS","2023","0",,"0","Minimal","202338-9-Influenza B"
"202332","32","08/06/2023","08/12/2023","2022-2023","SARS-CoV-2","6","West Pullman/Roseland","2023","180,600","11.25671774598","7.7","High","202332-6-SARS-CoV-2"
"202238","38","09/18/2022","09/24/2022","2021-2022","Influenza A","6","West Pullman/Roseland","2022",,,"0","Minimal","202238-6-Influenza A"
"202601","1","01/04/2026","01/10/2026","2025-2026","Influenza B","999","All sites","2026","3,651.37916785114","9.56245693346","0","Minimal","202601-999-Influenza B"
"202352","52","12/24/2023","12/30/2023","2023-2024","Influenza A","10","Racine Ave PS","2023","69,937.5","10.84471010387","8.2","Moderate","202352-10-Influenza A"
"202344","44","10/29/2023","11/04/2023","2023-2024","RSV","11","125th St PS","2023","0",,"0","Minimal","202344-11-RSV"
"202507","7","02/09/2025","02/15/2025","2024-2025","RSV","11","125th St PS","2025","15,975","10.20344086683","5.9","Moderate","202507-11-RSV"
"202330","30","07/23/2023","07/29/2023","2022-2023","SARS-CoV-2","9","North Branch PS","2023","153,112.5","11.18501064765","2.8","Low","202330-9-SARS-CoV-2"
"202434","34","08/18/2024","08/24/2024","2023-2024","SARS-CoV-2","5","Chicago Lawn/Ashburn","2024","213,075","11.32853249711","4.4","Moderate","202434-5-SARS-CoV-2"
"202315","15","04/09/2023","04/15/2023","2022-2023","RSV","8","Little Village","2023","6,000","9.77815125038","2.3","Minimal","202315-8-RSV"
"202551","51","12/14/2025","12/20/2025","2025-2026","RSV","4","Austin/Montclare","2025","5,737.8825261373","9.75875165252","1.3","Minimal","202551-4-RSV"
"202309","9","02/26/2023","03/04/2023","2022-2023","SARS-CoV-2","6","West Pullman/Roseland","2023","131,925","11.12032710285","6.5","High","202309-6-SARS-CoV-2"
"202415","15","04/07/2024","04/13/2024","2023-2024","Influenza B","999","All sites","2024","36,225","10.55900839414","0","Minimal","202415-999-Influenza B"
"202551","51","12/14/2025","12/20/2025","2025-2026","RSV","11","125th St PS","2025","1,800","9.2552725051","0.9","Minimal","202551-11-RSV"
"202223","23","06/05/2022","06/11/2022","2021-2022","Influenza A","6","West Pullman/Roseland","2022",,,"0","Minimal","202223-6-Influenza A"
"202305","5","01/29/2023","02/04/2023","2022-2023","SARS-CoV-2","6","West Pullman/Roseland","2023","252,225","11.40178813071","10","Very High","202305-6-SARS-CoV-2"
"202547","47","11/16/2025","11/22/2025","2025-2026","Influenza B","5","Chicago Lawn/Ashburn","2025","0",,"0","Minimal","202547-5-Influenza B"
"202436","36","09/01/2024","09/07/2024","2023-2024","Influenza B","6","West Pullman/Roseland","2024","0",,"0","Minimal","202436-6-Influenza B"
"202217","17","04/24/2022","04/30/2022","2021-2022","Influenza A","6","West Pullman/Roseland","2022",,,"0","Minimal","202217-6-Influenza A"
"202316","16","04/16/2023","04/22/2023","2022-2023","Influenza B","8","Little Village","2023","0",,"0","Minimal","202316-8-Influenza B"
"202412","12","03/17/2024","03/23/2024","2023-2024","Influenza B","9","North Branch PS","2024","7,950","9.90036712866","2","Minimal","202412-9-Influenza B"
"202426","26","06/23/2024","06/29/2024","2023-2024","Influenza B","11","125th St PS","2024","0",,"0","Minimal","202426-11-Influenza B"
"202425","25","06/16/2024","06/22/2024","2023-2024","SARS-CoV-2","999","All sites","2024","211,548.214285714","11.32540936373","4.4","Moderate","202425-999-SARS-CoV-2"
"202441","41","10/06/2024","10/12/2024","2024-2025","Influenza A","8","Little Village","2024","0",,"0","Minimal","202441-8-Influenza A"
"202401","1","12/31/2023","01/06/2024","2023-2024","Influenza A","5","Chicago Lawn/Ashburn","2024","112,612.5","11.05158659993","11","Moderate","202401-5-Influenza A"
"202451","51","12/15/2024","12/21/2024","2024-2025","RSV","8","Little Village","2024","61,312.5","10.78754902472","7.9","Moderate","202451-8-RSV"
"202548","48","11/23/2025","11/29/2025","2025-2026","SARS-CoV-2","10","Racine Ave PS","2025","42,300","10.62634036738","1.6","Minimal","202548-10-SARS-CoV-2"
"202515","15","04/06/2025","04/12/2025","2024-2025","RSV","5","Chicago Lawn/Ashburn","2025","1,987.5","9.29830713733","1","Minimal","202515-5-RSV"
"202438","38","09/15/2024","09/21/2024","2023-2024","Influenza B","11","125th St PS","2024","0",,"0","Minimal","202438-11-Influenza B"
"202535","35","08/24/2025","08/30/2025","2024-2025","SARS-CoV-2","11","125th St PS","2025","14,962.5","10.17500416341","1.5","Minimal","202535-11-SARS-CoV-2"
"202546","46","11/09/2025","11/15/2025","2025-2026","SARS-CoV-2","8","Little Village","2025","84,862.5","10.92871582168","2.3","Low","202546-8-SARS-CoV-2"
"202334","34","08/20/2023","08/26/2023","2022-2023","RSV","999","All sites","2023","3,053.57142857143","9.48480808339","0","Minimal","202334-999-RSV"
"202542","42","10/12/2025","10/18/2025","2025-2026","SARS-CoV-2","5","Chicago Lawn/Ashburn","2025","48,712.5","10.6876404188","1.9","Minimal","202542-5-SARS-CoV-2"
"202533","33","08/10/2025","08/16/2025","2024-2025","SARS-CoV-2","8","Little Village","2025","33,712.5","10.52779095946","1.2","Minimal","202533-8-SARS-CoV-2"
"202301","1","01/01/2023","01/07/2023","2022-2023","Influenza B","4","Austin/Montclare","2023","0",,"0","Minimal","202301-4-Influenza B"
"202601","1","01/04/2026","01/10/2026","2025-2026","Influenza B","11","125th St PS","2026","0",,"0","Minimal","202601-11-Influenza B"
"202532","32","08/03/2025","08/09/2025","2024-2025","Influenza A","5","Chicago Lawn/Ashburn","2025","0",,"0","Minimal","202532-5-Influenza A"
"202251","51","12/18/2022","12/24/2022","2022-2023","Influenza B","4","Austin/Montclare","2022","1,987.5","9.29830713733","1","Minimal","202251-4-Influenza B"
"202235","35","08/28/2022","09/03/2022","2021-2022","SARS-CoV-2","4","Austin/Montclare","2022","95,475","10.97988966705","3.9","Moderate","202235-4-SARS-CoV-2"
"202536","36","08/31/2025","09/06/2025","2024-2025","Influenza A","6","West Pullman/Roseland","2025","0",,"0","Minimal","202536-6-Influenza A"
"202331","31","07/30/2023","08/05/2023","2022-2023","Influenza B","4","Austin/Montclare","2023","0",,"0","Minimal","202331-4-Influenza B"
"202343","43","10/22/2023","10/28/2023","2023-2024","SARS-CoV-2","9","North Branch PS","2023","341,925","11.53393085559","5.1","Moderate","202343-9-SARS-CoV-2"
"202506","6","02/02/2025","02/08/2025","2024-2025","RSV","999","All sites","2025","65,485.7142857143","10.81614656895","7.3","Moderate","202506-999-RSV"
"202446","46","11/10/2024","11/16/2024","2024-2025","SARS-CoV-2","6","West Pullman/Roseland","2024","83,775","10.92311443651","4.8","Moderate","202446-6-SARS-CoV-2"
"202233","33","08/14/2022","08/20/2022","2021-2022","SARS-CoV-2","5","Chicago Lawn/Ashburn","2022","218,775","11.33999769251","5","Moderate","202233-5-SARS-CoV-2"
"202309","9","02/26/2023","03/04/2023","2022-2023","RSV","8","Little Village","2023",,,"0","Minimal","202309-8-RSV"
"202225","25","06/19/2022","06/25/2022","2021-2022","RSV","5","Chicago Lawn/Ashburn","2022",,,"0","Minimal","202225-5-RSV"
"202235","35","08/28/2022","09/03/2022","2021-2022","SARS-CoV-2","999","All sites","2022","113,687.5","11.05571271641","3.9","Moderate","202235-999-SARS-CoV-2"
"202526","26","06/22/2025","06/28/2025","2024-2025","Influenza B","6","West Pullman/Roseland","2025","1,987.5","9.29830713733","1","Minimal","202526-6-Influenza B"
"202445","45","11/03/2024","11/09/2024","2024-2025","Influenza A","999","All sites","2024","3,728.57142857143","9.57154246732","0","Minimal","202445-999-Influenza A"
"202227","27","07/03/2022","07/09/2022","2021-2022","Influenza B","5","Chicago Lawn/Ashburn","2022",,,"0","Minimal","202227-5-Influenza B"
"202330","30","07/23/2023","07/29/2023","2022-2023","Influenza B","11","125th St PS","2023","1,950","9.29003461136","1","Minimal","202330-11-Influenza B"
"202305","5","01/29/2023","02/04/2023","2022-2023","RSV","8","Little Village","2023",,,"0","Minimal","202305-8-RSV"
"202316","16","04/16/2023","04/22/2023","2022-2023","Influenza A","6","West Pullman/Roseland","2023","0",,"0","Minimal","202316-6-Influenza A"
"202331","31","07/30/2023","08/05/2023","2022-2023","Influenza B","10","Racine Ave PS","2023","0",,"0","Minimal","202331-10-Influenza B"
"202444","44","10/27/2024","11/02/2024","2024-2025","RSV","10","Racine Ave PS","2024","4,012.5","9.60341504541","1.7","Minimal","202444-10-RSV"
"202222","22","05/29/2022","06/04/2022","2021-2022","Influenza B","5","Chicago Lawn/Ashburn","2022",,,"0","Minimal","202222-5-Influenza B"
"202602","2","01/11/2026","01/17/2026","2025-2026","Influenza A","999","All sites","2026","44,670.922701143","10.65002492314","6.1","Low","202602-999-Influenza A"
"202340","40","10/01/2023","10/07/2023","2023-2024","Influenza A","9","North Branch PS","2023","0",,"0","Minimal","202340-9-Influenza A"
"202414","14","03/31/2024","04/06/2024","2023-2024","SARS-CoV-2","11","125th St PS","2024","70,387.5","10.84749554035","4.2","Moderate","202414-11-SARS-CoV-2"
"202435","35","08/25/2024","08/31/2024","2023-2024","RSV","4","Austin/Montclare","2024","0",,"0","Minimal","202435-4-RSV"
"202323","23","06/04/2023","06/10/2023","2022-2023","Influenza B","6","West Pullman/Roseland","2023","0",,"0","Minimal","202323-6-Influenza B"
"202536","36","08/31/2025","09/06/2025","2024-2025","SARS-CoV-2","6","West Pullman/Roseland","2025","86,662.5","10.93783121321","4.9","Moderate","202536-6-SARS-CoV-2"
"202552","52","12/21/2025","12/27/2025","2025-2026","RSV","5","Chicago Lawn/Ashburn","2025","0",,"0","Minimal","202552-5-RSV"
"202524","24","06/08/2025","06/14/2025","2024-2025","SARS-CoV-2","999","All sites","2025","108,326.785714286","11.0347358569","2.4","Low","202524-999-SARS-CoV-2"
"202424","24","06/09/2024","06/15/2024","2023-2024","Influenza A","10","Racine Ave PS","2024","1,987.5","9.29830713733","1","Minimal","202424-10-Influenza A"
"202352","52","12/24/2023","12/30/2023","2023-2024","RSV","6","West Pullman/Roseland","2023","93,037.5","10.968658032","13.7","Very High","202352-6-RSV"
"202249","49","12/04/2022","12/10/2022","2022-2023","RSV","5","Chicago Lawn/Ashburn","2022",,,"0","Minimal","202249-5-RSV"
"202342","42","10/15/2023","10/21/2023","2023-2024","Influenza A","8","Little Village","2023","9,937.5","9.99727714166","1.9","Minimal","202342-8-Influenza A"
"202444","44","10/27/2024","11/02/2024","2024-2025","Influenza B","4","Austin/Montclare","2024","0",,"0","Minimal","202444-4-Influenza B"
"202443","43","10/20/2024","10/26/2024","2024-2025","SARS-CoV-2","4","Austin/Montclare","2024","39,375","10.5952205668","1.2","Minimal","202443-4-SARS-CoV-2"
"202506","6","02/02/2025","02/08/2025","2024-2025","Influenza A","10","Racine Ave PS","2025","174,975","11.24297600219","17.3","High","202506-10-Influenza A"
"202446","46","11/10/2024","11/16/2024","2024-2025","Influenza B","10","Racine Ave PS","2024","0",,"0","Minimal","202446-10-Influenza B"
"202552","52","12/21/2025","12/27/2025","2025-2026","Influenza B","5","Chicago Lawn/Ashburn","2025","0",,"0","Minimal","202552-5-Influenza B"
"202307","7","02/12/2023","02/18/2023","2022-2023","Influenza A","4","Austin/Montclare","2023","0",,"0","Minimal","202307-4-Influenza A"
"202210","10","03/06/2022","03/12/2022","2021-2022","Influenza A","5","Chicago Lawn/Ashburn","2022",,,"0","Minimal","202210-5-Influenza A"
"202207","7","02/13/2022","02/19/2022","2021-2022","RSV","999","All sites","2022",,,"0","Minimal","202207-999-RSV"
"202401","1","12/31/2023","01/06/2024","2023-2024","RSV","11","125th St PS","2024","114,112.5","11.05733322009","17.4","Very High","202401-11-RSV"
"202419","19","05/05/2024","05/11/2024","2023-2024","RSV","8","Little Village","2024","0",,"0","Minimal","202419-8-RSV"
"202437","37","09/08/2024","09/14/2024","2023-2024","RSV","11","125th St PS","2024","0",,"0","Minimal","202437-11-RSV"
"202547","47","11/16/2025","11/22/2025","2025-2026","Influenza B","11","125th St PS","2025","0",,"0","Minimal","202547-11-Influenza B"
"202518","18","04/27/2025","05/03/2025","2024-2025","Influenza A","4","Austin/Montclare","2025","3,937.5","9.5952205668","1.6","Minimal","202518-4-Influenza A"
"202550","50","12/07/2025","12/13/2025","2025-2026","Influenza A","9","North Branch PS","2025","35,587.5","10.55129748016","5.5","Low","202550-9-Influenza A"
"202447","47","11/17/2024","11/23/2024","2024-2025","RSV","8","Little Village","2024","1,987.5","9.29830713733","1","Minimal","202447-8-RSV"
"202411","11","03/10/2024","03/16/2024","2023-2024","RSV","8","Little Village","2024","19,987.5","10.30075847675","3.4","Low","202411-8-RSV"
"202348","48","11/26/2023","12/02/2023","2023-2024","Influenza A","9","North Branch PS","2023","16,387.5","10.2145127047","3","Low","202348-9-Influenza A"
"202404","4","01/21/2024","01/27/2024","2023-2024","SARS-CoV-2","6","West Pullman/Roseland","2024","188,437.5","11.27516733382","8.3","Very High","202404-6-SARS-CoV-2"
"202211","11","03/13/2022","03/19/2022","2021-2022","Influenza A","5","Chicago Lawn/Ashburn","2022",,,"0","Minimal","202211-5-Influenza A"
"202544","44","10/26/2025","11/01/2025","2025-2026","SARS-CoV-2","10","Racine Ave PS","2025","22,575","10.35362775899","1","Minimal","202544-10-SARS-CoV-2"
"202244","44","10/30/2022","11/05/2022","2022-2023","SARS-CoV-2","6","West Pullman/Roseland","2022","140,512.5","11.14771496082","6.8","High","202244-6-SARS-CoV-2"
"202226","26","06/26/2022","07/02/2022","2021-2022","RSV","6","West Pullman/Roseland","2022",,,"0","Minimal","202226-6-RSV"
"202215","15","04/10/2022","04/16/2022","2021-2022","Influenza B","6","West Pullman/Roseland","2022",,,"0","Minimal","202215-6-Influenza B"
"202252","52","12/25/2022","12/31/2022","2022-2023","Influenza A","8","Little Village","2022","48,525","10.68596554406","6.7","Moderate","202252-8-Influenza A"
"202238","38","09/18/2022","09/24/2022","2021-2022","Influenza B","999","All sites","2022",,,"0","Minimal","202238-999-Influenza B"
"202508","8","02/16/2025","02/22/2025","2024-2025","Influenza A","999","All sites","2025","87,771.4285714286","10.94335316701","9.5","Moderate","202508-999-Influenza A"
"202502","2","01/05/2025","01/11/2025","2024-2025","RSV","5","Chicago Lawn/Ashburn","2025","53,662.5","10.72967090149","6.9","Moderate","202502-5-RSV"
"202415","15","04/07/2024","04/13/2024","2023-2024","Influenza B","9","North Branch PS","2024","0",,"0","Minimal","202415-9-Influenza B"
"202426","26","06/23/2024","06/29/2024","2023-2024","SARS-CoV-2","6","West Pullman/Roseland","2024","56,887.5","10.75501684851","3.7","Moderate","202426-6-SARS-CoV-2"
"202603","3","01/18/2026","01/24/2026","2025-2026","Influenza A","6","West Pullman/Roseland","2026","54,197.636339476","10.73398034655","17.1","High","202603-6-Influenza A"
"202224","24","06/12/2022","06/18/2022","2021-2022","Influenza B","6","West Pullman/Roseland","2022",,,"0","Minimal","202224-6-Influenza B"
"202429","29","07/14/2024","07/20/2024","2023-2024","Influenza B","11","125th St PS","2024","0",,"0","Minimal","202429-11-Influenza B"
"202328","28","07/09/2023","07/15/2023","2022-2023","Influenza B","10","Racine Ave PS","2023","0",,"0","Minimal","202328-10-Influenza B"
"202539","39","09/21/2025","09/27/2025","2024-2025","SARS-CoV-2","8","Little Village","2025","82,462.5","10.91625649709","2.3","Low","202539-8-SARS-CoV-2"
"202327","27","07/02/2023","07/08/2023","2022-2023","Influenza B","5","Chicago Lawn/Ashburn","2023","0",,"0","Minimal","202327-5-Influenza B"
"202502","2","01/05/2025","01/11/2025","2024-2025","Influenza B","5","Chicago Lawn/Ashburn","2025","1,950","9.29003461136","1","Minimal","202502-5-Influenza B"
"202416","16","04/14/2024","04/20/2024","2023-2024","RSV","4","Austin/Montclare","2024","72,787.5","10.86205680312","7.5","Moderate","202416-4-RSV"
"202602","2","01/11/2026","01/17/2026","2025-2026","RSV","5","Chicago Lawn/Ashburn","2026","18,254.6797472361","10.26137421826","2.9","Low","202602-5-RSV"
"202345","45","11/05/2023","11/11/2023","2023-2024","Influenza B","4","Austin/Montclare","2023","0",,"0","Minimal","202345-4-Influenza B"
"202322","22","05/28/2023","06/03/2023","2022-2023","RSV","4","Austin/Montclare","2023","0",,"0","Minimal","202322-4-RSV"
"202545","45","11/02/2025","11/08/2025","2025-2026","Influenza B","10","Racine Ave PS","2025","0",,"0","Minimal","202545-10-Influenza B"
"202426","26","06/23/2024","06/29/2024","2023-2024","SARS-CoV-2","8","Little Village","2024","180,937.5","11.25752858541","4.1","Moderate","202426-8-SARS-CoV-2"
"202514","14","03/30/2025","04/05/2025","2024-2025","Influenza A","5","Chicago Lawn/Ashburn","2025","9,825","9.99233255905","1.9","Minimal","202514-5-Influenza A"
"202516","16","04/13/2025","04/19/2025","2024-2025","RSV","8","Little Village","2025","11,887.5","10.07509052995","3.9","Low","202516-8-RSV"
"202312","12","03/19/2023","03/25/2023","2022-2023","Influenza B","5","Chicago Lawn/Ashburn","2023","1,950","9.29003461136","1","Minimal","202312-5-Influenza B"
"202424","24","06/09/2024","06/15/2024","2023-2024","RSV","999","All sites","2024","283.92857142857","8.45320909731","0","Minimal","202424-999-RSV"
"202436","36","09/01/2024","09/07/2024","2023-2024","RSV","10","Racine Ave PS","2024","0",,"0","Minimal","202436-10-RSV"
"202334","34","08/20/2023","08/26/2023","2022-2023","Influenza B","5","Chicago Lawn/Ashburn","2023","0",,"0","Minimal","202334-5-Influenza B"
"202413","13","03/24/2024","03/30/2024","2023-2024","Influenza B","11","125th St PS","2024","10,050","10.00216606176","3.1","Low","202413-11-Influenza B"
"202223","23","06/05/2022","06/11/2022","2021-2022","Influenza B","6","West Pullman/Roseland","2022",,,"0","Minimal","202223-6-Influenza B"
"202321","21","05/21/2023","05/27/2023","2022-2023","Influenza B","5","Chicago Lawn/Ashburn","2023","0",,"0","Minimal","202321-5-Influenza B"
"202603","3","01/18/2026","01/24/2026","2025-2026","SARS-CoV-2","9","North Branch PS","2026","393,538.62","11.59498735837","5.9","High","202603-9-SARS-CoV-2"
"202419","19","05/05/2024","05/11/2024","2023-2024","Influenza A","6","West Pullman/Roseland","2024","1,987.5","9.29830713733","1","Minimal","202419-6-Influenza A"
"202508","8","02/16/2025","02/22/2025","2024-2025","Influenza B","6","West Pullman/Roseland","2025","0",,"0","Minimal","202508-6-Influenza B"
"202350","50","12/10/2023","12/16/2023","2023-2024","RSV","999","All sites","2023","67,575","10.82978605437","8.2","High","202350-999-RSV"
"202328","28","07/09/2023","07/15/2023","2022-2023","RSV","6","West Pullman/Roseland","2023","0",,"0","Minimal","202328-6-RSV"
"202522","22","05/25/2025","05/31/2025","2024-2025","SARS-CoV-2","6","West Pullman/Roseland","2025","152,212.5","11.18245031905","6.9","High","202522-6-SARS-CoV-2"
"202537","37","09/07/2025","09/13/2025","2024-2025","RSV","8","Little Village","2025","1,912.5","9.28160144383","1","Minimal","202537-8-RSV"
"202407","7","02/11/2024","02/17/2024","2023-2024","RSV","4","Austin/Montclare","2024","33,262.5","10.52195488756","4.7","Low","202407-4-RSV"
"202238","38","09/18/2022","09/24/2022","2021-2022","Influenza A","999","All sites","2022",,,"0","Minimal","202238-999-Influenza A"
"202351","51","12/17/2023","12/23/2023","2023-2024","RSV","9","North Branch PS","2023","108,787.5","11.03657899653","11.9","Very High","202351-9-RSV"
"202419","19","05/05/2024","05/11/2024","2023-2024","RSV","11","125th St PS","2024","6,000","9.77815125038","2.6","Low","202419-11-RSV"
"202411","11","03/10/2024","03/16/2024","2023-2024","Influenza A","8","Little Village","2024","28,012.5","10.44735186954","4.4","Low","202411-8-Influenza A"
"202449","49","12/01/2024","12/07/2024","2024-2025","SARS-CoV-2","5","Chicago Lawn/Ashburn","2024","37,200","10.57054293988","1.4","Minimal","202449-5-SARS-CoV-2"
"202402","2","01/07/2024","01/13/2024","2023-2024","SARS-CoV-2","4","Austin/Montclare","2024","542,325","11.73425962493","7.3","High","202402-4-SARS-CoV-2"
"202508","8","02/16/2025","02/22/2025","2024-2025","Influenza A","4","Austin/Montclare","2025","149,962.5","11.17598267186","13.7","High","202508-4-Influenza A"
"202349","49","12/03/2023","12/09/2023","2023-2024","RSV","11","125th St PS","2023","1,987.5","9.29830713733","1","Minimal","202349-11-RSV"
"202210","10","03/06/2022","03/12/2022","2021-2022","Influenza A","999","All sites","2022",,,"0","Minimal","202210-999-Influenza A"
"202320","20","05/14/2023","05/20/2023","2022-2023","RSV","999","All sites","2023","573.21428571429","8.7583170054","0","Minimal","202320-999-RSV"
"202331","31","07/30/2023","08/05/2023","2022-2023","SARS-CoV-2","10","Racine Ave PS","2023","40,837.5","10.61105914748","1.6","Minimal","202331-10-SARS-CoV-2"
"202448","48","11/24/2024","11/30/2024","2024-2025","Influenza A","9","North Branch PS","2024","1,987.5","9.29830713733","1","Minimal","202448-9-Influenza A"
"202544","44","10/26/2025","11/01/2025","2025-2026","Influenza A","11","125th St PS","2025","1,800","9.2552725051","0.9","Minimal","202544-11-Influenza A"
"202423","23","06/02/2024","06/08/2024","2023-2024","Influenza B","4","Austin/Montclare","2024","13,762.5","10.13869733198","11","Moderate","202423-4-Influenza B"
"202405","5","01/28/2024","02/03/2024","2023-2024","SARS-CoV-2","9","North Branch PS","2024","511,200","11.70859084515","7.1","High","202405-9-SARS-CoV-2"
"202433","33","08/11/2024","08/17/2024","2023-2024","Influenza A","8","Little Village","2024","22,425","10.35073245172","3.4","Low","202433-8-Influenza A"
"202545","45","11/02/2025","11/08/2025","2025-2026","Influenza B","11","125th St PS","2025","0",,"0","Minimal","202545-11-Influenza B"
"202333","33","08/13/2023","08/19/2023","2022-2023","SARS-CoV-2","10","Racine Ave PS","2023","138,450","11.14129296008","3.3","Low","202333-10-SARS-CoV-2"
"202425","25","06/16/2024","06/22/2024","2023-2024","RSV","4","Austin/Montclare","2024","0",,"0","Minimal","202425-4-RSV"
"202403","3","01/14/2024","01/20/2024","2023-2024","RSV","8","Little Village","2024","110,625","11.04385328371","12.4","Very High","202403-8-RSV"
"202309","9","02/26/2023","03/04/2023","2022-2023","Influenza A","999","All sites","2023","2,512.5","9.40010607043","0","Minimal","202309-999-Influenza A"
"202350","50","12/10/2023","12/16/2023","2023-2024","SARS-CoV-2","8","Little Village","2023","1,343,625","12.12827807589","17.4","Very High","202350-8-SARS-CoV-2"
"202509","9","02/23/2025","03/01/2025","2024-2025","RSV","6","West Pullman/Roseland","2025","0",,"0","Minimal","202509-6-RSV"
"202501","1","12/29/2024","01/04/2025","2024-2025","Influenza A","6","West Pullman/Roseland","2025","6,975","9.84354421195","1.8","Minimal","202501-6-Influenza A"
"202416","16","04/14/2024","04/20/2024","2023-2024","SARS-CoV-2","8","Little Village","2024","50,287.5","10.70146004558","1.7","Minimal","202416-8-SARS-CoV-2"
"202517","17","04/20/2025","04/26/2025","2024-2025","RSV","9","North Branch PS","2025","1,987.5","9.29830713733","1","Minimal","202517-9-RSV"
"202343","43","10/22/2023","10/28/2023","2023-2024","Influenza A","5","Chicago Lawn/Ashburn","2023","6,037.5","9.78085714376","2.2","Minimal","202343-5-Influenza A"
"202546","46","11/09/2025","11/15/2025","2025-2026","Influenza B","8","Little Village","2025","0",,"0","Minimal","202546-8-Influenza B"
"202232","32","08/07/2022","08/13/2022","2021-2022","Influenza B","999","All sites","2022",,,"0","Minimal","202232-999-Influenza B"
"202209","9","02/27/2022","03/05/2022","2021-2022","SARS-CoV-2","4","Austin/Montclare","2022","6,475","9.81123977275","0.5","Minimal","202209-4-SARS-CoV-2"
"202347","47","11/19/2023","11/25/2023","2023-2024","Influenza A","11","125th St PS","2023","8,100","9.90848501888","2.9","Low","202347-11-Influenza A"
"202515","15","04/06/2025","04/12/2025","2024-2025","Influenza B","8","Little Village","2025","0",,"0","Minimal","202515-8-Influenza B"
"202313","13","03/26/2023","04/01/2023","2022-2023","Influenza B","6","West Pullman/Roseland","2023","0",,"0","Minimal","202313-6-Influenza B"
"202547","47","11/16/2025","11/22/2025","2025-2026","Influenza A","999","All sites","2025","5,480.35714285714","9.73880886143","2.3","Minimal","202547-999-Influenza A"
"202345","45","11/05/2023","11/11/2023","2023-2024","RSV","6","West Pullman/Roseland","2023","0",,"0","Minimal","202345-6-RSV"
"202323","23","06/04/2023","06/10/2023","2022-2023","SARS-CoV-2","5","Chicago Lawn/Ashburn","2023","71,325","10.85324178033","2.5","Low","202323-5-SARS-CoV-2"
"202210","10","03/06/2022","03/12/2022","2021-2022","Influenza B","999","All sites","2022",,,"0","Minimal","202210-999-Influenza B"
"202303","3","01/15/2023","01/21/2023","2022-2023","SARS-CoV-2","8","Little Village","2023","631,537.5","11.80039914358","9.8","Very High","202303-8-SARS-CoV-2"
"202509","9","02/23/2025","03/01/2025","2024-2025","RSV","999","All sites","2025","17,908.9285714286","10.25306960431","0","Minimal","202509-999-RSV"
"202304","4","01/22/2023","01/28/2023","2022-2023","Influenza A","999","All sites","2023","46,884.375","10.67102813095","0","Minimal","202304-999-Influenza A"
"202506","6","02/02/2025","02/08/2025","2024-2025","RSV","6","West Pullman/Roseland","2025","3,975","9.59933713299","1","Minimal","202506-6-RSV"
"202550","50","12/07/2025","12/13/2025","2025-2026","Influenza B","11","125th St PS","2025","1,875","9.27300127206","0.9","Minimal","202550-11-Influenza B"
"202433","33","08/11/2024","08/17/2024","2023-2024","RSV","6","West Pullman/Roseland","2024","0",,"0","Minimal","202433-6-RSV"
"202423","23","06/02/2024","06/08/2024","2023-2024","Influenza B","6","West Pullman/Roseland","2024","0",,"0","Minimal","202423-6-Influenza B"
"202451","51","12/15/2024","12/21/2024","2024-2025","RSV","4","Austin/Montclare","2024","53,437.5","10.72784613207","6.6","Moderate","202451-4-RSV"
"202512","12","03/16/2025","03/22/2025","2024-2025","SARS-CoV-2","5","Chicago Lawn/Ashburn","2025","523,687.5","11.71907220776","8.2","Very High","202512-5-SARS-CoV-2"
"202234","34","08/21/2022","08/27/2022","2021-2022","Influenza B","999","All sites","2022",,,"0","Minimal","202234-999-Influenza B"
"202449","49","12/01/2024","12/07/2024","2024-2025","Influenza A","9","North Branch PS","2024","1,987.5","9.29830713733","1","Minimal","202449-9-Influenza A"
"202401","1","12/31/2023","01/06/2024","2023-2024","RSV","6","West Pullman/Roseland","2024","114,637.5","11.05932670645","16.3","Very High","202401-6-RSV"
"202534","34","08/17/2025","08/23/2025","2024-2025","SARS-CoV-2","6","West Pullman/Roseland","2025","17,812.5","10.25072487735","2.7","Low","202534-6-SARS-CoV-2"
"202310","10","03/05/2023","03/11/2023","2022-2023","Influenza B","5","Chicago Lawn/Ashburn","2023","0",,"0","Minimal","202310-5-Influenza B"
"202208","8","02/20/2022","02/26/2022","2021-2022","Influenza B","999","All sites","2022",,,"0","Minimal","202208-999-Influenza B"
"202246","46","11/13/2022","11/19/2022","2022-2023","RSV","999","All sites","2022",,,"0","Minimal","202246-999-RSV"
"202452","52","12/22/2024","12/28/2024","2024-2025","Influenza A","999","All sites","2024","50,341.0714285714","10.70192245457","6.5","Moderate","202452-999-Influenza A"
"202431","31","07/28/2024","08/03/2024","2023-2024","SARS-CoV-2","999","All sites","2024","177,332.142857143","11.24878746205","4.5","Moderate","202431-999-SARS-CoV-2"
"202536","36","08/31/2025","09/06/2025","2024-2025","Influenza A","11","125th St PS","2025","0",,"0","Minimal","202536-11-Influenza A"
"202536","36","08/31/2025","09/06/2025","2024-2025","Influenza A","9","North Branch PS","2025","1,987.5","9.29830713733","1","Minimal","202536-9-Influenza A"
"202531","31","07/27/2025","08/02/2025","2024-2025","Influenza B","11","125th St PS","2025","2,137.5","9.3299061234","1.1","Minimal","202531-11-Influenza B"
"202408","8","02/18/2024","02/24/2024","2023-2024","SARS-CoV-2","4","Austin/Montclare","2024","818,475","11.91300541859","9.7","Very High","202408-4-SARS-CoV-2"
"202321","21","05/21/2023","05/27/2023","2022-2023","Influenza B","4","Austin/Montclare","2023","0",,"0","Minimal","202321-4-Influenza B"
"202223","23","06/05/2022","06/11/2022","2021-2022","SARS-CoV-2","6","West Pullman/Roseland","2022","98,025","10.99133685097","5.4","High","202223-6-SARS-CoV-2"
"202412","12","03/17/2024","03/23/2024","2023-2024","Influenza B","8","Little Village","2024","15,787.5","10.19831336356","6.1","Low","202412-8-Influenza B"
"202406","6","02/04/2024","02/10/2024","2023-2024","Influenza B","6","West Pullman/Roseland","2024","5,962.5","9.77542839205","1.5","Minimal","202406-6-Influenza B"
"202401","1","12/31/2023","01/06/2024","2023-2024","Influenza B","6","West Pullman/Roseland","2024","58,650","10.76826801645","24.8","Very High","202401-6-Influenza B"
"202448","48","11/24/2024","11/30/2024","2024-2025","Influenza B","999","All sites","2024","0",,"0","Minimal","202448-999-Influenza B"
"202426","26","06/23/2024","06/29/2024","2023-2024","Influenza A","10","Racine Ave PS","2024","9,975","9.99891290436","3.4","Low","202426-10-Influenza A"
"202207","7","02/13/2022","02/19/2022","2021-2022","RSV","5","Chicago Lawn/Ashburn","2022",,,"0","Minimal","202207-5-RSV"
"202308","8","02/19/2023","02/25/2023","2022-2023","Influenza B","999","All sites","2023","1,978.125","9.2962537317","0","Minimal","202308-999-Influenza B"
"202345","45","11/05/2023","11/11/2023","2023-2024","Influenza B","8","Little Village","2023","0",,"0","Minimal","202345-8-Influenza B"
"202432","32","08/04/2024","08/10/2024","2023-2024","Influenza B","10","Racine Ave PS","2024","0",,"0","Minimal","202432-10-Influenza B"
"202337","37","09/10/2023","09/16/2023","2022-2023","Influenza B","8","Little Village","2023","0",,"0","Minimal","202337-8-Influenza B"
"202505","5","01/26/2025","02/01/2025","2024-2025","SARS-CoV-2","999","All sites","2025","559,157.142857143","11.74753387709","9.1","Very High","202505-999-SARS-CoV-2"
"202540","40","09/28/2025","10/04/2025","2025-2026","SARS-CoV-2","999","All sites","2025","26,785.7142857143","10.42790323205","1.4","Minimal","202540-999-SARS-CoV-2"
"202445","45","11/03/2024","11/09/2024","2024-2025","Influenza B","10","Racine Ave PS","2024","0",,"0","Minimal","202445-10-Influenza B"
"202445","45","11/03/2024","11/09/2024","2024-2025","RSV","6","West Pullman/Roseland","2024","0",,"0","Minimal","202445-6-RSV"
"202352","52","12/24/2023","12/30/2023","2023-2024","SARS-CoV-2","10","Racine Ave PS","2023","340,350","11.53192575494","6.3","High","202352-10-SARS-CoV-2"
"202436","36","09/01/2024","09/07/2024","2023-2024","Influenza A","999","All sites","2024","12,803.5714285714","10.10733112866","0","Minimal","202436-999-Influenza A"
"202443","43","10/20/2024","10/26/2024","2024-2025","RSV","10","Racine Ave PS","2024","0",,"0","Minimal","202443-10-RSV"
"202222","22","05/29/2022","06/04/2022","2021-2022","Influenza A","6","West Pullman/Roseland","2022",,,"0","Minimal","202222-6-Influenza A"
"202450","50","12/08/2024","12/14/2024","2024-2025","RSV","999","All sites","2024","39,905.3571428571","10.60103120199","5.4","Moderate","202450-999-RSV"
"202310","10","03/05/2023","03/11/2023","2022-2023","Influenza B","6","West Pullman/Roseland","2023","2,025","9.30642502755","1","Minimal","202310-6-Influenza B"
"202408","8","02/18/2024","02/24/2024","2023-2024","RSV","10","Racine Ave PS","2024","56,175","10.74954308109","8.1","High","202408-10-RSV"
"202419","19","05/05/2024","05/11/2024","2023-2024","SARS-CoV-2","4","Austin/Montclare","2024","35,325","10.54808217052","1.3","Minimal","202419-4-SARS-CoV-2"
"202246","46","11/13/2022","11/19/2022","2022-2023","SARS-CoV-2","6","West Pullman/Roseland","2022","58,200","10.76492298465","3.8","Moderate","202246-6-SARS-CoV-2"
"202435","35","08/25/2024","08/31/2024","2023-2024","SARS-CoV-2","4","Austin/Montclare","2024","277,200","11.44279322594","4.9","Moderate","202435-4-SARS-CoV-2"
"202522","22","05/25/2025","05/31/2025","2024-2025","Influenza A","11","125th St PS","2025","0",,"0","Minimal","202522-11-Influenza A"
"202511","11","03/09/2025","03/15/2025","2024-2025","Influenza B","8","Little Village","2025","3,975","9.59933713299","2.5","Minimal","202511-8-Influenza B"
"202228","28","07/10/2022","07/16/2022","2021-2022","SARS-CoV-2","999","All sites","2022","419,525","11.62275784607","10.1","Very High","202228-999-SARS-CoV-2"
"202340","40","10/01/2023","10/07/2023","2023-2024","Influenza A","8","Little Village","2023","11,887.5","10.07509052995","3.9","Low","202340-8-Influenza A"
"202515","15","04/06/2025","04/12/2025","2024-2025","Influenza B","999","All sites","2025","375","8.57403126773","0","Minimal","202515-999-Influenza B"
"202227","27","07/03/2022","07/09/2022","2021-2022","Influenza A","6","West Pullman/Roseland","2022",,,"0","Minimal","202227-6-Influenza A"
"202351","51","12/17/2023","12/23/2023","2023-2024","Influenza B","10","Racine Ave PS","2023","3,937.5","9.5952205668","2.2","Minimal","202351-10-Influenza B"
"202532","32","08/03/2025","08/09/2025","2024-2025","RSV","4","Austin/Montclare","2025","0",,"0","Minimal","202532-4-RSV"
"202303","3","01/15/2023","01/21/2023","2022-2023","Influenza B","4","Austin/Montclare","2023","0",,"0","Minimal","202303-4-Influenza B"
"202507","7","02/09/2025","02/15/2025","2024-2025","SARS-CoV-2","999","All sites","2025","284,683.928571429","11.45436295036","5.8","High","202507-999-SARS-CoV-2"
"202551","51","12/14/2025","12/20/2025","2025-2026","SARS-CoV-2","11","125th St PS","2025","109,801.565","11.04060853015","6.1","High","202551-11-SARS-CoV-2"
"202351","51","12/17/2023","12/23/2023","2023-2024","RSV","5","Chicago Lawn/Ashburn","2023","191,400","11.28194193344","17.6","Very High","202351-5-RSV"
"202529","29","07/13/2025","07/19/2025","2024-2025","SARS-CoV-2","8","Little Village","2025","43,650","10.63998424804","1.5","Minimal","202529-8-SARS-CoV-2"
"202546","46","11/09/2025","11/15/2025","2025-2026","Influenza B","11","125th St PS","2025","0",,"0","Minimal","202546-11-Influenza B"
"202446","46","11/10/2024","11/16/2024","2024-2025","RSV","11","125th St PS","2024","2,025","9.30642502755","1","Minimal","202446-11-RSV"
"202545","45","11/02/2025","11/08/2025","2025-2026","SARS-CoV-2","999","All sites","2025","31,339.2857142857","10.4960890938","1.4","Minimal","202545-999-SARS-CoV-2"
"202429","29","07/14/2024","07/20/2024","2023-2024","RSV","5","Chicago Lawn/Ashburn","2024","0",,"0","Minimal","202429-5-RSV"
"202348","48","11/26/2023","12/02/2023","2023-2024","Influenza B","6","West Pullman/Roseland","2023","2,587.5","9.41288035846","1.3","Minimal","202348-6-Influenza B"
"202248","48","11/27/2022","12/03/2022","2022-2023","SARS-CoV-2","5","Chicago Lawn/Ashburn","2022","2,107,950","12.32386030532","20","Very High","202248-5-SARS-CoV-2"
"202347","47","11/19/2023","11/25/2023","2023-2024","SARS-CoV-2","11","125th St PS","2023","295,312.5","11.47028183019","12","Very High","202347-11-SARS-CoV-2"
"202412","12","03/17/2024","03/23/2024","2023-2024","Influenza B","10","Racine Ave PS","2024","30,187.5","10.4798271481","10.1","Moderate","202412-10-Influenza B"
"202326","26","06/25/2023","07/01/2023","2022-2023","RSV","4","Austin/Montclare","2023","0",,"0","Minimal","202326-4-RSV"
"202309","9","02/26/2023","03/04/2023","2022-2023","Influenza A","4","Austin/Montclare","2023","4,050","9.60745502321","1","Minimal","202309-4-Influenza A"
"202510","10","03/02/2025","03/08/2025","2024-2025","Influenza A","5","Chicago Lawn/Ashburn","2025","77,625","10.89000161318","14.1","High","202510-5-Influenza A"
"202318","18","04/30/2023","05/06/2023","2022-2023","RSV","5","Chicago Lawn/Ashburn","2023","0",,"0","Minimal","202318-5-RSV"
"202404","4","01/21/2024","01/27/2024","2023-2024","SARS-CoV-2","8","Little Village","2024","730,650","11.86370938863","11.3","Very High","202404-8-SARS-CoV-2"
"202239","39","09/25/2022","10/01/2022","2021-2022","Influenza A","6","West Pullman/Roseland","2022",,,"0","Minimal","202239-6-Influenza A"
"202523","23","06/01/2025","06/07/2025","2024-2025","SARS-CoV-2","10","Racine Ave PS","2025","118,612.5","11.07413045964","3.1","Low","202523-10-SARS-CoV-2"
"202309","9","02/26/2023","03/04/2023","2022-2023","RSV","5","Chicago Lawn/Ashburn","2023",,,"0","Minimal","202309-5-RSV"
"202417","17","04/21/2024","04/27/2024","2023-2024","Influenza A","5","Chicago Lawn/Ashburn","2024","3,937.5","9.5952205668","1.6","Minimal","202417-5-Influenza A"
"202512","12","03/16/2025","03/22/2025","2024-2025","Influenza B","6","West Pullman/Roseland","2025","0",,"0","Minimal","202512-6-Influenza B"
"202435","35","08/25/2024","08/31/2024","2023-2024","RSV","5","Chicago Lawn/Ashburn","2024","0",,"0","Minimal","202435-5-RSV"
"202249","49","12/04/2022","12/10/2022","2022-2023","Influenza A","6","West Pullman/Roseland","2022","25,725","10.41035538343","7.8","Moderate","202249-6-Influenza A"
"202506","6","02/02/2025","02/08/2025","2024-2025","RSV","9","North Branch PS","2025","245,925","11.39080268006","19.6","Very High","202506-9-RSV"
"202405","5","01/28/2024","02/03/2024","2023-2024","Influenza A","9","North Branch PS","2024","23,925","10.37885194645","4.1","Low","202405-9-Influenza A"
"202512","12","03/16/2025","03/22/2025","2024-2025","Influenza A","9","North Branch PS","2025","27,900","10.44560420327","4.6","Low","202512-9-Influenza A"
"202543","43","10/19/2025","10/25/2025","2025-2026","Influenza A","9","North Branch PS","2025","1,950","9.29003461136","1","Minimal","202543-9-Influenza A"
"202524","24","06/08/2025","06/14/2025","2024-2025","RSV","11","125th St PS","2025","0",,"0","Minimal","202524-11-RSV"
"202301","1","01/01/2023","01/07/2023","2022-2023","Influenza B","8","Little Village","2023","0",,"0","Minimal","202301-8-Influenza B"
"202339","39","09/24/2023","09/30/2023","2022-2023","Influenza B","8","Little Village","2023","1,987.5","9.29830713733","1","Minimal","202339-8-Influenza B"
"202501","1","12/29/2024","01/04/2025","2024-2025","RSV","11","125th St PS","2025","24,900","10.3961993471","4.7","Low","202501-11-RSV"
"202553","53","12/28/2025","01/03/2026","2025-2026","Influenza B","4","Austin/Montclare","2025","7,416.0888425208","9.87017492389","2.3","Minimal","202553-4-Influenza B"
"202216","16","04/17/2022","04/23/2022","2021-2022","Influenza B","999","All sites","2022",,,"0","Minimal","202216-999-Influenza B"
"202252","52","12/25/2022","12/31/2022","2022-2023","Influenza A","4","Austin/Montclare","2022","68,250","10.83410265571","7.8","Moderate","202252-4-Influenza A"
"202504","4","01/19/2025","01/25/2025","2024-2025","Influenza A","9","North Branch PS","2025","77,625","10.89000161318","10.2","Moderate","202504-9-Influenza A"
"202337","37","09/10/2023","09/16/2023","2022-2023","Influenza A","11","125th St PS","2023","1,987.5","9.29830713733","1","Minimal","202337-11-Influenza A"
"202327","27","07/02/2023","07/08/2023","2022-2023","Influenza A","999","All sites","2023","567.85714285714","8.75423909298","0","Minimal","202327-999-Influenza A"
"202405","5","01/28/2024","02/03/2024","2023-2024","SARS-CoV-2","8","Little Village","2024","782,962.5","11.89374096202","11","Very High","202405-8-SARS-CoV-2"
"202449","49","12/01/2024","12/07/2024","2024-2025","SARS-CoV-2","999","All sites","2024","79,237.5","10.89893076478","2.5","Low","202449-999-SARS-CoV-2"
"202211","11","03/13/2022","03/19/2022","2021-2022","RSV","4","Austin/Montclare","2022",,,"0","Minimal","202211-4-RSV"
"202404","4","01/21/2024","01/27/2024","2023-2024","Influenza A","11","125th St PS","2024","41,925","10.62247307128","5.8","Low","202404-11-Influenza A"
"202305","5","01/29/2023","02/04/2023","2022-2023","RSV","999","All sites","2023",,,"0","Minimal","202305-999-RSV"
"202352","52","12/24/2023","12/30/2023","2023-2024","SARS-CoV-2","11","125th St PS","2023","251,325","11.40023569123","10.9","Very High","202352-11-SARS-CoV-2"
"202452","52","12/22/2024","12/28/2024","2024-2025","RSV","10","Racine Ave PS","2024","22,575","10.35362775899","3.7","Low","202452-10-RSV"
"202516","16","04/13/2025","04/19/2025","2024-2025","RSV","10","Racine Ave PS","2025","1,987.5","9.29830713733","1","Minimal","202516-10-RSV"
"202316","16","04/16/2023","04/22/2023","2022-2023","Influenza B","4","Austin/Montclare","2023","0",,"0","Minimal","202316-4-Influenza B"
"202525","25","06/15/2025","06/21/2025","2024-2025","SARS-CoV-2","4","Austin/Montclare","2025","1,950","9.29003461136","0.3","Minimal","202525-4-SARS-CoV-2"
"202312","12","03/19/2023","03/25/2023","2022-2023","RSV","999","All sites","2023","2,503.125","9.39848253776","0","Minimal","202312-999-RSV"
"202340","40","10/01/2023","10/07/2023","2023-2024","Influenza A","5","Chicago Lawn/Ashburn","2023","1,987.5","9.29830713733","1","Minimal","202340-5-Influenza A"
"202319","19","05/07/2023","05/13/2023","2022-2023","Influenza B","999","All sites","2023","1,157.14285714286","9.06338697886","0","Minimal","202319-999-Influenza B"
"202521","21","05/18/2025","05/24/2025","2024-2025","Influenza B","5","Chicago Lawn/Ashburn","2025","0",,"0","Minimal","202521-5-Influenza B"
"202341","41","10/08/2023","10/14/2023","2023-2024","RSV","999","All sites","2023","7,333.92857142857","9.86533667585","0","Minimal","202341-999-RSV"
"202321","21","05/21/2023","05/27/2023","2022-2023","Influenza A","999","All sites","2023","4,216.07142857143","9.62490796007","0","Minimal","202321-999-Influenza A"
"202403","3","01/14/2024","01/20/2024","2023-2024","Influenza A","6","West Pullman/Roseland","2024","12,075","10.08188713942","3.3","Low","202403-6-Influenza A"
"202551","51","12/14/2025","12/20/2025","2025-2026","SARS-CoV-2","10","Racine Ave PS","2025","134,859.19","11.12988054686","3.6","Moderate","202551-10-SARS-CoV-2"
"202505","5","01/26/2025","02/01/2025","2024-2025","Influenza B","9","North Branch PS","2025","0",,"0","Minimal","202505-9-Influenza B"
"202409","9","02/25/2024","03/02/2024","2023-2024","Influenza A","999","All sites","2024","29,448.2142857143","10.46905896468","4.6","Low","202409-999-Influenza A"
"202543","43","10/19/2025","10/25/2025","2025-2026","SARS-CoV-2","999","All sites","2025","15,150","10.18041263284","0","Minimal","202543-999-SARS-CoV-2"
"202538","38","09/14/2025","09/20/2025","2024-2025","Influenza B","11","125th St PS","2025","0",,"0","Minimal","202538-11-Influenza B"
"202402","2","01/07/2024","01/13/2024","2023-2024","Influenza A","9","North Branch PS","2024","11,812.5","10.07234182152","4","Low","202402-9-Influenza A"
"202420","20","05/12/2024","05/18/2024","2023-2024","Influenza B","11","125th St PS","2024","0",,"0","Minimal","202420-11-Influenza B"
"202532","32","08/03/2025","08/09/2025","2024-2025","SARS-CoV-2","10","Racine Ave PS","2025","43,400","10.63748972951","1.7","Minimal","202532-10-SARS-CoV-2"
"202546","46","11/09/2025","11/15/2025","2025-2026","RSV","8","Little Village","2025","0",,"0","Minimal","202546-8-RSV"
"202510","10","03/02/2025","03/08/2025","2024-2025","Influenza A","6","West Pullman/Roseland","2025","1,987.5","9.29830713733","1","Minimal","202510-6-Influenza A"
"202351","51","12/17/2023","12/23/2023","2023-2024","SARS-CoV-2","6","West Pullman/Roseland","2023","732,862.5","11.86502249975","17.9","Very High","202351-6-SARS-CoV-2"
"202440","40","09/29/2024","10/05/2024","2024-2025","Influenza A","10","Racine Ave PS","2024","1,987.5","9.29830713733","1","Minimal","202440-10-Influenza A"
"202535","35","08/24/2025","08/30/2025","2024-2025","SARS-CoV-2","8","Little Village","2025","63,450","10.80243162643","1.9","Minimal","202535-8-SARS-CoV-2"
"202331","31","07/30/2023","08/05/2023","2022-2023","Influenza A","6","West Pullman/Roseland","2023","0",,"0","Minimal","202331-6-Influenza A"
"202429","29","07/14/2024","07/20/2024","2023-2024","Influenza A","8","Little Village","2024","46,350","10.66604973848","6.1","Low","202429-8-Influenza A"
"202444","44","10/27/2024","11/02/2024","2024-2025","RSV","999","All sites","2024","1,419.64285714286","9.15217910165","0","Minimal","202444-999-RSV"
"202526","26","06/22/2025","06/28/2025","2024-2025","SARS-CoV-2","4","Austin/Montclare","2025","11,737.5","10.06957560527","0.6","Minimal","202526-4-SARS-CoV-2"
"202510","10","03/02/2025","03/08/2025","2024-2025","RSV","8","Little Village","2025","15,787.5","10.19831336356","2.8","Low","202510-8-RSV"
"202506","6","02/02/2025","02/08/2025","2024-2025","RSV","10","Racine Ave PS","2025","29,812.5","10.47439839638","4.8","Low","202506-10-RSV"
"202412","12","03/17/2024","03/23/2024","2023-2024","SARS-CoV-2","9","North Branch PS","2024","176,287.5","11.24622151892","3.1","Low","202412-9-SARS-CoV-2"
"202517","17","04/20/2025","04/26/2025","2024-2025","SARS-CoV-2","11","125th St PS","2025","48,037.5","10.68158039747","3.4","Low","202517-11-SARS-CoV-2"
"202527","27","06/29/2025","07/05/2025","2024-2025","Influenza A","11","125th St PS","2025","0",,"0","Minimal","202527-11-Influenza A"
"202523","23","06/01/2025","06/07/2025","2024-2025","SARS-CoV-2","5","Chicago Lawn/Ashburn","2025","49,125","10.69130256338","1.9","Minimal","202523-5-SARS-CoV-2"
"202327","27","07/02/2023","07/08/2023","2022-2023","Influenza A","10","Racine Ave PS","2023","0",,"0","Minimal","202327-10-Influenza A"
"202526","26","06/22/2025","06/28/2025","2024-2025","Influenza A","999","All sites","2025","1,125","9.05115252245","0","Minimal","202526-999-Influenza A"
"202214","14","04/03/2022","04/09/2022","2021-2022","RSV","5","Chicago Lawn/Ashburn","2022",,,"0","Minimal","202214-5-RSV"
"202349","49","12/03/2023","12/09/2023","2023-2024","SARS-CoV-2","11","125th St PS","2023","117,900","11.0715138051","6.3","High","202349-11-SARS-CoV-2"
"202509","9","02/23/2025","03/01/2025","2024-2025","RSV","9","North Branch PS","2025","26,250","10.41912930774","4.1","Low","202509-9-RSV"
"202250","50","12/11/2022","12/17/2022","2022-2023","SARS-CoV-2","999","All sites","2022","1,428,271.875","12.15481088431","17.2","Very High","202250-999-SARS-CoV-2"
"202303","3","01/15/2023","01/21/2023","2022-2023","Influenza A","6","West Pullman/Roseland","2023","2,062.5","9.31439395722","1","Minimal","202303-6-Influenza A"
"202237","37","09/11/2022","09/17/2022","2021-2022","RSV","6","West Pullman/Roseland","2022",,,"0","Minimal","202237-6-RSV"
"202433","33","08/11/2024","08/17/2024","2023-2024","Influenza B","5","Chicago Lawn/Ashburn","2024","0",,"0","Minimal","202433-5-Influenza B"
"202531","31","07/27/2025","08/02/2025","2024-2025","SARS-CoV-2","9","North Branch PS","2025","168,187.5","11.22579371511","2.7","Low","202531-9-SARS-CoV-2"
"202417","17","04/21/2024","04/27/2024","2023-2024","SARS-CoV-2","10","Racine Ave PS","2024","115,312.5","11.06187638784","3.2","Low","202417-10-SARS-CoV-2"
"202243","43","10/23/2022","10/29/2022","2022-2023","Influenza A","999","All sites","2022","12,037.5","10.08053630013","0","Minimal","202243-999-Influenza A"
"202523","23","06/01/2025","06/07/2025","2024-2025","RSV","5","Chicago Lawn/Ashburn","2025","0",,"0","Minimal","202523-5-RSV"
"202252","52","12/25/2022","12/31/2022","2022-2023","SARS-CoV-2","5","Chicago Lawn/Ashburn","2022","2,187,750","12.33999769251","21.9","Very High","202252-5-SARS-CoV-2"
"202437","37","09/08/2024","09/14/2024","2023-2024","Influenza A","5","Chicago Lawn/Ashburn","2024","0",,"0","Minimal","202437-5-Influenza A"
"202238","38","09/18/2022","09/24/2022","2021-2022","RSV","4","Austin/Montclare","2022",,,"0","Minimal","202238-4-RSV"
"202402","2","01/07/2024","01/13/2024","2023-2024","RSV","999","All sites","2024","143,207.142857143","11.15596468017","15.1","Very High","202402-999-RSV"
"202445","45","11/03/2024","11/09/2024","2024-2025","RSV","11","125th St PS","2024","1,987.5","9.29830713733","1","Minimal","202445-11-RSV"
"202214","14","04/03/2022","04/09/2022","2021-2022","Influenza A","5","Chicago Lawn/Ashburn","2022",,,"0","Minimal","202214-5-Influenza A"
"202552","52","12/21/2025","12/27/2025","2025-2026","SARS-CoV-2","11","125th St PS","2025","563,850","11.75116358477","19.1","Very High","202552-11-SARS-CoV-2"
"202541","41","10/05/2025","10/11/2025","2025-2026","RSV","5","Chicago Lawn/Ashburn","2025","0",,"0","Minimal","202541-5-RSV"
"202344","44","10/29/2023","11/04/2023","2023-2024","RSV","10","Racine Ave PS","2023","1,950","9.29003461136","1","Minimal","202344-10-RSV"
"202452","52","12/22/2024","12/28/2024","2024-2025","Influenza B","4","Austin/Montclare","2024","0",,"0","Minimal","202452-4-Influenza B"
"202549","49","11/30/2025","12/06/2025","2025-2026","Influenza A","8","Little Village","2025","21,850","10.33945144131","3.3","Low","202549-8-Influenza A"
"202350","50","12/10/2023","12/16/2023","2023-2024","SARS-CoV-2","5","Chicago Lawn/Ashburn","2023","1,818,000","12.25959387889","19.2","Very High","202350-5-SARS-CoV-2"
"202425","25","06/16/2024","06/22/2024","2023-2024","Influenza B","999","All sites","2024","289.28571428571","8.46132698754","0","Minimal","202425-999-Influenza B"
"202420","20","05/12/2024","05/18/2024","2023-2024","Influenza B","5","Chicago Lawn/Ashburn","2024","3,975","9.59933713299","1.8","Minimal","202420-5-Influenza B"
"202239","39","09/25/2022","10/01/2022","2021-2022","SARS-CoV-2","6","West Pullman/Roseland","2022","80,662.5","10.90667167812","4.6","Moderate","202239-6-SARS-CoV-2"
"202448","48","11/24/2024","11/30/2024","2024-2025","RSV","999","All sites","2024","11,164.2857142857","10.04783094234","2.2","Minimal","202448-999-RSV"
"202441","41","10/06/2024","10/12/2024","2024-2025","Influenza A","11","125th St PS","2024","0",,"0","Minimal","202441-11-Influenza A"
"202528","28","07/06/2025","07/12/2025","2024-2025","RSV","9","North Branch PS","2025","0",,"0","Minimal","202528-9-RSV"
"202349","49","12/03/2023","12/09/2023","2023-2024","Influenza B","4","Austin/Montclare","2023","5,925","9.77268835468","3.9","Low","202349-4-Influenza B"
"202241","41","10/09/2022","10/15/2022","2022-2023","RSV","4","Austin/Montclare","2022",,,"0","Minimal","202241-4-RSV"
"202441","41","10/06/2024","10/12/2024","2024-2025","RSV","9","North Branch PS","2024","0",,"0","Minimal","202441-9-RSV"
"202542","42","10/12/2025","10/18/2025","2025-2026","Influenza B","999","All sites","2025","475","8.67669360962","0","Minimal","202542-999-Influenza B"
"202338","38","09/17/2023","09/23/2023","2022-2023","Influenza A","999","All sites","2023","19,698.2142857143","10.29442685758","0","Minimal","202338-999-Influenza A"
"202445","45","11/03/2024","11/09/2024","2024-2025","Influenza B","11","125th St PS","2024","0",,"0","Minimal","202445-11-Influenza B"
"202314","14","04/02/2023","04/08/2023","2022-2023","Influenza A","5","Chicago Lawn/Ashburn","2023","0",,"0","Minimal","202314-5-Influenza A"
"202247","47","11/20/2022","11/26/2022","2022-2023","SARS-CoV-2","4","Austin/Montclare","2022","706,462.5","11.84908911385","9","Very High","202247-4-SARS-CoV-2"
"202329","29","07/16/2023","07/22/2023","2022-2023","SARS-CoV-2","8","Little Village","2023","20,475","10.31122391043","0.8","Minimal","202329-8-SARS-CoV-2"
"202413","13","03/24/2024","03/30/2024","2023-2024","SARS-CoV-2","10","Racine Ave PS","2024","412,125","11.61502896015","7","High","202413-10-SARS-CoV-2"
"202437","37","09/08/2024","09/14/2024","2023-2024","RSV","999","All sites","2024","589.28571428571","8.77032591287","0","Minimal","202437-999-RSV"
"202335","35","08/27/2023","09/02/2023","2022-2023","RSV","4","Austin/Montclare","2023","0",,"0","Minimal","202335-4-RSV"
"202228","28","07/10/2022","07/16/2022","2021-2022","RSV","999","All sites","2022",,,"0","Minimal","202228-999-RSV"
"202231","31","07/31/2022","08/06/2022","2021-2022","Influenza B","6","West Pullman/Roseland","2022",,,"0","Minimal","202231-6-Influenza B"
"202546","46","11/09/2025","11/15/2025","2025-2026","RSV","9","North Branch PS","2025","1,987.5","9.29830713733","1","Minimal","202546-9-RSV"
"202341","41","10/08/2023","10/14/2023","2023-2024","Influenza A","4","Austin/Montclare","2023","0",,"0","Minimal","202341-4-Influenza A"
"202542","42","10/12/2025","10/18/2025","2025-2026","RSV","4","Austin/Montclare","2025","0",,"0","Minimal","202542-4-RSV"
"202439","39","09/22/2024","09/28/2024","2023-2024","SARS-CoV-2","10","Racine Ave PS","2024","117,900","11.0715138051","3.3","Low","202439-10-SARS-CoV-2"
"202437","37","09/08/2024","09/14/2024","2023-2024","SARS-CoV-2","8","Little Village","2024","241,987.5","11.38379293283","5.1","Moderate","202437-8-SARS-CoV-2"
"202511","11","03/09/2025","03/15/2025","2024-2025","RSV","9","North Branch PS","2025","35,850","10.55448916","5","Low","202511-9-RSV"
"202432","32","08/04/2024","08/10/2024","2023-2024","SARS-CoV-2","4","Austin/Montclare","2024","175,500","11.2442771208","3.7","Moderate","202432-4-SARS-CoV-2"
"202515","15","04/06/2025","04/12/2025","2024-2025","Influenza A","999","All sites","2025","133,569.642857143","11.12570776474","0","Minimal","202515-999-Influenza A"
"202418","18","04/28/2024","05/04/2024","2023-2024","SARS-CoV-2","6","West Pullman/Roseland","2024","72,750","10.86183299766","4.4","Moderate","202418-6-SARS-CoV-2"
"202351","51","12/17/2023","12/23/2023","2023-2024","SARS-CoV-2","9","North Branch PS","2023","1,709,250","12.23280558857","18","Very High","202351-9-SARS-CoV-2"
"202519","19","05/04/2025","05/10/2025","2024-2025","Influenza B","5","Chicago Lawn/Ashburn","2025","3,937.5","9.5952205668","1.8","Minimal","202519-5-Influenza B"
"202304","4","01/22/2023","01/28/2023","2022-2023","Influenza B","8","Little Village","2023","2,025","9.30642502755","1","Minimal","202304-8-Influenza B"
"202217","17","04/24/2022","04/30/2022","2021-2022","RSV","999","All sites","2022",,,"0","Minimal","202217-999-RSV"
"202447","47","11/17/2024","11/23/2024","2024-2025","SARS-CoV-2","9","North Branch PS","2024","53,137.5","10.72540111798","1.3","Minimal","202447-9-SARS-CoV-2"
"202533","33","08/10/2025","08/16/2025","2024-2025","Influenza A","11","125th St PS","2025","0",,"0","Minimal","202533-11-Influenza A"
"202423","23","06/02/2024","06/08/2024","2023-2024","SARS-CoV-2","11","125th St PS","2024","71,475","10.85415416403","4.3","Moderate","202423-11-SARS-CoV-2"
"202323","23","06/04/2023","06/10/2023","2022-2023","SARS-CoV-2","11","125th St PS","2023","34,275","10.53497746346","2.6","Low","202323-11-SARS-CoV-2"
"202503","3","01/12/2025","01/18/2025","2024-2025","SARS-CoV-2","11","125th St PS","2025","177,000","11.24797326636","8.2","Very High","202503-11-SARS-CoV-2"
"202548","48","11/23/2025","11/29/2025","2025-2026","Influenza A","9","North Branch PS","2025","1,950","9.29003461136","1","Minimal","202548-9-Influenza A"
"202337","37","09/10/2023","09/16/2023","2022-2023","RSV","8","Little Village","2023","0",,"0","Minimal","202337-8-RSV"
"202553","53","12/28/2025","01/03/2026","2025-2026","SARS-CoV-2","11","125th St PS","2025","118,500","11.07371835035","6.2","High","202553-11-SARS-CoV-2"
"202417","17","04/21/2024","04/27/2024","2023-2024","SARS-CoV-2","9","North Branch PS","2024","1,580,587.5","12.19881854302","16.3","Very High","202417-9-SARS-CoV-2"
"202542","42","10/12/2025","10/18/2025","2025-2026","SARS-CoV-2","999","All sites","2025","21,930.3571428571","10.34104570436","0","Minimal","202542-999-SARS-CoV-2"
"202207","7","02/13/2022","02/19/2022","2021-2022","Influenza B","6","West Pullman/Roseland","2022",,,"0","Minimal","202207-6-Influenza B"
"202309","9","02/26/2023","03/04/2023","2022-2023","Influenza B","4","Austin/Montclare","2023","0",,"0","Minimal","202309-4-Influenza B"
"202551","51","12/14/2025","12/20/2025","2025-2026","RSV","6","West Pullman/Roseland","2025","1,935.66433987205","9.28683004926","1","Minimal","202551-6-RSV"
"202209","9","02/27/2022","03/05/2022","2021-2022","SARS-CoV-2","6","West Pullman/Roseland","2022","1,800","9.2552725051","0.8","Minimal","202209-6-SARS-CoV-2"
"202508","8","02/16/2025","02/22/2025","2024-2025","Influenza A","11","125th St PS","2025","34,912.5","10.54298094871","5","Low","202508-11-Influenza A"
"202232","32","08/07/2022","08/13/2022","2021-2022","RSV","5","Chicago Lawn/Ashburn","2022",,,"0","Minimal","202232-5-RSV"
"202311","11","03/12/2023","03/18/2023","2022-2023","Influenza B","999","All sites","2023","506.25","8.70436503622","0","Minimal","202311-999-Influenza B"
"202423","23","06/02/2024","06/08/2024","2023-2024","SARS-CoV-2","9","North Branch PS","2024","216,262.5","11.33498121914","3.5","Moderate","202423-9-SARS-CoV-2"
"202240","40","10/02/2022","10/08/2022","2022-2023","RSV","5","Chicago Lawn/Ashburn","2022",,,"0","Minimal","202240-5-RSV"
"202438","38","09/15/2024","09/21/2024","2023-2024","Influenza A","6","West Pullman/Roseland","2024","0",,"0","Minimal","202438-6-Influenza A"
"202439","39","09/22/2024","09/28/2024","2023-2024","SARS-CoV-2","8","Little Village","2024","56,062.5","10.74867246039","1.7","Minimal","202439-8-SARS-CoV-2"
"202349","49","12/03/2023","12/09/2023","2023-2024","RSV","6","West Pullman/Roseland","2023","65,512.5","10.81632417271","10.3","High","202349-6-RSV"
"202405","5","01/28/2024","02/03/2024","2023-2024","RSV","9","North Branch PS","2024","41,775","10.62091645857","5.7","Moderate","202405-9-RSV"
"202538","38","09/14/2025","09/20/2025","2024-2025","SARS-CoV-2","10","Racine Ave PS","2025","88,125","10.94509913","2.7","Low","202538-10-SARS-CoV-2"
"202529","29","07/13/2025","07/19/2025","2024-2025","SARS-CoV-2","9","North Branch PS","2025","166,237.5","11.22072899903","3","Low","202529-9-SARS-CoV-2"
"202535","35","08/24/2025","08/30/2025","2024-2025","RSV","9","North Branch PS","2025","0",,"0","Minimal","202535-9-RSV"
"202422","22","05/26/2024","06/01/2024","2023-2024","RSV","11","125th St PS","2024","0",,"0","Minimal","202422-11-RSV"
"202408","8","02/18/2024","02/24/2024","2023-2024","SARS-CoV-2","8","Little Village","2024","436,500","11.63998424804","7.8","High","202408-8-SARS-CoV-2"
"202534","34","08/17/2025","08/23/2025","2024-2025","RSV","5","Chicago Lawn/Ashburn","2025","0",,"0","Minimal","202534-5-RSV"
"202526","26","06/22/2025","06/28/2025","2024-2025","Influenza A","6","West Pullman/Roseland","2025","0",,"0","Minimal","202526-6-Influenza A"
"202210","10","03/06/2022","03/12/2022","2021-2022","SARS-CoV-2","4","Austin/Montclare","2022","10,833.3333333333","10.03476210626","0.8","Minimal","202210-4-SARS-CoV-2"
"202402","2","01/07/2024","01/13/2024","2023-2024","Influenza B","5","Chicago Lawn/Ashburn","2024","7,912.5","9.89831372303","1.8","Minimal","202402-5-Influenza B"
"202432","32","08/04/2024","08/10/2024","2023-2024","Influenza A","999","All sites","2024","1,746.42857142857","9.24215082778","0","Minimal","202432-999-Influenza A"
"202338","38","09/17/2023","09/23/2023","2022-2023","RSV","9","North Branch PS","2023","4,050","9.60745502321","1.7","Minimal","202338-9-RSV"
"202543","43","10/19/2025","10/25/2025","2025-2026","RSV","11","125th St PS","2025","0",,"0","Minimal","202543-11-RSV"
"202406","6","02/04/2024","02/10/2024","2023-2024","RSV","11","125th St PS","2024","22,162.5","10.34561874861","4.3","Low","202406-11-RSV"
"202344","44","10/29/2023","11/04/2023","2023-2024","SARS-CoV-2","9","North Branch PS","2023","364,162.5","11.56129522185","5","Moderate","202344-9-SARS-CoV-2"
"202440","40","09/29/2024","10/05/2024","2024-2025","RSV","6","West Pullman/Roseland","2024","0",,"0","Minimal","202440-6-RSV"
"202441","41","10/06/2024","10/12/2024","2024-2025","RSV","8","Little Village","2024","0",,"0","Minimal","202441-8-RSV"
"202340","40","10/01/2023","10/07/2023","2023-2024","RSV","4","Austin/Montclare","2023","91,087.5","10.95945878253","8.5","High","202340-4-RSV"
"202337","37","09/10/2023","09/16/2023","2022-2023","Influenza A","8","Little Village","2023","0",,"0","Minimal","202337-8-Influenza A"
"202516","16","04/13/2025","04/19/2025","2024-2025","Influenza A","4","Austin/Montclare","2025","3,937.5","9.5952205668","1.6","Minimal","202516-4-Influenza A"
"202548","48","11/23/2025","11/29/2025","2025-2026","Influenza B","11","125th St PS","2025","0",,"0","Minimal","202548-11-Influenza B"
"202549","49","11/30/2025","12/06/2025","2025-2026","SARS-CoV-2","999","All sites","2025","79,639.2857142857","10.90112735618","2.6","Low","202549-999-SARS-CoV-2"
"202539","39","09/21/2025","09/27/2025","2024-2025","Influenza B","5","Chicago Lawn/Ashburn","2025","0",,"0","Minimal","202539-5-Influenza B"
"202601","1","01/04/2026","01/10/2026","2025-2026","Influenza B","5","Chicago Lawn/Ashburn","2026","5,972.747671614","9.77617416766","2.6","Minimal","202601-5-Influenza B"
"202445","45","11/03/2024","11/09/2024","2024-2025","Influenza B","4","Austin/Montclare","2024","0",,"0","Minimal","202445-4-Influenza B"
"202403","3","01/14/2024","01/20/2024","2023-2024","SARS-CoV-2","9","North Branch PS","2024","696,787.5","11.84310035106","9.1","Very High","202403-9-SARS-CoV-2"
"202420","20","05/12/2024","05/18/2024","2023-2024","Influenza B","10","Racine Ave PS","2024","2,025","9.30642502755","1","Minimal","202420-10-Influenza B"
"202421","21","05/19/2024","05/25/2024","2023-2024","SARS-CoV-2","999","All sites","2024","50,491.0714285714","10.70321458659","1.9","Minimal","202421-999-SARS-CoV-2"
"202512","12","03/16/2025","03/22/2025","2024-2025","RSV","5","Chicago Lawn/Ashburn","2025","19,612.5","10.2925329566","3","Low","202512-5-RSV"
"202439","39","09/22/2024","09/28/2024","2023-2024","RSV","8","Little Village","2024","0",,"0","Minimal","202439-8-RSV"
"202314","14","04/02/2023","04/08/2023","2022-2023","RSV","6","West Pullman/Roseland","2023","0",,"0","Minimal","202314-6-RSV"
"202441","41","10/06/2024","10/12/2024","2024-2025","RSV","4","Austin/Montclare","2024","0",,"0","Minimal","202441-4-RSV"
"202553","53","12/28/2025","01/03/2026","2025-2026","RSV","5","Chicago Lawn/Ashburn","2025","16,800","10.22530928173","2.8","Low","202553-5-RSV"
"202408","8","02/18/2024","02/24/2024","2023-2024","Influenza A","8","Little Village","2024","30,375","10.48251628661","4.6","Low","202408-8-Influenza A"
"202403","3","01/14/2024","01/20/2024","2023-2024","Influenza A","11","125th St PS","2024","97,200","10.98766626493","11.2","Moderate","202403-11-Influenza A"
"202527","27","06/29/2025","07/05/2025","2024-2025","Influenza A","4","Austin/Montclare","2025","0",,"0","Minimal","202527-4-Influenza A"
"202552","52","12/21/2025","12/27/2025","2025-2026","SARS-CoV-2","8","Little Village","2025","690,000","11.83884909074","10.9","Very High","202552-8-SARS-CoV-2"
"202602","2","01/11/2026","01/17/2026","2025-2026","Influenza B","10","Racine Ave PS","2026","4,012.4521575473","9.60340986714","1","Minimal","202602-10-Influenza B"
"202548","48","11/23/2025","11/29/2025","2025-2026","RSV","5","Chicago Lawn/Ashburn","2025","3,787.5","9.57835264151","1","Minimal","202548-5-RSV"
"202548","48","11/23/2025","11/29/2025","2025-2026","Influenza A","999","All sites","2025","3,021.42857142857","9.4802123317","0","Minimal","202548-999-Influenza A"
"202337","37","09/10/2023","09/16/2023","2022-2023","SARS-CoV-2","9","North Branch PS","2023","702,787.5","11.84682402839","9.1","Very High","202337-9-SARS-CoV-2"
"202536","36","08/31/2025","09/06/2025","2024-2025","RSV","4","Austin/Montclare","2025","0",,"0","Minimal","202536-4-RSV"
"202514","14","03/30/2025","04/05/2025","2024-2025","Influenza A","4","Austin/Montclare","2025","15,675","10.1952075495","2.7","Minimal","202514-4-Influenza A"
"202323","23","06/04/2023","06/10/2023","2022-2023","RSV","11","125th St PS","2023","6,037.5","9.78085714376","1.4","Minimal","202323-11-RSV"
"202509","9","02/23/2025","03/01/2025","2024-2025","Influenza A","4","Austin/Montclare","2025","163,050","11.21232080314","14.5","High","202509-4-Influenza A"
"202533","33","08/10/2025","08/16/2025","2024-2025","RSV","999","All sites","2025","0",,"0","Minimal","202533-999-RSV"
"202326","26","06/25/2023","07/01/2023","2022-2023","Influenza A","6","West Pullman/Roseland","2023","0",,"0","Minimal","202326-6-Influenza A"
"202208","8","02/20/2022","02/26/2022","2021-2022","SARS-CoV-2","999","All sites","2022","8,183.33333333333","9.91293024174","0.8","Minimal","202208-999-SARS-CoV-2"
"202307","7","02/12/2023","02/18/2023","2022-2023","Influenza A","999","All sites","2023","8,850","9.9469432707","0","Minimal","202307-999-Influenza A"
"202422","22","05/26/2024","06/01/2024","2023-2024","Influenza A","4","Austin/Montclare","2024","3,937.5","9.5952205668","1","Minimal","202422-4-Influenza A"
"202507","7","02/09/2025","02/15/2025","2024-2025","RSV","10","Racine Ave PS","2025","78,600","10.89542254604","18.6","Very High","202507-10-RSV"
"202415","15","04/07/2024","04/13/2024","2023-2024","SARS-CoV-2","11","125th St PS","2024","73,350","10.86540011818","4.5","Moderate","202415-11-SARS-CoV-2"
"202330","30","07/23/2023","07/29/2023","2022-2023","SARS-CoV-2","4","Austin/Montclare","2023","141,187.5","11.14979624826","3.2","Low","202330-4-SARS-CoV-2"
"202321","21","05/21/2023","05/27/2023","2022-2023","RSV","4","Austin/Montclare","2023","0",,"0","Minimal","202321-4-RSV"
"202509","9","02/23/2025","03/01/2025","2024-2025","RSV","4","Austin/Montclare","2025","46,837.5","10.6705937061","5.8","Moderate","202509-4-RSV"
"202326","26","06/25/2023","07/01/2023","2022-2023","RSV","8","Little Village","2023","4,012.5","9.60341504541","1.7","Minimal","202326-8-RSV"
"202422","22","05/26/2024","06/01/2024","2023-2024","RSV","999","All sites","2024","567.85714285714","8.75423909298","0","Minimal","202422-999-RSV"
"202338","38","09/17/2023","09/23/2023","2022-2023","Influenza B","999","All sites","2023","0",,"0","Minimal","202338-999-Influenza B"
"202521","21","05/18/2025","05/24/2025","2024-2025","Influenza B","8","Little Village","2025","5,925","9.77268835468","4.2","Low","202521-8-Influenza B"
"202527","27","06/29/2025","07/05/2025","2024-2025","SARS-CoV-2","8","Little Village","2025","9,825","9.99233255905","0.5","Minimal","202527-8-SARS-CoV-2"
"202602","2","01/11/2026","01/17/2026","2025-2026","Influenza B","999","All sites","2026","1,146.72270300293","9.05945841083","0","Minimal","202602-999-Influenza B"
"202532","32","08/03/2025","08/09/2025","2024-2025","Influenza A","9","North Branch PS","2025","0",,"0","Minimal","202532-9-Influenza A"
"202518","18","04/27/2025","05/03/2025","2024-2025","SARS-CoV-2","9","North Branch PS","2025","27,750","10.44326298746","0.7","Minimal","202518-9-SARS-CoV-2"
"202427","27","06/30/2024","07/06/2024","2023-2024","SARS-CoV-2","6","West Pullman/Roseland","2024","147,975","11.17018834864","7.1","High","202427-6-SARS-CoV-2"
"202514","14","03/30/2025","04/05/2025","2024-2025","RSV","9","North Branch PS","2025","7,950","9.90036712866","1.7","Minimal","202514-9-RSV"
"202347","47","11/19/2023","11/25/2023","2023-2024","SARS-CoV-2","4","Austin/Montclare","2023","1,965,375","12.29344542743","17.4","Very High","202347-4-SARS-CoV-2"
"202517","17","04/20/2025","04/26/2025","2024-2025","SARS-CoV-2","4","Austin/Montclare","2025","84,262.5","10.92563434015","2.3","Low","202517-4-SARS-CoV-2"
"202504","4","01/19/2025","01/25/2025","2024-2025","SARS-CoV-2","8","Little Village","2025","187,500","11.27300127206","4.3","Moderate","202504-8-SARS-CoV-2"
"202511","11","03/09/2025","03/15/2025","2024-2025","Influenza B","4","Austin/Montclare","2025","13,725","10.13751235312","4.8","Low","202511-4-Influenza B"
"202319","19","05/07/2023","05/13/2023","2022-2023","RSV","10","Racine Ave PS","2023","0",,"0","Minimal","202319-10-RSV"
"202238","38","09/18/2022","09/24/2022","2021-2022","SARS-CoV-2","4","Austin/Montclare","2022","96,075","10.98261039314","2.4","Low","202238-4-SARS-CoV-2"
"202505","5","01/26/2025","02/01/2025","2024-2025","SARS-CoV-2","10","Racine Ave PS","2025","1,080,375","12.03357452601","14.6","Very High","202505-10-SARS-CoV-2"
"202415","15","04/07/2024","04/13/2024","2023-2024","Influenza A","10","Racine Ave PS","2024","22,162.5","10.34561874861","6.2","Low","202415-10-Influenza A"
"202231","31","07/31/2022","08/06/2022","2021-2022","Influenza A","999","All sites","2022",,,"0","Minimal","202231-999-Influenza A"
"202529","29","07/13/2025","07/19/2025","2024-2025","Influenza A","999","All sites","2025","2,533.92857142857","9.40379436845","0","Minimal","202529-999-Influenza A"
"202431","31","07/28/2024","08/03/2024","2023-2024","Influenza B","999","All sites","2024","0",,"0","Minimal","202431-999-Influenza B"
"202448","48","11/24/2024","11/30/2024","2024-2025","Influenza A","8","Little Village","2024","11,925","10.07645838771","2.3","Minimal","202448-8-Influenza A"
"202550","50","12/07/2025","12/13/2025","2025-2026","Influenza B","9","North Branch PS","2025","1,875","9.27300127206","0.9","Minimal","202550-9-Influenza B"
"202312","12","03/19/2023","03/25/2023","2022-2023","Influenza A","8","Little Village","2023","126,712.5","11.1028194595","13","High","202312-8-Influenza A"
"202348","48","11/26/2023","12/02/2023","2023-2024","Influenza A","6","West Pullman/Roseland","2023","12,412.5","10.0938592615","3.5","Low","202348-6-Influenza A"
"202601","1","01/04/2026","01/10/2026","2025-2026","RSV","5","Chicago Lawn/Ashburn","2026","47,629.4521316745","10.67787558597","6.1","Moderate","202601-5-RSV"
"202251","51","12/18/2022","12/24/2022","2022-2023","Influenza A","5","Chicago Lawn/Ashburn","2022","73,500","10.86628733908","8","Moderate","202251-5-Influenza A"
"202227","27","07/03/2022","07/09/2022","2021-2022","Influenza B","999","All sites","2022",,,"0","Minimal","202227-999-Influenza B"
"202432","32","08/04/2024","08/10/2024","2023-2024","RSV","9","North Branch PS","2024","0",,"0","Minimal","202432-9-RSV"
"202450","50","12/08/2024","12/14/2024","2024-2025","RSV","11","125th St PS","2024","14,137.5","10.15037261793","2.9","Low","202450-11-RSV"
"202547","47","11/16/2025","11/22/2025","2025-2026","Influenza A","6","West Pullman/Roseland","2025","13,125","10.11809931208","7.8","Moderate","202547-6-Influenza A"
"202341","41","10/08/2023","10/14/2023","2023-2024","Influenza B","6","West Pullman/Roseland","2023","0",,"0","Minimal","202341-6-Influenza B"
"202422","22","05/26/2024","06/01/2024","2023-2024","SARS-CoV-2","11","125th St PS","2024","20,062.5","10.30238504975","1.8","Minimal","202422-11-SARS-CoV-2"
"202508","8","02/16/2025","02/22/2025","2024-2025","Influenza B","999","All sites","2025","68,094.6428571429","10.83311294643","0","Minimal","202508-999-Influenza B"
"202314","14","04/02/2023","04/08/2023","2022-2023","RSV","8","Little Village","2023","1,987.5","9.29830713733","1","Minimal","202314-8-RSV"
"202501","1","12/29/2024","01/04/2025","2024-2025","SARS-CoV-2","9","North Branch PS","2025","208,237.5","11.3185589412","3.6","Moderate","202501-9-SARS-CoV-2"
"202336","36","09/03/2023","09/09/2023","2022-2023","Influenza A","8","Little Village","2023","4,050","9.60745502321","1","Minimal","202336-8-Influenza A"
"202512","12","03/16/2025","03/22/2025","2024-2025","SARS-CoV-2","9","North Branch PS","2025","275,175","11.43960897515","4.4","Moderate","202512-9-SARS-CoV-2"
"202409","9","02/25/2024","03/02/2024","2023-2024","RSV","11","125th St PS","2024","313,387.5","11.49608166989","37.7","Very High","202409-11-RSV"
"202320","20","05/14/2023","05/20/2023","2022-2023","Influenza B","6","West Pullman/Roseland","2023","1,950","9.29003461136","1","Minimal","202320-6-Influenza B"
"202501","1","12/29/2024","01/04/2025","2024-2025","RSV","5","Chicago Lawn/Ashburn","2025","27,937.5","10.44618754048","3.9","Low","202501-5-RSV"
"202316","16","04/16/2023","04/22/2023","2022-2023","RSV","6","West Pullman/Roseland","2023","0",,"0","Minimal","202316-6-RSV"
"202307","7","02/12/2023","02/18/2023","2022-2023","RSV","8","Little Village","2023",,,"0","Minimal","202307-8-RSV"
"202541","41","10/05/2025","10/11/2025","2025-2026","RSV","9","North Branch PS","2025","0",,"0","Minimal","202541-9-RSV"
"202309","9","02/26/2023","03/04/2023","2022-2023","SARS-CoV-2","4","Austin/Montclare","2023","415,425","11.61849262854","6.4","High","202309-4-SARS-CoV-2"
"202428","28","07/07/2024","07/13/2024","2023-2024","Influenza B","10","Racine Ave PS","2024","0",,"0","Minimal","202428-10-Influenza B"
"202552","52","12/21/2025","12/27/2025","2025-2026","RSV","9","North Branch PS","2025","14,550","10.16286299332","2.6","Low","202552-9-RSV"
"202236","36","09/04/2022","09/10/2022","2021-2022","Influenza A","999","All sites","2022",,,"0","Minimal","202236-999-Influenza A"
"202220","20","05/15/2022","05/21/2022","2021-2022","SARS-CoV-2","6","West Pullman/Roseland","2022","257,875","11.41140924098","9.4","Very High","202220-6-SARS-CoV-2"
"202545","45","11/02/2025","11/08/2025","2025-2026","RSV","6","West Pullman/Roseland","2025","0",,"0","Minimal","202545-6-RSV"
"202320","20","05/14/2023","05/20/2023","2022-2023","Influenza A","8","Little Village","2023","99,225","10.99662110758","11.4","High","202320-8-Influenza A"
"202413","13","03/24/2024","03/30/2024","2023-2024","RSV","999","All sites","2024","9,342.85714285714","9.97047970831","0","Minimal","202413-999-RSV"
"202249","49","12/04/2022","12/10/2022","2022-2023","RSV","4","Austin/Montclare","2022",,,"0","Minimal","202249-4-RSV"
"202336","36","09/03/2023","09/09/2023","2022-2023","Influenza B","4","Austin/Montclare","2023","0",,"0","Minimal","202336-4-Influenza B"
"202536","36","08/31/2025","09/06/2025","2024-2025","SARS-CoV-2","9","North Branch PS","2025","127,387.5","11.1051268146","2.5","Low","202536-9-SARS-CoV-2"
"202503","3","01/12/2025","01/18/2025","2024-2025","Influenza A","4","Austin/Montclare","2025","307,162.5","11.48736819366","22.7","Very High","202503-4-Influenza A"
"202419","19","05/05/2024","05/11/2024","2023-2024","SARS-CoV-2","5","Chicago Lawn/Ashburn","2024","45,525","10.65824995447","1.7","Minimal","202419-5-SARS-CoV-2"
"202219","19","05/08/2022","05/14/2022","2021-2022","Influenza A","999","All sites","2022",,,"0","Minimal","202219-999-Influenza A"
"202348","48","11/26/2023","12/02/2023","2023-2024","SARS-CoV-2","999","All sites","2023","1,386,369.64285714","12.14187904012","16.1","Very High","202348-999-SARS-CoV-2"
"202510","10","03/02/2025","03/08/2025","2024-2025","SARS-CoV-2","999","All sites","2025","866,673.214285714","11.93785537431","10.5","Very High","202510-999-SARS-CoV-2"
"202411","11","03/10/2024","03/16/2024","2023-2024","Influenza A","9","North Branch PS","2024","29,700","10.47275644932","4.8","Low","202411-9-Influenza A"
"202350","50","12/10/2023","12/16/2023","2023-2024","Influenza B","6","West Pullman/Roseland","2023","0",,"0","Minimal","202350-6-Influenza B"
"202532","32","08/03/2025","08/09/2025","2024-2025","Influenza A","4","Austin/Montclare","2025","0",,"0","Minimal","202532-4-Influenza A"
"202421","21","05/19/2024","05/25/2024","2023-2024","SARS-CoV-2","4","Austin/Montclare","2024","38,137.5","10.58135222065","1.4","Minimal","202421-4-SARS-CoV-2"
"202533","33","08/10/2025","08/16/2025","2024-2025","RSV","8","Little Village","2025","0",,"0","Minimal","202533-8-RSV"
"202215","15","04/10/2022","04/16/2022","2021-2022","RSV","999","All sites","2022",,,"0","Minimal","202215-999-RSV"
"202310","10","03/05/2023","03/11/2023","2022-2023","Influenza B","999","All sites","2023","1,012.5","9.00539503189","0","Minimal","202310-999-Influenza B"
"202446","46","11/10/2024","11/16/2024","2024-2025","Influenza A","10","Racine Ave PS","2024","21,975","10.34192888375","3.4","Low","202446-10-Influenza A"
"202312","12","03/19/2023","03/25/2023","2022-2023","SARS-CoV-2","5","Chicago Lawn/Ashburn","2023","276,487.5","11.44167550163","5.5","High","202312-5-SARS-CoV-2"
"202350","50","12/10/2023","12/16/2023","2023-2024","Influenza B","9","North Branch PS","2023","5,925","9.77268835468","2.9","Low","202350-9-Influenza B"
"202446","46","11/10/2024","11/16/2024","2024-2025","Influenza B","9","North Branch PS","2024","0",,"0","Minimal","202446-9-Influenza B"
"202216","16","04/17/2022","04/23/2022","2021-2022","SARS-CoV-2","4","Austin/Montclare","2022","72,487.5","10.86026312176","1.9","Minimal","202216-4-SARS-CoV-2"
"202348","48","11/26/2023","12/02/2023","2023-2024","Influenza A","4","Austin/Montclare","2023","30,450","10.48358729697","4.3","Low","202348-4-Influenza A"
"202510","10","03/02/2025","03/08/2025","2024-2025","SARS-CoV-2","11","125th St PS","2025","184,612.5","11.2662611035","8.4","Very High","202510-11-SARS-CoV-2"
"202429","29","07/14/2024","07/20/2024","2023-2024","Influenza B","8","Little Village","2024","0",,"0","Minimal","202429-8-Influenza B"
"202238","38","09/18/2022","09/24/2022","2021-2022","Influenza B","4","Austin/Montclare","2022",,,"0","Minimal","202238-4-Influenza B"
"202322","22","05/28/2023","06/03/2023","2022-2023","Influenza A","6","West Pullman/Roseland","2023","0",,"0","Minimal","202322-6-Influenza A"
"202444","44","10/27/2024","11/02/2024","2024-2025","RSV","8","Little Village","2024","0",,"0","Minimal","202444-8-RSV"
"202415","15","04/07/2024","04/13/2024","2023-2024","Influenza A","999","All sites","2024","18,455.3571428571","10.26612245396","3.6","Low","202415-999-Influenza A"
"202519","19","05/04/2025","05/10/2025","2024-2025","Influenza B","11","125th St PS","2025","0",,"0","Minimal","202519-11-Influenza B"
"202543","43","10/19/2025","10/25/2025","2025-2026","Influenza B","8","Little Village","2025","1,875","9.27300127206","0.9","Minimal","202543-8-Influenza B"
"202208","8","02/20/2022","02/26/2022","2021-2022","Influenza B","6","West Pullman/Roseland","2022",,,"0","Minimal","202208-6-Influenza B"
"202435","35","08/25/2024","08/31/2024","2023-2024","Influenza B","999","All sites","2024","0",,"0","Minimal","202435-999-Influenza B"
"202302","2","01/08/2023","01/14/2023","2022-2023","SARS-CoV-2","999","All sites","2023","1,288,115.625","12.10995484831","14.1","Very High","202302-999-SARS-CoV-2"
"202243","43","10/23/2022","10/29/2022","2022-2023","SARS-CoV-2","999","All sites","2022","245,821.875","11.39062052692","4.3","Moderate","202243-999-SARS-CoV-2"
"202534","34","08/17/2025","08/23/2025","2024-2025","SARS-CoV-2","9","North Branch PS","2025","45,525","10.65824995447","1.1","Minimal","202534-9-SARS-CoV-2"
"202243","43","10/23/2022","10/29/2022","2022-2023","SARS-CoV-2","4","Austin/Montclare","2022","531,000","11.72509452108","7.2","High","202243-4-SARS-CoV-2"
"202501","1","12/29/2024","01/04/2025","2024-2025","SARS-CoV-2","999","All sites","2025","308,801.785714286","11.48967980307","7.1","High","202501-999-SARS-CoV-2"
"202524","24","06/08/2025","06/14/2025","2024-2025","Influenza A","5","Chicago Lawn/Ashburn","2025","5,887.5","9.76993092014","1.3","Minimal","202524-5-Influenza A"
"202509","9","02/23/2025","03/01/2025","2024-2025","Influenza B","999","All sites","2025","8,844.64285714286","9.94668030098","0","Minimal","202509-999-Influenza B"
"202519","19","05/04/2025","05/10/2025","2024-2025","Influenza A","10","Racine Ave PS","2025","21,787.5","10.33820740012","3.6","Low","202519-10-Influenza A"
"202541","41","10/05/2025","10/11/2025","2025-2026","Influenza A","6","West Pullman/Roseland","2025","0",,"0","Minimal","202541-6-Influenza A"
"202452","52","12/22/2024","12/28/2024","2024-2025","Influenza B","5","Chicago Lawn/Ashburn","2024","0",,"0","Minimal","202452-5-Influenza B"
"202444","44","10/27/2024","11/02/2024","2024-2025","Influenza A","5","Chicago Lawn/Ashburn","2024","0",,"0","Minimal","202444-5-Influenza A"
"202406","6","02/04/2024","02/10/2024","2023-2024","RSV","6","West Pullman/Roseland","2024","14,025","10.14690286993","2.7","Low","202406-6-RSV"
"202301","1","01/01/2023","01/07/2023","2022-2023","RSV","8","Little Village","2023",,,"0","Minimal","202301-8-RSV"
"202511","11","03/09/2025","03/15/2025","2024-2025","Influenza B","5","Chicago Lawn/Ashburn","2025","13,762.5","10.13869733198","5.3","Low","202511-5-Influenza B"
"202345","45","11/05/2023","11/11/2023","2023-2024","RSV","9","North Branch PS","2023","53,437.5","10.72784613207","7","Moderate","202345-9-RSV"
"202225","25","06/19/2022","06/25/2022","2021-2022","RSV","4","Austin/Montclare","2022",,,"0","Minimal","202225-4-RSV"
"202507","7","02/09/2025","02/15/2025","2024-2025","Influenza A","5","Chicago Lawn/Ashburn","2025","131,437.5","11.11871929003","12.4","High","202507-5-Influenza A"
"202207","7","02/13/2022","02/19/2022","2021-2022","SARS-CoV-2","999","All sites","2022","19,600","10.29225607136","1.3","Minimal","202207-999-SARS-CoV-2"
"202324","24","06/11/2023","06/17/2023","2022-2023","SARS-CoV-2","999","All sites","2023","35,491.0714285714","10.55011911032","1.8","Minimal","202324-999-SARS-CoV-2"
"202505","5","01/26/2025","02/01/2025","2024-2025","Influenza B","5","Chicago Lawn/Ashburn","2025","0",,"0","Minimal","202505-5-Influenza B"
"202414","14","03/31/2024","04/06/2024","2023-2024","SARS-CoV-2","999","All sites","2024","244,757.142857143","11.38873537487","4.7","Moderate","202414-999-SARS-CoV-2"
"202440","40","09/29/2024","10/05/2024","2024-2025","SARS-CoV-2","5","Chicago Lawn/Ashburn","2024","19,800","10.29666519026","1.1","Minimal","202440-5-SARS-CoV-2"
"202227","27","07/03/2022","07/09/2022","2021-2022","RSV","999","All sites","2022",,,"0","Minimal","202227-999-RSV"
"202215","15","04/10/2022","04/16/2022","2021-2022","RSV","5","Chicago Lawn/Ashburn","2022",,,"0","Minimal","202215-5-RSV"
"202323","23","06/04/2023","06/10/2023","2022-2023","Influenza B","8","Little Village","2023","0",,"0","Minimal","202323-8-Influenza B"
"202324","24","06/11/2023","06/17/2023","2022-2023","Influenza B","10","Racine Ave PS","2023","0",,"0","Minimal","202324-10-Influenza B"
"202219","19","05/08/2022","05/14/2022","2021-2022","SARS-CoV-2","4","Austin/Montclare","2022","147,825","11.16974788767","3.2","Low","202219-4-SARS-CoV-2"
"202447","47","11/17/2024","11/23/2024","2024-2025","Influenza A","4","Austin/Montclare","2024","67,087.5","10.8266416083","6.7","Moderate","202447-4-Influenza A"
"202516","16","04/13/2025","04/19/2025","2024-2025","RSV","5","Chicago Lawn/Ashburn","2025","0",,"0","Minimal","202516-5-RSV"
"202512","12","03/16/2025","03/22/2025","2024-2025","Influenza A","5","Chicago Lawn/Ashburn","2025","47,175","10.67371190884","6","Low","202512-5-Influenza A"
"202447","47","11/17/2024","11/23/2024","2024-2025","Influenza B","6","West Pullman/Roseland","2024","0",,"0","Minimal","202447-6-Influenza B"
"202334","34","08/20/2023","08/26/2023","2022-2023","Influenza A","10","Racine Ave PS","2023","0",,"0","Minimal","202334-10-Influenza A"
"202547","47","11/16/2025","11/22/2025","2025-2026","RSV","8","Little Village","2025","0",,"0","Minimal","202547-8-RSV"
"202346","46","11/12/2023","11/18/2023","2023-2024","Influenza B","4","Austin/Montclare","2023","0",,"0","Minimal","202346-4-Influenza B"
"202336","36","09/03/2023","09/09/2023","2022-2023","Influenza B","8","Little Village","2023","0",,"0","Minimal","202336-8-Influenza B"
"202441","41","10/06/2024","10/12/2024","2024-2025","SARS-CoV-2","11","125th St PS","2024","6,650","9.8228216453","1.1","Minimal","202441-11-SARS-CoV-2"
"202551","51","12/14/2025","12/20/2025","2025-2026","Influenza B","9","North Branch PS","2025","0",,"0","Minimal","202551-9-Influenza B"
"202327","27","07/02/2023","07/08/2023","2022-2023","Influenza B","10","Racine Ave PS","2023","0",,"0","Minimal","202327-10-Influenza B"
"202329","29","07/16/2023","07/22/2023","2022-2023","RSV","8","Little Village","2023","0",,"0","Minimal","202329-8-RSV"
"202313","13","03/26/2023","04/01/2023","2022-2023","Influenza B","8","Little Village","2023","1,987.5","9.29830713733","1","Minimal","202313-8-Influenza B"
"202533","33","08/10/2025","08/16/2025","2024-2025","Influenza B","10","Racine Ave PS","2025","0",,"0","Minimal","202533-10-Influenza B"
"202510","10","03/02/2025","03/08/2025","2024-2025","RSV","9","North Branch PS","2025","13,912.5","10.14340517734","2.4","Minimal","202510-9-RSV"
"202434","34","08/18/2024","08/24/2024","2023-2024","Influenza A","10","Racine Ave PS","2024","6,150","9.78887511578","2.3","Minimal","202434-10-Influenza A"
"202542","42","10/12/2025","10/18/2025","2025-2026","Influenza B","6","West Pullman/Roseland","2025","0",,"0","Minimal","202542-6-Influenza B"
"202226","26","06/26/2022","07/02/2022","2021-2022","Influenza A","999","All sites","2022",,,"0","Minimal","202226-999-Influenza A"
"202249","49","12/04/2022","12/10/2022","2022-2023","SARS-CoV-2","999","All sites","2022","1,370,165.625","12.13677306765","18.3","Very High","202249-999-SARS-CoV-2"
"202223","23","06/05/2022","06/11/2022","2021-2022","Influenza A","999","All sites","2022",,,"0","Minimal","202223-999-Influenza A"
"202425","25","06/16/2024","06/22/2024","2023-2024","Influenza B","6","West Pullman/Roseland","2024","0",,"0","Minimal","202425-6-Influenza B"
"202442","42","10/13/2024","10/19/2024","2024-2025","Influenza A","999","All sites","2024","0",,"0","Minimal","202442-999-Influenza A"
"202438","38","09/15/2024","09/21/2024","2023-2024","Influenza A","999","All sites","2024","4,007.14285714286","9.60283482558","0","Minimal","202438-999-Influenza A"
"202424","24","06/09/2024","06/15/2024","2023-2024","RSV","8","Little Village","2024","1,987.5","9.29830713733","1","Minimal","202424-8-RSV"
"202326","26","06/25/2023","07/01/2023","2022-2023","Influenza B","999","All sites","2023","0",,"0","Minimal","202326-999-Influenza B"
"202418","18","04/28/2024","05/04/2024","2023-2024","Influenza B","6","West Pullman/Roseland","2024","0",,"0","Minimal","202418-6-Influenza B"
"202420","20","05/12/2024","05/18/2024","2023-2024","RSV","999","All sites","2024","857.14285714286","8.93305321037","0","Minimal","202420-999-RSV"
"202433","33","08/11/2024","08/17/2024","2023-2024","Influenza B","11","125th St PS","2024","0",,"0","Minimal","202433-11-Influenza B"
"202425","25","06/16/2024","06/22/2024","2023-2024","Influenza B","5","Chicago Lawn/Ashburn","2024","0",,"0","Minimal","202425-5-Influenza B"
"202215","15","04/10/2022","04/16/2022","2021-2022","Influenza A","999","All sites","2022",,,"0","Minimal","202215-999-Influenza A"
"202312","12","03/19/2023","03/25/2023","2022-2023","SARS-CoV-2","4","Austin/Montclare","2023","1,456,425","12.16328812513","13.8","Very High","202312-4-SARS-CoV-2"
"202521","21","05/18/2025","05/24/2025","2024-2025","Influenza A","5","Chicago Lawn/Ashburn","2025","5,925","9.77268835468","1.3","Minimal","202521-5-Influenza A"
"202538","38","09/14/2025","09/20/2025","2024-2025","RSV","4","Austin/Montclare","2025","0",,"0","Minimal","202538-4-RSV"
"202412","12","03/17/2024","03/23/2024","2023-2024","SARS-CoV-2","999","All sites","2024","230,437.5","11.36255315495","4.7","Moderate","202412-999-SARS-CoV-2"
"202226","26","06/26/2022","07/02/2022","2021-2022","RSV","5","Chicago Lawn/Ashburn","2022",,,"0","Minimal","202226-5-RSV"
"202430","30","07/21/2024","07/27/2024","2023-2024","Influenza A","9","North Branch PS","2024","1,950","9.29003461136","1","Minimal","202430-9-Influenza A"
"202326","26","06/25/2023","07/01/2023","2022-2023","RSV","6","West Pullman/Roseland","2023","0",,"0","Minimal","202326-6-RSV"
"202331","31","07/30/2023","08/05/2023","2022-2023","SARS-CoV-2","5","Chicago Lawn/Ashburn","2023","42,900","10.63245729218","1.6","Minimal","202331-5-SARS-CoV-2"
"202544","44","10/26/2025","11/01/2025","2025-2026","SARS-CoV-2","9","North Branch PS","2025","107,250","11.03039730086","2.1","Low","202544-9-SARS-CoV-2"
"202544","44","10/26/2025","11/01/2025","2025-2026","Influenza A","6","West Pullman/Roseland","2025","0",,"0","Minimal","202544-6-Influenza A"
"202348","48","11/26/2023","12/02/2023","2023-2024","RSV","9","North Branch PS","2023","81,825","10.91288601398","9.1","High","202348-9-RSV"
"202423","23","06/02/2024","06/08/2024","2023-2024","Influenza B","8","Little Village","2024","0",,"0","Minimal","202423-8-Influenza B"
"202503","3","01/12/2025","01/18/2025","2024-2025","Influenza B","8","Little Village","2025","0",,"0","Minimal","202503-8-Influenza B"
"202332","32","08/06/2023","08/12/2023","2022-2023","SARS-CoV-2","9","North Branch PS","2023","887,100","11.94797257925","9.9","Very High","202332-9-SARS-CoV-2"
"202349","49","12/03/2023","12/09/2023","2023-2024","SARS-CoV-2","4","Austin/Montclare","2023","1,234,125","12.09135915002","12.8","Very High","202349-4-SARS-CoV-2"
"202302","2","01/08/2023","01/14/2023","2022-2023","RSV","999","All sites","2023",,,"0","Minimal","202302-999-RSV"
"202417","17","04/21/2024","04/27/2024","2023-2024","Influenza A","999","All sites","2024","7,746.42857142857","9.88910152067","0","Minimal","202417-999-Influenza A"
"202238","38","09/18/2022","09/24/2022","2021-2022","SARS-CoV-2","5","Chicago Lawn/Ashburn","2022","271,500","11.43376983392","5.7","High","202238-5-SARS-CoV-2"
"202404","4","01/21/2024","01/27/2024","2023-2024","Influenza A","10","Racine Ave PS","2024","113,250","11.05403821068","12.5","High","202404-10-Influenza A"
"202417","17","04/21/2024","04/27/2024","2023-2024","SARS-CoV-2","11","125th St PS","2024","44,362.5","10.64701601236","3.2","Low","202417-11-SARS-CoV-2"
"202230","30","07/24/2022","07/30/2022","2021-2022","Influenza A","5","Chicago Lawn/Ashburn","2022",,,"0","Minimal","202230-5-Influenza A"
"202452","52","12/22/2024","12/28/2024","2024-2025","SARS-CoV-2","4","Austin/Montclare","2024","114,900","11.06032002869","2.8","Low","202452-4-SARS-CoV-2"
"202336","36","09/03/2023","09/09/2023","2022-2023","SARS-CoV-2","10","Racine Ave PS","2023","167,962.5","11.22521233017","4.1","Moderate","202336-10-SARS-CoV-2"
"202509","9","02/23/2025","03/01/2025","2024-2025","Influenza A","11","125th St PS","2025","72,862.5","10.86250406833","8.3","Moderate","202509-11-Influenza A"
"202323","23","06/04/2023","06/10/2023","2022-2023","Influenza A","11","125th St PS","2023","2,025","9.30642502755","1","Minimal","202323-11-Influenza A"
"202446","46","11/10/2024","11/16/2024","2024-2025","Influenza B","8","Little Village","2024","0",,"0","Minimal","202446-8-Influenza B"
"202547","47","11/16/2025","11/22/2025","2025-2026","RSV","10","Racine Ave PS","2025","0",,"0","Minimal","202547-10-RSV"
"202544","44","10/26/2025","11/01/2025","2025-2026","SARS-CoV-2","999","All sites","2025","26,303.5714285714","10.42001471984","1.1","Minimal","202544-999-SARS-CoV-2"
"202321","21","05/21/2023","05/27/2023","2022-2023","Influenza A","11","125th St PS","2023","0",,"0","Minimal","202321-11-Influenza A"
"202601","1","01/04/2026","01/10/2026","2025-2026","Influenza B","6","West Pullman/Roseland","2026","0",,"0","Minimal","202601-6-Influenza B"
"202330","30","07/23/2023","07/29/2023","2022-2023","RSV","8","Little Village","2023","0",,"0","Minimal","202330-8-RSV"
"202332","32","08/06/2023","08/12/2023","2022-2023","Influenza B","999","All sites","2023","0",,"0","Minimal","202332-999-Influenza B"
"202335","35","08/27/2023","09/02/2023","2022-2023","RSV","9","North Branch PS","2023","4,125","9.61542395289","1.7","Minimal","202335-9-RSV"
"202446","46","11/10/2024","11/16/2024","2024-2025","SARS-CoV-2","999","All sites","2024","69,294.6428571429","10.84069966077","2.5","Low","202446-999-SARS-CoV-2"
"202240","40","10/02/2022","10/08/2022","2022-2023","SARS-CoV-2","8","Little Village","2022","41,400","10.61700034112","1.4","Minimal","202240-8-SARS-CoV-2"
"202335","35","08/27/2023","09/02/2023","2022-2023","RSV","999","All sites","2023","850.35714285714","8.92960136406","0","Minimal","202335-999-RSV"
"202434","34","08/18/2024","08/24/2024","2023-2024","Influenza A","5","Chicago Lawn/Ashburn","2024","0",,"0","Minimal","202434-5-Influenza A"
"202314","14","04/02/2023","04/08/2023","2022-2023","SARS-CoV-2","8","Little Village","2023","538,237.5","11.73097395258","9.1","Very High","202314-8-SARS-CoV-2"
"202220","20","05/15/2022","05/21/2022","2021-2022","Influenza B","999","All sites","2022",,,"0","Minimal","202220-999-Influenza B"
"202452","52","12/22/2024","12/28/2024","2024-2025","RSV","8","Little Village","2024","0",,"0","Minimal","202452-8-RSV"
"202437","37","09/08/2024","09/14/2024","2023-2024","RSV","4","Austin/Montclare","2024","0",,"0","Minimal","202437-4-RSV"
"202352","52","12/24/2023","12/30/2023","2023-2024","RSV","11","125th St PS","2023","41,250","10.61542395289","7.3","Moderate","202352-11-RSV"
"202509","9","02/23/2025","03/01/2025","2024-2025","SARS-CoV-2","8","Little Village","2025","721,912.5","11.85848456174","10.8","Very High","202509-8-SARS-CoV-2"
"202431","31","07/28/2024","08/03/2024","2023-2024","Influenza B","6","West Pullman/Roseland","2024","0",,"0","Minimal","202431-6-Influenza B"
"202229","29","07/17/2022","07/23/2022","2021-2022","Influenza A","5","Chicago Lawn/Ashburn","2022",,,"0","Minimal","202229-5-Influenza A"
"202549","49","11/30/2025","12/06/2025","2025-2026","RSV","11","125th St PS","2025","3,712.5","9.56966646233","0.9","Minimal","202549-11-RSV"
"202505","5","01/26/2025","02/01/2025","2024-2025","Influenza A","11","125th St PS","2025","150,637.5","11.17793309946","15.5","High","202505-11-Influenza A"
"202443","43","10/20/2024","10/26/2024","2024-2025","RSV","6","West Pullman/Roseland","2024","0",,"0","Minimal","202443-6-RSV"
"202329","29","07/16/2023","07/22/2023","2022-2023","Influenza A","9","North Branch PS","2023","0",,"0","Minimal","202329-9-Influenza A"
"202523","23","06/01/2025","06/07/2025","2024-2025","Influenza A","10","Racine Ave PS","2025","13,837.5","10.14105763389","4.3","Low","202523-10-Influenza A"
"202402","2","01/07/2024","01/13/2024","2023-2024","RSV","6","West Pullman/Roseland","2024","44,025","10.64369936464","7.4","Moderate","202402-6-RSV"
"202352","52","12/24/2023","12/30/2023","2023-2024","Influenza B","4","Austin/Montclare","2023","1,987.5","9.29830713733","1","Minimal","202352-4-Influenza B"
"202546","46","11/09/2025","11/15/2025","2025-2026","SARS-CoV-2","999","All sites","2025","78,166.0714285714","10.89301828517","2.4","Low","202546-999-SARS-CoV-2"
"202547","47","11/16/2025","11/22/2025","2025-2026","SARS-CoV-2","4","Austin/Montclare","2025","76,012.5","10.88088501642","2.1","Low","202547-4-SARS-CoV-2"
"202423","23","06/02/2024","06/08/2024","2023-2024","Influenza B","999","All sites","2024","2,839.28571428571","9.45320909731","0","Minimal","202423-999-Influenza B"
"202525","25","06/15/2025","06/21/2025","2024-2025","RSV","11","125th St PS","2025","0",,"0","Minimal","202525-11-RSV"
"202319","19","05/07/2023","05/13/2023","2022-2023","SARS-CoV-2","8","Little Village","2023","195,825","11.29186813521","4.2","Moderate","202319-8-SARS-CoV-2"
"202347","47","11/19/2023","11/25/2023","2023-2024","RSV","5","Chicago Lawn/Ashburn","2023","82,987.5","10.91901268166","9.4","High","202347-5-RSV"
"202246","46","11/13/2022","11/19/2022","2022-2023","Influenza B","4","Austin/Montclare","2022","0",,"0","Minimal","202246-4-Influenza B"
"202511","11","03/09/2025","03/15/2025","2024-2025","SARS-CoV-2","6","West Pullman/Roseland","2025","0",,"0","Minimal","202511-6-SARS-CoV-2"
"202338","38","09/17/2023","09/23/2023","2022-2023","SARS-CoV-2","9","North Branch PS","2023","133,725","11.12621260657","2.5","Low","202338-9-SARS-CoV-2"
"202507","7","02/09/2025","02/15/2025","2024-2025","Influenza B","6","West Pullman/Roseland","2025","4,612.5","9.66393637917","2.2","Minimal","202507-6-Influenza B"
"202441","41","10/06/2024","10/12/2024","2024-2025","SARS-CoV-2","8","Little Village","2024","7,950","9.90036712866","0.7","Minimal","202441-8-SARS-CoV-2"
"202602","2","01/11/2026","01/17/2026","2025-2026","SARS-CoV-2","6","West Pullman/Roseland","2026","52,705.855","10.7218588629","3.6","Moderate","202602-6-SARS-CoV-2"
"202449","49","12/01/2024","12/07/2024","2024-2025","Influenza B","9","North Branch PS","2024","0",,"0","Minimal","202449-9-Influenza B"
"202548","48","11/23/2025","11/29/2025","2025-2026","Influenza A","6","West Pullman/Roseland","2025","0",,"0","Minimal","202548-6-Influenza A"
"202337","37","09/10/2023","09/16/2023","2022-2023","RSV","11","125th St PS","2023","3,900","9.59106460703","1.8","Minimal","202337-11-RSV"
"202550","50","12/07/2025","12/13/2025","2025-2026","Influenza A","5","Chicago Lawn/Ashburn","2025","14,775","10.16952748955","2.5","Minimal","202550-5-Influenza A"
"202411","11","03/10/2024","03/16/2024","2023-2024","SARS-CoV-2","11","125th St PS","2024","376,537.5","11.57580823481","14.4","Very High","202411-11-SARS-CoV-2"
"202244","44","10/30/2022","11/05/2022","2022-2023","Influenza A","5","Chicago Lawn/Ashburn","2022","8,100","9.90848501888","1.7","Minimal","202244-5-Influenza A"
"202409","9","02/25/2024","03/02/2024","2023-2024","Influenza A","10","Racine Ave PS","2024","76,050","10.88109921839","9.3","Moderate","202409-10-Influenza A"
"202537","37","09/07/2025","09/13/2025","2024-2025","Influenza A","5","Chicago Lawn/Ashburn","2025","1,950","9.29003461136","1","Minimal","202537-5-Influenza A"
"202520","20","05/11/2025","05/17/2025","2024-2025","RSV","9","North Branch PS","2025","0",,"0","Minimal","202520-9-RSV"
"202250","50","12/11/2022","12/17/2022","2022-2023","Influenza B","8","Little Village","2022","0",,"0","Minimal","202250-8-Influenza B"
"202518","18","04/27/2025","05/03/2025","2024-2025","RSV","9","North Branch PS","2025","0",,"0","Minimal","202518-9-RSV"
"202417","17","04/21/2024","04/27/2024","2023-2024","Influenza B","4","Austin/Montclare","2024","7,912.5","9.89831372303","2.4","Minimal","202417-4-Influenza B"
"202330","30","07/23/2023","07/29/2023","2022-2023","Influenza A","6","West Pullman/Roseland","2023","0",,"0","Minimal","202330-6-Influenza A"
"202331","31","07/30/2023","08/05/2023","2022-2023","SARS-CoV-2","8","Little Village","2023","537,750","11.73058041906","8.2","Very High","202331-8-SARS-CoV-2"
"202324","24","06/11/2023","06/17/2023","2022-2023","RSV","10","Racine Ave PS","2023","1,950","9.29003461136","1","Minimal","202324-10-RSV"
"202326","26","06/25/2023","07/01/2023","2022-2023","RSV","10","Racine Ave PS","2023","2,025","9.30642502755","1","Minimal","202326-10-RSV"
"202531","31","07/27/2025","08/02/2025","2024-2025","Influenza A","999","All sites","2025","0",,"0","Minimal","202531-999-Influenza A"
"202229","29","07/17/2022","07/23/2022","2021-2022","RSV","6","West Pullman/Roseland","2022",,,"0","Minimal","202229-6-RSV"
"202350","50","12/10/2023","12/16/2023","2023-2024","RSV","8","Little Village","2023","75,300","10.8767949762","9.1","High","202350-8-RSV"
"202539","39","09/21/2025","09/27/2025","2024-2025","Influenza B","11","125th St PS","2025","0",,"0","Minimal","202539-11-Influenza B"
"202347","47","11/19/2023","11/25/2023","2023-2024","RSV","11","125th St PS","2023","12,150","10.08457627793","4.7","Low","202347-11-RSV"
"202427","27","06/30/2024","07/06/2024","2023-2024","RSV","6","West Pullman/Roseland","2024","0",,"0","Minimal","202427-6-RSV"
"202531","31","07/27/2025","08/02/2025","2024-2025","Influenza B","6","West Pullman/Roseland","2025","0",,"0","Minimal","202531-6-Influenza B"
"202340","40","10/01/2023","10/07/2023","2023-2024","SARS-CoV-2","6","West Pullman/Roseland","2023","47,850","10.67988194211","3","Low","202340-6-SARS-CoV-2"
"202219","19","05/08/2022","05/14/2022","2021-2022","SARS-CoV-2","6","West Pullman/Roseland","2022","47,475","10.67646497341","3.3","Low","202219-6-SARS-CoV-2"
"202552","52","12/21/2025","12/27/2025","2025-2026","SARS-CoV-2","4","Austin/Montclare","2025","625,575","11.79627938459","8.4","Very High","202552-4-SARS-CoV-2"
"202403","3","01/14/2024","01/20/2024","2023-2024","Influenza B","9","North Branch PS","2024","0",,"0","Minimal","202403-9-Influenza B"
"202344","44","10/29/2023","11/04/2023","2023-2024","SARS-CoV-2","11","125th St PS","2023","14,287.5","10.1549562434","1.5","Minimal","202344-11-SARS-CoV-2"
"202347","47","11/19/2023","11/25/2023","2023-2024","SARS-CoV-2","10","Racine Ave PS","2023","384,487.5","11.5848822251","6","High","202347-10-SARS-CoV-2"
"202332","32","08/06/2023","08/12/2023","2022-2023","Influenza A","5","Chicago Lawn/Ashburn","2023","0",,"0","Minimal","202332-5-Influenza A"
"202250","50","12/11/2022","12/17/2022","2022-2023","Influenza A","6","West Pullman/Roseland","2022","40,575","10.6082585285","12.6","High","202250-6-Influenza A"
"202345","45","11/05/2023","11/11/2023","2023-2024","RSV","11","125th St PS","2023","110,250","11.04237859814","30.7","Very High","202345-11-RSV"
"202436","36","09/01/2024","09/07/2024","2023-2024","Influenza B","5","Chicago Lawn/Ashburn","2024","0",,"0","Minimal","202436-5-Influenza B"
"202431","31","07/28/2024","08/03/2024","2023-2024","Influenza B","4","Austin/Montclare","2024","0",,"0","Minimal","202431-4-Influenza B"
"202427","27","06/30/2024","07/06/2024","2023-2024","SARS-CoV-2","9","North Branch PS","2024","200,737.5","11.30262851111","3.5","Moderate","202427-9-SARS-CoV-2"
"202540","40","09/28/2025","10/04/2025","2025-2026","SARS-CoV-2","4","Austin/Montclare","2025","31,725","10.50140163077","1.2","Minimal","202540-4-SARS-CoV-2"
"202416","16","04/14/2024","04/20/2024","2023-2024","SARS-CoV-2","11","125th St PS","2024","64,312.5","10.80829539211","4.2","Moderate","202416-11-SARS-CoV-2"
"202425","25","06/16/2024","06/22/2024","2023-2024","Influenza B","9","North Branch PS","2024","0",,"0","Minimal","202425-9-Influenza B"
"202545","45","11/02/2025","11/08/2025","2025-2026","Influenza B","9","North Branch PS","2025","0",,"0","Minimal","202545-9-Influenza B"
"202332","32","08/06/2023","08/12/2023","2022-2023","Influenza B","11","125th St PS","2023","0",,"0","Minimal","202332-11-Influenza B"
"202240","40","10/02/2022","10/08/2022","2022-2023","Influenza B","999","All sites","2022",,,"0","Minimal","202240-999-Influenza B"
"202602","2","01/11/2026","01/17/2026","2025-2026","SARS-CoV-2","10","Racine Ave PS","2026","554,038.175","11.74353969004","9","Very High","202602-10-SARS-CoV-2"
"202444","44","10/27/2024","11/02/2024","2024-2025","RSV","11","125th St PS","2024","3,975","9.59933713299","1","Minimal","202444-11-RSV"
"202310","10","03/05/2023","03/11/2023","2022-2023","SARS-CoV-2","4","Austin/Montclare","2023","1,362,187.5","12.1342368907","13.3","Very High","202310-4-SARS-CoV-2"
"202429","29","07/14/2024","07/20/2024","2023-2024","SARS-CoV-2","10","Racine Ave PS","2024","75,300","10.8767949762","2.2","Low","202429-10-SARS-CoV-2"
"202231","31","07/31/2022","08/06/2022","2021-2022","SARS-CoV-2","6","West Pullman/Roseland","2022","409,275","11.61201521717","14","Very High","202231-6-SARS-CoV-2"
"202441","41","10/06/2024","10/12/2024","2024-2025","RSV","11","125th St PS","2024","0",,"0","Minimal","202441-11-RSV"
"202333","33","08/13/2023","08/19/2023","2022-2023","SARS-CoV-2","9","North Branch PS","2023","897,150","11.95286506147","11","Very High","202333-9-SARS-CoV-2"
"202341","41","10/08/2023","10/14/2023","2023-2024","Influenza B","5","Chicago Lawn/Ashburn","2023","0",,"0","Minimal","202341-5-Influenza B"
"202546","46","11/09/2025","11/15/2025","2025-2026","Influenza A","6","West Pullman/Roseland","2025","7,537.5","9.87722732515","4.3","Low","202546-6-Influenza A"
"202230","30","07/24/2022","07/30/2022","2021-2022","Influenza B","999","All sites","2022",,,"0","Minimal","202230-999-Influenza B"
"202342","42","10/15/2023","10/21/2023","2023-2024","Influenza A","11","125th St PS","2023","1,987.5","9.29830713733","1","Minimal","202342-11-Influenza A"
"202550","50","12/07/2025","12/13/2025","2025-2026","SARS-CoV-2","5","Chicago Lawn/Ashburn","2025","393,150","11.59455828","7.2","High","202550-5-SARS-CoV-2"
"202344","44","10/29/2023","11/04/2023","2023-2024","RSV","999","All sites","2023","37,548.2142857143","10.5745892877","0","Minimal","202344-999-RSV"
"202335","35","08/27/2023","09/02/2023","2022-2023","RSV","8","Little Village","2023","1,827.5","9.26185738563","0.9","Minimal","202335-8-RSV"
"202344","44","10/29/2023","11/04/2023","2023-2024","Influenza B","6","West Pullman/Roseland","2023","0",,"0","Minimal","202344-6-Influenza B"
"202333","33","08/13/2023","08/19/2023","2022-2023","Influenza A","999","All sites","2023","1,425","9.15381486434","0","Minimal","202333-999-Influenza A"
"202525","25","06/15/2025","06/21/2025","2024-2025","SARS-CoV-2","10","Racine Ave PS","2025","65,362.5","10.81532865484","2","Minimal","202525-10-SARS-CoV-2"
"202330","30","07/23/2023","07/29/2023","2022-2023","RSV","11","125th St PS","2023","3,862.5","9.58686849243","1.8","Minimal","202330-11-RSV"
"202508","8","02/16/2025","02/22/2025","2024-2025","SARS-CoV-2","4","Austin/Montclare","2025","509,475","11.70712287798","7","High","202508-4-SARS-CoV-2"
"202426","26","06/23/2024","06/29/2024","2023-2024","RSV","10","Racine Ave PS","2024","1,987.5","9.29830713733","1","Minimal","202426-10-RSV"
"202424","24","06/09/2024","06/15/2024","2023-2024","Influenza A","8","Little Village","2024","37,987.5","10.57964071309","5.6","Low","202424-8-Influenza A"
"202401","1","12/31/2023","01/06/2024","2023-2024","Influenza A","6","West Pullman/Roseland","2024","86,437.5","10.93670219745","28.3","Very High","202401-6-Influenza A"
"202330","30","07/23/2023","07/29/2023","2022-2023","RSV","10","Racine Ave PS","2023","1,987.5","9.29830713733","1","Minimal","202330-10-RSV"
"202427","27","06/30/2024","07/06/2024","2023-2024","RSV","10","Racine Ave PS","2024","0",,"0","Minimal","202427-10-RSV"
"202414","14","03/31/2024","04/06/2024","2023-2024","Influenza B","9","North Branch PS","2024","9,975","9.99891290436","2.4","Minimal","202414-9-Influenza B"
"202603","3","01/18/2026","01/24/2026","2025-2026","Influenza A","10","Racine Ave PS","2026","72,336.510228464","10.85935755301","9","Moderate","202603-10-Influenza A"
"202510","10","03/02/2025","03/08/2025","2024-2025","Influenza A","4","Austin/Montclare","2025","86,250","10.93575910375","9.2","Moderate","202510-4-Influenza A"
"202531","31","07/27/2025","08/02/2025","2024-2025","RSV","10","Racine Ave PS","2025","0",,"0","Minimal","202531-10-RSV"
"202511","11","03/09/2025","03/15/2025","2024-2025","Influenza A","999","All sites","2025","76,301.7857142857","10.882534702","0","Minimal","202511-999-Influenza A"
"202502","2","01/05/2025","01/11/2025","2024-2025","Influenza B","4","Austin/Montclare","2025","0",,"0","Minimal","202502-4-Influenza B"
"202516","16","04/13/2025","04/19/2025","2024-2025","Influenza B","6","West Pullman/Roseland","2025","0",,"0","Minimal","202516-6-Influenza B"
"202242","42","10/16/2022","10/22/2022","2022-2023","RSV","999","All sites","2022",,,"0","Minimal","202242-999-RSV"
"202410","10","03/03/2024","03/09/2024","2023-2024","Influenza A","11","125th St PS","2024","22,762.5","10.3572199588","3.7","Low","202410-11-Influenza A"
"202317","17","04/23/2023","04/29/2023","2022-2023","RSV","4","Austin/Montclare","2023","0",,"0","Minimal","202317-4-RSV"
"202518","18","04/27/2025","05/03/2025","2024-2025","Influenza A","10","Racine Ave PS","2025","7,950","9.90036712866","1.7","Minimal","202518-10-Influenza A"
"202522","22","05/25/2025","05/31/2025","2024-2025","RSV","11","125th St PS","2025","0",,"0","Minimal","202522-11-RSV"
"202502","2","01/05/2025","01/11/2025","2024-2025","Influenza A","11","125th St PS","2025","329,025","11.5172288978","26.3","Very High","202502-11-Influenza A"
"202435","35","08/25/2024","08/31/2024","2023-2024","Influenza B","6","West Pullman/Roseland","2024","0",,"0","Minimal","202435-6-Influenza B"
"202221","21","05/22/2022","05/28/2022","2021-2022","Influenza A","4","Austin/Montclare","2022",,,"0","Minimal","202221-4-Influenza A"
"202446","46","11/10/2024","11/16/2024","2024-2025","SARS-CoV-2","5","Chicago Lawn/Ashburn","2024","41,512.5","10.61817888861","1.7","Minimal","202446-5-SARS-CoV-2"
"202251","51","12/18/2022","12/24/2022","2022-2023","SARS-CoV-2","6","West Pullman/Roseland","2022","1,892,625","12.27706457246","39.2","Very High","202251-6-SARS-CoV-2"
"202530","30","07/20/2025","07/26/2025","2024-2025","RSV","6","West Pullman/Roseland","2025","0",,"0","Minimal","202530-6-RSV"
"202449","49","12/01/2024","12/07/2024","2024-2025","RSV","8","Little Village","2024","27,600","10.44090908207","4.3","Low","202449-8-RSV"
"202342","42","10/15/2023","10/21/2023","2023-2024","SARS-CoV-2","6","West Pullman/Roseland","2023","22,237.5","10.34708596109","3.2","Low","202342-6-SARS-CoV-2"
"202429","29","07/14/2024","07/20/2024","2023-2024","Influenza B","999","All sites","2024","0",,"0","Minimal","202429-999-Influenza B"
"202505","5","01/26/2025","02/01/2025","2024-2025","RSV","8","Little Village","2025","37,650","10.57576498054","5.5","Moderate","202505-8-RSV"
"202520","20","05/11/2025","05/17/2025","2024-2025","RSV","6","West Pullman/Roseland","2025","1,950","9.29003461136","1","Minimal","202520-6-RSV"
"202537","37","09/07/2025","09/13/2025","2024-2025","SARS-CoV-2","999","All sites","2025","112,167.857142857","11.04986842318","3.1","Low","202537-999-SARS-CoV-2"
"202428","28","07/07/2024","07/13/2024","2023-2024","RSV","6","West Pullman/Roseland","2024","0",,"0","Minimal","202428-6-RSV"
"202348","48","11/26/2023","12/02/2023","2023-2024","SARS-CoV-2","4","Austin/Montclare","2023","1,699,875","12.23041698679","15.7","Very High","202348-4-SARS-CoV-2"
"202425","25","06/16/2024","06/22/2024","2023-2024","SARS-CoV-2","8","Little Village","2024","670,725","11.82654449414","10.3","Very High","202425-8-SARS-CoV-2"
"202337","37","09/10/2023","09/16/2023","2022-2023","Influenza B","4","Austin/Montclare","2023","0",,"0","Minimal","202337-4-Influenza B"
"202428","28","07/07/2024","07/13/2024","2023-2024","Influenza B","5","Chicago Lawn/Ashburn","2024","0",,"0","Minimal","202428-5-Influenza B"
"202603","3","01/18/2026","01/24/2026","2025-2026","Influenza B","8","Little Village","2026","0",,"0","Minimal","202603-8-Influenza B"
"202401","1","12/31/2023","01/06/2024","2023-2024","SARS-CoV-2","11","125th St PS","2024","877,012.5","11.94300578338","24","Very High","202401-11-SARS-CoV-2"
"202427","27","06/30/2024","07/06/2024","2023-2024","SARS-CoV-2","4","Austin/Montclare","2024","51,825","10.71453931077","1.7","Minimal","202427-4-SARS-CoV-2"
"202537","37","09/07/2025","09/13/2025","2024-2025","Influenza A","999","All sites","2025","1,875","9.27300127206","0","Minimal","202537-999-Influenza A"
"202437","37","09/08/2024","09/14/2024","2023-2024","RSV","9","North Branch PS","2024","0",,"0","Minimal","202437-9-RSV"
"202519","19","05/04/2025","05/10/2025","2024-2025","RSV","999","All sites","2025","2,175","9.33745926129","0","Minimal","202519-999-RSV"
"202537","37","09/07/2025","09/13/2025","2024-2025","Influenza B","999","All sites","2025","1,441.07142857143","9.15868550772","0","Minimal","202537-999-Influenza B"
"202210","10","03/06/2022","03/12/2022","2021-2022","Influenza B","4","Austin/Montclare","2022",,,"0","Minimal","202210-4-Influenza B"
"202346","46","11/12/2023","11/18/2023","2023-2024","RSV","9","North Branch PS","2023","290,737.5","11.4635010517","24.2","Very High","202346-9-RSV"
"202551","51","12/14/2025","12/20/2025","2025-2026","RSV","999","All sites","2025","5,921.81169910634","9.77245459364","1.4","Minimal","202551-999-RSV"
"202312","12","03/19/2023","03/25/2023","2022-2023","Influenza A","5","Chicago Lawn/Ashburn","2023","0",,"0","Minimal","202312-5-Influenza A"
"202601","1","01/04/2026","01/10/2026","2025-2026","SARS-CoV-2","5","Chicago Lawn/Ashburn","2026","461,754.885","11.66441149863","8","Very High","202601-5-SARS-CoV-2"
"202449","49","12/01/2024","12/07/2024","2024-2025","Influenza B","6","West Pullman/Roseland","2024","0",,"0","Minimal","202449-6-Influenza B"
"202346","46","11/12/2023","11/18/2023","2023-2024","SARS-CoV-2","9","North Branch PS","2023","1,893,000","12.27715061396","19.4","Very High","202346-9-SARS-CoV-2"
"202435","35","08/25/2024","08/31/2024","2023-2024","SARS-CoV-2","999","All sites","2024","138,675","11.14199817455","3.8","Moderate","202435-999-SARS-CoV-2"
"202351","51","12/17/2023","12/23/2023","2023-2024","Influenza A","8","Little Village","2023","97,987.5","10.99117067746","11.5","High","202351-8-Influenza A"
"202309","9","02/26/2023","03/04/2023","2022-2023","SARS-CoV-2","999","All sites","2023","382,556.25","11.58269530163","7.4","High","202309-999-SARS-CoV-2"
"202319","19","05/07/2023","05/13/2023","2022-2023","Influenza B","10","Racine Ave PS","2023","2,062.5","9.31439395722","1","Minimal","202319-10-Influenza B"
"202349","49","12/03/2023","12/09/2023","2023-2024","Influenza A","10","Racine Ave PS","2023","86,550","10.93726707221","17.3","High","202349-10-Influenza A"
"202435","35","08/25/2024","08/31/2024","2023-2024","Influenza B","8","Little Village","2024","0",,"0","Minimal","202435-8-Influenza B"
"202305","5","01/29/2023","02/04/2023","2022-2023","SARS-CoV-2","999","All sites","2023","506,446.875","11.70453389569","9.4","Very High","202305-999-SARS-CoV-2"
"202324","24","06/11/2023","06/17/2023","2022-2023","Influenza B","999","All sites","2023","0",,"0","Minimal","202324-999-Influenza B"
"202402","2","01/07/2024","01/13/2024","2023-2024","Influenza A","10","Racine Ave PS","2024","113,137.5","11.0536065779","11.8","High","202402-10-Influenza A"
"202352","52","12/24/2023","12/30/2023","2023-2024","Influenza A","4","Austin/Montclare","2023","111,225","11.04620241442","10.7","Moderate","202352-4-Influenza A"
"202547","47","11/16/2025","11/22/2025","2025-2026","RSV","11","125th St PS","2025","3,787.5","9.57835264151","1","Minimal","202547-11-RSV"
"202449","49","12/01/2024","12/07/2024","2024-2025","Influenza B","4","Austin/Montclare","2024","0",,"0","Minimal","202449-4-Influenza B"
"202448","48","11/24/2024","11/30/2024","2024-2025","Influenza B","6","West Pullman/Roseland","2024","0",,"0","Minimal","202448-6-Influenza B"
"202515","15","04/06/2025","04/12/2025","2024-2025","Influenza B","11","125th St PS","2025","0",,"0","Minimal","202515-11-Influenza B"
"202512","12","03/16/2025","03/22/2025","2024-2025","RSV","10","Racine Ave PS","2025","95,062.5","10.9780092314","12.5","Very High","202512-10-RSV"
"202539","39","09/21/2025","09/27/2025","2024-2025","Influenza A","6","West Pullman/Roseland","2025","0",,"0","Minimal","202539-6-Influenza A"
"202404","4","01/21/2024","01/27/2024","2023-2024","RSV","999","All sites","2024","89,539.2857142857","10.95201362554","10.2","High","202404-999-RSV"
"202526","26","06/22/2025","06/28/2025","2024-2025","RSV","4","Austin/Montclare","2025","0",,"0","Minimal","202526-4-RSV"
"202352","52","12/24/2023","12/30/2023","2023-2024","SARS-CoV-2","999","All sites","2023","800,694.642857143","11.90346692282","11.6","Very High","202352-999-SARS-CoV-2"
"202601","1","01/04/2026","01/10/2026","2025-2026","SARS-CoV-2","4","Austin/Montclare","2026","588,272.445","11.76957850628","8","Very High","202601-4-SARS-CoV-2"
"202219","19","05/08/2022","05/14/2022","2021-2022","Influenza B","5","Chicago Lawn/Ashburn","2022",,,"0","Minimal","202219-5-Influenza B"
"202216","16","04/17/2022","04/23/2022","2021-2022","Influenza A","4","Austin/Montclare","2022",,,"0","Minimal","202216-4-Influenza A"
"202251","51","12/18/2022","12/24/2022","2022-2023","RSV","6","West Pullman/Roseland","2022",,,"0","Minimal","202251-6-RSV"
"202443","43","10/20/2024","10/26/2024","2024-2025","Influenza A","11","125th St PS","2024","0",,"0","Minimal","202443-11-Influenza A"
"202314","14","04/02/2023","04/08/2023","2022-2023","Influenza B","6","West Pullman/Roseland","2023","0",,"0","Minimal","202314-6-Influenza B"
"202309","9","02/26/2023","03/04/2023","2022-2023","RSV","999","All sites","2023",,,"0","Minimal","202309-999-RSV"
"202413","13","03/24/2024","03/30/2024","2023-2024","Influenza B","9","North Branch PS","2024","13,837.5","10.14105763389","3.4","Low","202413-9-Influenza B"
"202547","47","11/16/2025","11/22/2025","2025-2026","Influenza B","6","West Pullman/Roseland","2025","0",,"0","Minimal","202547-6-Influenza B"
"202243","43","10/23/2022","10/29/2022","2022-2023","SARS-CoV-2","8","Little Village","2022","46,462.5","10.6671025741","1.6","Minimal","202243-8-SARS-CoV-2"
"202604","4","01/25/2026","01/31/2026","2025-2026","SARS-CoV-2","5","Chicago Lawn/Ashburn","2026","234,253.5","11.36968608844","5.3","Moderate","202604-5-SARS-CoV-2"
"202604","4","01/25/2026","01/31/2026","2025-2026","RSV","9","North Branch PS","2026","50,870.085654509","10.70646246889","6.6","Moderate","202604-9-RSV"
"202604","4","01/25/2026","01/31/2026","2025-2026","Influenza A","5","Chicago Lawn/Ashburn","2026","61,122.9633149135","10.7862044012","7.1","Moderate","202604-5-Influenza A"
"202604","4","01/25/2026","01/31/2026","2025-2026","Influenza B","10","Racine Ave PS","2026","3,736.19202238885","9.57242918879","2.1","Minimal","202604-10-Influenza B"
"202604","4","01/25/2026","01/31/2026","2025-2026","Influenza B","5","Chicago Lawn/Ashburn","2026","0",,"0","Minimal","202604-5-Influenza B"
"202604","4","01/25/2026","01/31/2026","2025-2026","Influenza A","10","Racine Ave PS","2026","28,398.3016781045","10.45329236843","4.3","Low","202604-10-Influenza A"
"202604","4","01/25/2026","01/31/2026","2025-2026","SARS-CoV-2","9","North Branch PS","2026","771,446.16","11.88730562161","9.8","Very High","202604-9-SARS-CoV-2"
"202604","4","01/25/2026","01/31/2026","2025-2026","Influenza A","4","Austin/Montclare","2026","31,888.4163355685","10.50363295155","4.5","Low","202604-4-Influenza A"
"202604","4","01/25/2026","01/31/2026","2025-2026","SARS-CoV-2","6","West Pullman/Roseland","2026","75,452.38","10.87767294331","4.5","Moderate","202604-6-SARS-CoV-2"
"202604","4","01/25/2026","01/31/2026","2025-2026","SARS-CoV-2","4","Austin/Montclare","2026","307,414.435","11.48772425644","5.2","Moderate","202604-4-SARS-CoV-2"
"202604","4","01/25/2026","01/31/2026","2025-2026","Influenza A","9","North Branch PS","2026","74,128.172937475","10.86998329605","9.8","Moderate","202604-9-Influenza A"
"202604","4","01/25/2026","01/31/2026","2025-2026","SARS-CoV-2","10","Racine Ave PS","2026","258,118.515","11.41181915787","5.6","High","202604-10-SARS-CoV-2"
"202604","4","01/25/2026","01/31/2026","2025-2026","SARS-CoV-2","999","All sites","2026","297,953.532857143","11.47414853925","6.3","High","202604-999-SARS-CoV-2"
"202604","4","01/25/2026","01/31/2026","2025-2026","Influenza A","6","West Pullman/Roseland","2026","27,543.9014257675","10.44002545544","8.2","Moderate","202604-6-Influenza A"
"202604","4","01/25/2026","01/31/2026","2025-2026","Influenza B","9","North Branch PS","2026","2,051.5043672891","9.31207244584","1","Minimal","202604-9-Influenza B"
"202604","4","01/25/2026","01/31/2026","2025-2026","Influenza B","8","Little Village","2026","1,991.2243641834","9.29912019756","1","Minimal","202604-8-Influenza B"
"202604","4","01/25/2026","01/31/2026","2025-2026","RSV","999","All sites","2026","36,518.4005091061","10.56251174736","4.8","Low","202604-999-RSV"
"202604","4","01/25/2026","01/31/2026","2025-2026","Influenza B","6","West Pullman/Roseland","2026","1,883.4927794113","9.27496395962","1","Minimal","202604-6-Influenza B"
"202604","4","01/25/2026","01/31/2026","2025-2026","SARS-CoV-2","8","Little Village","2026","269,657.27","11.43081213343","5.4","High","202604-8-SARS-CoV-2"
"202604","4","01/25/2026","01/31/2026","2025-2026","Influenza B","999","All sites","2026","1,670.1333656402","9.22275115237","0","Minimal","202604-999-Influenza B"
"202604","4","01/25/2026","01/31/2026","2025-2026","Influenza B","4","Austin/Montclare","2026","2,028.52002620875","9.30717929956","1","Minimal","202604-4-Influenza B"
"202604","4","01/25/2026","01/31/2026","2025-2026","Influenza A","8","Little Village","2026","48,057.3648835165","10.68175995357","6.4","Moderate","202604-8-Influenza A"
"202604","4","01/25/2026","01/31/2026","2025-2026","RSV","10","Racine Ave PS","2026","21,171.0939281825","10.32574329896","3.8","Low","202604-10-RSV"
"202604","4","01/25/2026","01/31/2026","2025-2026","Influenza A","999","All sites","2026","41,755.5541913498","10.62071425214","6.3","Moderate","202604-999-Influenza A"
"202604","4","01/25/2026","01/31/2026","2025-2026","Influenza B","11","125th St PS","2026","0",,"0","Minimal","202604-11-Influenza B"
"202604","4","01/25/2026","01/31/2026","2025-2026","RSV","5","Chicago Lawn/Ashburn","2026","19,719.504902603","10.29489600692","3.2","Low","202604-5-RSV"
"202604","4","01/25/2026","01/31/2026","2025-2026","RSV","11","125th St PS","2026","14,723.1080624172","10.16799949967","2.9","Low","202604-11-RSV"
"202604","4","01/25/2026","01/31/2026","2025-2026","Influenza A","11","125th St PS","2026","21,149.758764103","10.32530541814","3.5","Low","202604-11-Influenza A"
"202604","4","01/25/2026","01/31/2026","2025-2026","RSV","6","West Pullman/Roseland","2026","8,036.3439385863","9.90505851536","1.8","Minimal","202604-6-RSV"
"202604","4","01/25/2026","01/31/2026","2025-2026","RSV","4","Austin/Montclare","2026","81,214.559248912","10.90963389174","8.5","High","202604-4-RSV"
"202604","4","01/25/2026","01/31/2026","2025-2026","SARS-CoV-2","11","125th St PS","2026","169,332.47","11.22874024334","8","Very High","202604-11-SARS-CoV-2"
"202605","5","02/01/2026","02/07/2026","2025-2026","SARS-CoV-2","11","125th St PS","2026","901,957.72","11.95518618011","24","Very High","202605-11-SARS-CoV-2"
"202605","5","02/01/2026","02/07/2026","2025-2026","RSV","5","Chicago Lawn/Ashburn","2026","32,069.3186450395","10.50608973287","4.6","Low","202605-5-RSV"
"202605","5","02/01/2026","02/07/2026","2025-2026","Influenza A","5","Chicago Lawn/Ashburn","2026","48,390.8118039925","10.68476290789","6","Low","202605-5-Influenza A"
"202605","5","02/01/2026","02/07/2026","2025-2026","Influenza A","11","125th St PS","2026","12,316.7553732525","10.09049631586","2.2","Minimal","202605-11-Influenza A"
"202605","5","02/01/2026","02/07/2026","2025-2026","Influenza B","8","Little Village","2026","14,751.5250992485","10.16883692255","6.2","Low","202605-8-Influenza B"
"202605","5","02/01/2026","02/07/2026","2025-2026","RSV","10","Racine Ave PS","2026","24,406.3379157845","10.38750261996","7.3","Moderate","202605-10-RSV"
"202605","5","02/01/2026","02/07/2026","2025-2026","Influenza A","8","Little Village","2026","20,980.8477708355","10.3218230327","3.5","Low","202605-8-Influenza A"
"202605","5","02/01/2026","02/07/2026","2025-2026","SARS-CoV-2","9","North Branch PS","2026","380,585.445","11.58045217524","5.7","High","202605-9-SARS-CoV-2"
"202605","5","02/01/2026","02/07/2026","2025-2026","Influenza B","10","Racine Ave PS","2026","0",,"0","Minimal","202605-10-Influenza B"
"202605","5","02/01/2026","02/07/2026","2025-2026","Influenza A","6","West Pullman/Roseland","2026","12,381.828593936","10.09278478763","3.4","Low","202605-6-Influenza A"
"202605","5","02/01/2026","02/07/2026","2025-2026","Influenza B","4","Austin/Montclare","2026","7,866.7497368848","9.89579533428","2.4","Minimal","202605-4-Influenza B"
"202605","5","02/01/2026","02/07/2026","2025-2026","RSV","11","125th St PS","2026","6,241.53864587615","9.79529166389","1.5","Minimal","202605-11-RSV"
"202605","5","02/01/2026","02/07/2026","2025-2026","Influenza B","9","North Branch PS","2026","9,478.31999743115","9.97673136682","2.3","Minimal","202605-9-Influenza B"
"202605","5","02/01/2026","02/07/2026","2025-2026","RSV","6","West Pullman/Roseland","2026","6,243.0654175984","9.79539788568","1.4","Minimal","202605-6-RSV"
"202605","5","02/01/2026","02/07/2026","2025-2026","RSV","4","Austin/Montclare","2026","573,287.680864024","11.7583726095","34.5","Very High","202605-4-RSV"
"202605","5","02/01/2026","02/07/2026","2025-2026","SARS-CoV-2","8","Little Village","2026","161,921.395","11.20930423675","3.8","Moderate","202605-8-SARS-CoV-2"
"202605","5","02/01/2026","02/07/2026","2025-2026","RSV","999","All sites","2026","101,006.877269257","11.00435094466","8.4","High","202605-999-RSV"
"202605","5","02/01/2026","02/07/2026","2025-2026","SARS-CoV-2","5","Chicago Lawn/Ashburn","2026","375,992.76","11.57517948237","7","High","202605-5-SARS-CoV-2"
"202605","5","02/01/2026","02/07/2026","2025-2026","Influenza B","11","125th St PS","2026","0",,"0","Minimal","202605-11-Influenza B"
"202605","5","02/01/2026","02/07/2026","2025-2026","RSV","8","Little Village","2026","29,506.5762337937","10.4699188195","4.3","Low","202605-8-RSV"
"202605","5","02/01/2026","02/07/2026","2025-2026","Influenza A","9","North Branch PS","2026","107,398.100149025","11.03099659885","12.7","High","202605-9-Influenza A"
"202605","5","02/01/2026","02/07/2026","2025-2026","RSV","9","North Branch PS","2026","35,293.623162684","10.54769624433","5.1","Low","202605-9-RSV"
"202605","5","02/01/2026","02/07/2026","2025-2026","Influenza B","6","West Pullman/Roseland","2026","0",,"0","Minimal","202605-6-Influenza B"
"202605","5","02/01/2026","02/07/2026","2025-2026","SARS-CoV-2","4","Austin/Montclare","2026","173,956.4","11.24044041143","3.6","Moderate","202605-4-SARS-CoV-2"
"202605","5","02/01/2026","02/07/2026","2025-2026","Influenza B","5","Chicago Lawn/Ashburn","2026","2,027.59173672095","9.30698051262","1","Minimal","202605-5-Influenza B"
"202605","5","02/01/2026","02/07/2026","2025-2026","SARS-CoV-2","6","West Pullman/Roseland","2026","93,060.37","10.96876477492","5.2","Moderate","202605-6-SARS-CoV-2"
"202605","5","02/01/2026","02/07/2026","2025-2026","Influenza A","4","Austin/Montclare","2026","43,568.163333801","10.63916925214","5.6","Low","202605-4-Influenza A"
"202605","5","02/01/2026","02/07/2026","2025-2026","Influenza B","999","All sites","2026","4,874.88379575506","9.68796426773","0","Minimal","202605-999-Influenza B"
"202606","6","02/08/2026","02/14/2026","2025-2026","Influenza A","5","Chicago Lawn/Ashburn","2026","78,686.8556804165","10.89590219129","8.2","Moderate","202606-5-Influenza A"
"202606","6","02/08/2026","02/14/2026","2025-2026","RSV","10","Racine Ave PS","2026","109,256.550336271","11.03844748399","13.1","Very High","202606-10-RSV"
"202606","6","02/08/2026","02/14/2026","2025-2026","RSV","9","North Branch PS","2026","106,819.488138207","11.02865049257","10.4","High","202606-9-RSV"
"202606","6","02/08/2026","02/14/2026","2025-2026","Influenza B","6","West Pullman/Roseland","2026","1,998.0697849077","9.30061065239","1","Minimal","202606-6-Influenza B"
"202606","6","02/08/2026","02/14/2026","2025-2026","Influenza B","10","Racine Ave PS","2026","3,813.19421531385","9.58128892552","2.1","Minimal","202606-10-Influenza B"
"202605","5","02/01/2026","02/07/2026","2025-2026","Influenza A","999","All sites","2026","37,332.808889137","10.57209066711","5.2","Low","202605-999-Influenza A"
"202606","6","02/08/2026","02/14/2026","2025-2026","Influenza B","5","Chicago Lawn/Ashburn","2026","0",,"0","Minimal","202606-5-Influenza B"
"202606","6","02/08/2026","02/14/2026","2025-2026","SARS-CoV-2","11","125th St PS","2026","112,206.815","11.05001923506","6.2","High","202606-11-SARS-CoV-2"
"202606","6","02/08/2026","02/14/2026","2025-2026","RSV","8","Little Village","2026","454,514.581804505","11.65754782088","35","Very High","202606-8-RSV"
"202606","6","02/08/2026","02/14/2026","2025-2026","Influenza B","9","North Branch PS","2026","13,775.258346728","10.13909975253","3.4","Low","202606-9-Influenza B"
"202606","6","02/08/2026","02/14/2026","2025-2026","Influenza B","8","Little Village","2026","6,359.11996182655","9.80339701782","1.9","Minimal","202606-8-Influenza B"
"202606","6","02/08/2026","02/14/2026","2025-2026","RSV","5","Chicago Lawn/Ashburn","2026","33,186.482623338","10.52096122474","4.8","Low","202606-5-RSV"
"202606","6","02/08/2026","02/14/2026","2025-2026","Influenza A","8","Little Village","2026","77,737.667031793","10.89063150297","9.4","Moderate","202606-8-Influenza A"
"202606","6","02/08/2026","02/14/2026","2025-2026","Influenza A","9","North Branch PS","2026","39,686.4619085457","10.59864238281","6","Low","202606-9-Influenza A"
"202606","6","02/08/2026","02/14/2026","2025-2026","SARS-CoV-2","5","Chicago Lawn/Ashburn","2026","305,731.565","11.48534027941","6.2","High","202606-5-SARS-CoV-2"
"202606","6","02/08/2026","02/14/2026","2025-2026","SARS-CoV-2","9","North Branch PS","2026","318,299.63","11.50283613379","5","Moderate","202606-9-SARS-CoV-2"
"202606","6","02/08/2026","02/14/2026","2025-2026","Influenza A","999","All sites","2026","44,728.6746267247","10.65058602961","5.9","Low","202606-999-Influenza A"
"202606","6","02/08/2026","02/14/2026","2025-2026","RSV","999","All sites","2026","105,393.575705323","11.02281413914","10","High","202606-999-RSV"
"202606","6","02/08/2026","02/14/2026","2025-2026","SARS-CoV-2","4","Austin/Montclare","2026","150,846.77","11.1785360153","3.3","Low","202606-4-SARS-CoV-2"
"202605","5","02/01/2026","02/07/2026","2025-2026","SARS-CoV-2","999","All sites","2026","327,131.556428571","11.51472243994","7.7","High","202605-999-SARS-CoV-2"
"202605","5","02/01/2026","02/07/2026","2025-2026","Influenza A","10","Racine Ave PS","2026","16,293.1551991163","10.21200519437","2.7","Minimal","202605-10-Influenza A"
"202606","6","02/08/2026","02/14/2026","2025-2026","SARS-CoV-2","6","West Pullman/Roseland","2026","149,407.62","11.17437274768","7.1","High","202606-6-SARS-CoV-2"
"202606","6","02/08/2026","02/14/2026","2025-2026","Influenza A","6","West Pullman/Roseland","2026","9,937.34245365195","9.99727025643","2.8","Low","202606-6-Influenza A"
"202606","6","02/08/2026","02/14/2026","2025-2026","SARS-CoV-2","10","Racine Ave PS","2026","264,235.685","11.42199146866","5.5","High","202606-10-SARS-CoV-2"
"202606","6","02/08/2026","02/14/2026","2025-2026","SARS-CoV-2","999","All sites","2026","210,794.64","11.32385956362","5.3","Moderate","202606-999-SARS-CoV-2"
"202606","6","02/08/2026","02/14/2026","2025-2026","RSV","4","Austin/Montclare","2026","7,933.2768645493","9.89945261106","1.6","Minimal","202606-4-RSV"
"202606","6","02/08/2026","02/14/2026","2025-2026","Influenza B","999","All sites","2026","3,999.44139664349","9.6019993375","0","Minimal","202606-999-Influenza B"
"202606","6","02/08/2026","02/14/2026","2025-2026","Influenza B","11","125th St PS","2026","2,050.44746772835","9.31184864718","1","Minimal","202606-11-Influenza B"
"202606","6","02/08/2026","02/14/2026","2025-2026","SARS-CoV-2","8","Little Village","2026","174,834.395","11.24262687503","4","Moderate","202606-8-SARS-CoV-2"
"202606","6","02/08/2026","02/14/2026","2025-2026","Influenza A","4","Austin/Montclare","2026","35,705.015188678","10.55272922216","4.9","Low","202606-4-Influenza A"
"202605","5","02/01/2026","02/07/2026","2025-2026","SARS-CoV-2","10","Racine Ave PS","2026","202,446.805","11.30631092716","4.7","Moderate","202605-10-SARS-CoV-2"
"202606","6","02/08/2026","02/14/2026","2025-2026","RSV","11","125th St PS","2026","14,269.70039704","10.15441485488","3","Low","202606-11-RSV"
"202606","6","02/08/2026","02/14/2026","2025-2026","RSV","6","West Pullman/Roseland","2026","11,774.9497733485","10.0709590633","2.4","Minimal","202606-6-RSV"
"202606","6","02/08/2026","02/14/2026","2025-2026","Influenza B","4","Austin/Montclare","2026","0",,"0","Minimal","202606-4-Influenza B"
"202606","6","02/08/2026","02/14/2026","2025-2026","Influenza A","10","Racine Ave PS","2026","48,958.205959631","10.689825495","6.6","Moderate","202606-10-Influenza A"
"202607","7","02/15/2026","02/21/2026","2025-2026","Influenza B","5","Chicago Lawn/Ashburn","2026","26,515.245339167","10.4234956499","5.1","Low","202607-5-Influenza B"
"202607","7","02/15/2026","02/21/2026","2025-2026","Influenza B","4","Austin/Montclare","2026","18,961.158250685","10.27786486288","7","Moderate","202607-4-Influenza B"
"202607","7","02/15/2026","02/21/2026","2025-2026","Influenza A","999","All sites","2026","46,057.1084621086","10.66329666879","6.1","Low","202607-999-Influenza A"
"202607","7","02/15/2026","02/21/2026","2025-2026","Influenza A","5","Chicago Lawn/Ashburn","2026","63,646.007221193","10.80377116374","7.4","Moderate","202607-5-Influenza A"
"202607","7","02/15/2026","02/21/2026","2025-2026","RSV","11","125th St PS","2026","38,417.772630017","10.58453218191","6.9","Moderate","202607-11-RSV"
"202607","7","02/15/2026","02/21/2026","2025-2026","SARS-CoV-2","10","Racine Ave PS","2026","245,160.17","11.38944991383","5.4","High","202607-10-SARS-CoV-2"
"202607","7","02/15/2026","02/21/2026","2025-2026","Influenza A","4","Austin/Montclare","2026","43,298.8426747705","10.63647628835","5.5","Low","202607-4-Influenza A"
"202607","7","02/15/2026","02/21/2026","2025-2026","RSV","999","All sites","2026","55,194.8987759028","10.74189894121","7.6","Moderate","202607-999-RSV"
"202607","7","02/15/2026","02/21/2026","2025-2026","SARS-CoV-2","9","North Branch PS","2026","279,321.6","11.44610452109","4.4","Moderate","202607-9-SARS-CoV-2"
"202607","7","02/15/2026","02/21/2026","2025-2026","SARS-CoV-2","8","Little Village","2026","367,892.055","11.56572040891","6.9","High","202607-8-SARS-CoV-2"
"202607","7","02/15/2026","02/21/2026","2025-2026","RSV","10","Racine Ave PS","2026","47,928.704230155","10.68059568784","7.2","Moderate","202607-10-RSV"
"202607","7","02/15/2026","02/21/2026","2025-2026","Influenza B","10","Racine Ave PS","2026","5,324.5138317968","9.72627995956","1.4","Minimal","202607-10-Influenza B"
"202607","7","02/15/2026","02/21/2026","2025-2026","Influenza B","11","125th St PS","2026","5,487.5474440142","9.73937828807","1.5","Minimal","202607-11-Influenza B"
"202607","7","02/15/2026","02/21/2026","2025-2026","RSV","5","Chicago Lawn/Ashburn","2026","53,036.096556994","10.72457155261","6.8","Moderate","202607-5-RSV"
"202607","7","02/15/2026","02/21/2026","2025-2026","Influenza A","6","West Pullman/Roseland","2026","10,709.126508709","10.02975404899","2.9","Low","202607-6-Influenza A"
"202607","7","02/15/2026","02/21/2026","2025-2026","Influenza A","11","125th St PS","2026","43,906.967102972","10.64253343902","6.1","Low","202607-11-Influenza A"
"202607","7","02/15/2026","02/21/2026","2025-2026","Influenza B","9","North Branch PS","2026","21,902.9893850141","10.34050339269","5.3","Low","202607-9-Influenza B"
"202607","7","02/15/2026","02/21/2026","2025-2026","Influenza B","8","Little Village","2026","24,694.9115693465","10.39260747532","10.9","Moderate","202607-8-Influenza B"
"202607","7","02/15/2026","02/21/2026","2025-2026","Influenza A","10","Racine Ave PS","2026","26,624.813280062","10.42528657075","4.2","Low","202607-10-Influenza A"
"202607","7","02/15/2026","02/21/2026","2025-2026","RSV","8","Little Village","2026","82,195.6124208065","10.91484863564","9.8","High","202607-8-RSV"
"202607","7","02/15/2026","02/21/2026","2025-2026","RSV","4","Austin/Montclare","2026","73,211.9586079105","10.8645820255","8.4","High","202607-4-RSV"
"202607","7","02/15/2026","02/21/2026","2025-2026","SARS-CoV-2","4","Austin/Montclare","2026","385,413.15","11.58592652837","6.1","High","202607-4-SARS-CoV-2"
"202607","7","02/15/2026","02/21/2026","2025-2026","Influenza B","6","West Pullman/Roseland","2026","0",,"0","Minimal","202607-6-Influenza B"
"202607","7","02/15/2026","02/21/2026","2025-2026","RSV","9","North Branch PS","2026","27,305.8478829485","10.4362556665","4.2","Low","202607-9-RSV"
"202607","7","02/15/2026","02/21/2026","2025-2026","Influenza A","9","North Branch PS","2026","117,761.301090292","11.07100259534","13.5","High","202607-9-Influenza A"
"202607","7","02/15/2026","02/21/2026","2025-2026","SARS-CoV-2","11","125th St PS","2026","1,440,290.79","12.15845018358","36.9","Very High","202607-11-SARS-CoV-2"
"202607","7","02/15/2026","02/21/2026","2025-2026","Influenza B","999","All sites","2026","14,698.0522600034","10.16725978721","0","Minimal","202607-999-Influenza B"
"202607","7","02/15/2026","02/21/2026","2025-2026","RSV","6","West Pullman/Roseland","2026","64,268.299102488","10.80799680621","10.1","High","202607-6-RSV"
"202607","7","02/15/2026","02/21/2026","2025-2026","SARS-CoV-2","6","West Pullman/Roseland","2026","1,834,183.96","12.26344289121","38.3","Very High","202607-6-SARS-CoV-2"
"202607","7","02/15/2026","02/21/2026","2025-2026","Influenza A","8","Little Village","2026","16,452.701356762","10.21623721463","2.9","Low","202607-8-Influenza A"
"202607","7","02/15/2026","02/21/2026","2025-2026","SARS-CoV-2","999","All sites","2026","790,247.667857143","11.89776322284","15.9","Very High","202607-999-SARS-CoV-2"
"202607","7","02/15/2026","02/21/2026","2025-2026","SARS-CoV-2","5","Chicago Lawn/Ashburn","2026","979,471.95","11.99099200324","13.1","Very High","202607-5-SARS-CoV-2"
